benchmark,input_size,run,compilation_time_ms,execution_time_ms,opcode_executions,gc_count,gc_time_ms,peak_heap_usage_bytes,total_bytes_allocated,total_bytes_freed,anomaly_label,anomaly_score
allocation,1000000,1,0.0,703.0,21000019,90300,157.0,1048598,156001626,155999972,-1,-0.12010018546160917
allocation,1000000,2,0.0,592.0,21000019,90300,109.0,1048598,156001626,155999972,-1,-0.08060044060312455
allocation,1000000,3,0.0,637.0,21000019,90300,97.0,1048598,156001626,155999972,-1,-0.0255903364184753
allocation,1000000,4,0.0,633.0,21000019,90300,99.0,1048598,156001626,155999972,-1,-0.022038577249325786
allocation,1000000,5,0.0,663.0,21000019,90300,127.0,1048598,156001626,155999972,-1,-0.06806509356867008
allocation,100000,1,0.0,77.0,2100019,8481,16.0,1048598,15601626,15598568,1,0.02021726201297802
allocation,100000,2,0.0,154.0,2100019,8481,32.0,1048598,15601626,15598568,-1,-0.0035695961303550128
allocation,100000,3,0.0,86.0,2100019,8481,31.0,1048598,15601626,15598568,1,0.002900707589905571
allocation,100000,4,0.0,173.0,2100019,8481,20.0,1048598,15601626,15598568,1,0.0014365898043910974
allocation,100000,5,0.0,110.0,2100019,8481,6.0,1048598,15601626,15598568,-1,-0.00989768197186891
allocation,10000,1,0.0,13.0,210019,300,2.0,1048598,1561626,1559972,1,0.08961055410195018
allocation,10000,2,0.0,21.0,210019,300,12.0,1048598,1561626,1559972,1,0.00018787348054494224
allocation,10000,3,0.0,13.0,210019,300,2.0,1048598,1561626,1559972,1,0.08961055410195018
allocation,10000,4,0.0,14.0,210019,300,7.0,1048598,1561626,1559972,1,0.04203279298755769
allocation,10000,5,0.0,11.0,210019,300,0.0,1048598,1561626,1559972,1,0.030193520169490395
allocation,1000,1,0.0,1.0,21019,0,0.0,157498,157626,128,1,0.14594203167754372
allocation,1000,2,0.0,0.0,21019,0,0.0,157498,157626,128,1,0.1312161404680917
allocation,1000,3,0.0,2.0,21019,0,0.0,157498,157626,128,1,0.11037707637058713
allocation,1000,4,0.0,1.0,21019,0,0.0,157498,157626,128,1,0.14594203167754372
allocation,1000,5,0.0,0.0,21019,0,0.0,157498,157626,128,1,0.1312161404680917
arithmetic,10000000,1,0.0,6092.0,310000015,0,0.0,1386,1386,0,1,0.07140385837643837
arithmetic,10000000,2,0.0,5830.0,310000015,0,0.0,1386,1386,0,1,0.09713243950467398
arithmetic,10000000,3,0.0,5772.0,310000015,0,0.0,1386,1386,0,1,0.09645510046299988
arithmetic,10000000,4,0.0,5797.0,310000015,0,0.0,1386,1386,0,1,0.11105798584707183
arithmetic,10000000,5,0.0,6429.0,310000015,0,0.0,1386,1386,0,1,0.038332982837967045
arithmetic,1000000,1,0.0,671.0,31000015,0,0.0,1386,1386,0,1,0.19760860259797497
arithmetic,1000000,2,0.0,621.0,31000015,0,0.0,1386,1386,0,1,0.2212418626574435
arithmetic,1000000,3,0.0,613.0,31000015,0,0.0,1386,1386,0,1,0.22534875868825532
arithmetic,1000000,4,0.0,604.0,31000015,0,0.0,1386,1386,0,1,0.22231625425379598
arithmetic,1000000,5,0.0,758.0,31000015,0,0.0,1386,1386,0,1,0.17292195632838642
arithmetic,100000,1,0.0,75.0,3100015,0,0.0,1386,1386,0,1,0.29215207126776854
arithmetic,100000,2,0.0,73.0,3100015,0,0.0,1386,1386,0,1,0.29215207126776854
arithmetic,100000,3,0.0,70.0,3100015,0,0.0,1386,1386,0,1,0.2918234895626564
arithmetic,100000,4,0.0,72.0,3100015,0,0.0,1386,1386,0,1,0.29215207126776854
arithmetic,100000,5,0.0,147.0,3100015,0,0.0,1386,1386,0,1,0.27256365924013815
arithmetic,10000,1,0.0,8.0,310015,0,0.0,1386,1386,0,1,0.30070798919394376
arithmetic,10000,2,0.0,22.0,310015,0,0.0,1386,1386,0,1,0.30047201367646836
arithmetic,10000,3,0.0,18.0,310015,0,0.0,1386,1386,0,1,0.30173658963242606
arithmetic,10000,4,0.0,18.0,310015,0,0.0,1386,1386,0,1,0.30173658963242606
arithmetic,10000,5,0.0,21.0,310015,0,0.0,1386,1386,0,1,0.3012842483197726
closures,1000000,1,0.0,341.0,21000030,0,0.0,1613,1741,128,1,0.2215597713410798
closures,1000000,2,0.0,437.0,21000030,0,0.0,1613,1741,128,1,0.19214860373854142
closures,1000000,3,0.0,326.0,21000030,0,0.0,1613,1741,128,1,0.22974373847459817
closures,1000000,4,0.0,326.0,21000030,0,0.0,1613,1741,128,1,0.22974373847459817
closures,1000000,5,0.0,314.0,21000030,0,0.0,1613,1741,128,1,0.21845966933385447
closures,100000,1,0.0,80.0,2100030,0,0.0,1613,1741,128,1,0.2747515996812504
closures,100000,2,0.0,79.0,2100030,0,0.0,1613,1741,128,1,0.2747515996812504
closures,100000,3,0.0,66.0,2100030,0,0.0,1613,1741,128,1,0.2772808128558918
closures,100000,4,0.0,42.0,2100030,0,0.0,1613,1741,128,1,0.27504630246367545
closures,100000,5,0.0,43.0,2100030,0,0.0,1613,1741,128,1,0.2787154496360454
closures,10000,1,0.0,5.0,210030,0,0.0,1613,1741,128,1,0.29994694335490407
closures,10000,2,0.0,7.0,210030,0,0.0,1613,1741,128,1,0.2985698187176265
closures,10000,3,0.0,5.0,210030,0,0.0,1613,1741,128,1,0.29994694335490407
closures,10000,4,0.0,10.0,210030,0,0.0,1613,1741,128,1,0.2965282173736931
closures,10000,5,0.0,9.0,210030,0,0.0,1613,1741,128,1,0.298429647128781
closures,1000,1,0.0,0.0,21030,0,0.0,1613,1741,128,1,0.2965147301633859
closures,1000,2,0.0,0.0,21030,0,0.0,1613,1741,128,1,0.2965147301633859
closures,1000,3,0.0,0.0,21030,0,0.0,1613,1741,128,1,0.2965147301633859
closures,1000,4,0.0,0.0,21030,0,0.0,1613,1741,128,1,0.2965147301633859
closures,1000,5,0.0,1.0,21030,0,0.0,1613,1741,128,1,0.29428921675563396
functions,1000000,1,0.0,414.0,21000017,0,0.0,1210,1210,0,1,0.24239162929075497
functions,1000000,2,0.0,398.0,21000017,0,0.0,1210,1210,0,1,0.24617781349426665
functions,1000000,3,0.0,423.0,21000017,0,0.0,1210,1210,0,1,0.2369389884279709
functions,1000000,4,0.0,386.0,21000017,0,0.0,1210,1210,0,1,0.24571785291820297
functions,1000000,5,0.0,372.0,21000017,0,0.0,1210,1210,0,1,0.2410893238662965
functions,100000,1,0.0,75.0,2100017,0,0.0,1210,1210,0,1,0.28940200415690503
functions,100000,2,0.0,53.0,2100017,0,0.0,1210,1210,0,1,0.29251940857795633
functions,100000,3,0.0,48.0,2100017,0,0.0,1210,1210,0,1,0.2918577279690291
functions,100000,4,0.0,60.0,2100017,0,0.0,1210,1210,0,1,0.2915185856450365
functions,100000,5,0.0,45.0,2100017,0,0.0,1210,1210,0,1,0.292028835555744
functions,10000,1,0.0,3.0,210017,0,0.0,1210,1210,0,1,0.3027461008682718
functions,10000,2,0.0,13.0,210017,0,0.0,1210,1210,0,1,0.2993384340656859
functions,10000,3,0.0,6.0,210017,0,0.0,1210,1210,0,1,0.3028008746267936
functions,10000,4,0.0,4.0,210017,0,0.0,1210,1210,0,1,0.3027461008682718
functions,10000,5,0.0,5.0,210017,0,0.0,1210,1210,0,1,0.3028008746267936
functions,1000,1,0.0,0.0,21017,0,0.0,1210,1210,0,1,0.2975375818556628
functions,1000,2,0.0,1.0,21017,0,0.0,1210,1210,0,1,0.29882161985846306
functions,1000,3,0.0,0.0,21017,0,0.0,1210,1210,0,1,0.2975375818556628
functions,1000,4,0.0,1.0,21017,0,0.0,1210,1210,0,1,0.29882161985846306
functions,1000,5,0.0,0.0,21017,0,0.0,1210,1210,0,1,0.2975375818556628
inheritance,1000000,1,0.0,492.0,25000034,0,0.0,2667,2795,256,1,0.17541117861271266
inheritance,1000000,2,0.0,479.0,25000034,0,0.0,2667,2795,256,1,0.18223315851445676
inheritance,1000000,3,0.0,511.0,25000034,0,0.0,2667,2795,256,1,0.15607792355325878
inheritance,1000000,4,0.0,484.0,25000034,0,0.0,2667,2795,256,1,0.18103623418882198
inheritance,1000000,5,0.0,476.0,25000034,0,0.0,2667,2795,256,1,0.1757564754280248
inheritance,100000,1,0.0,52.0,2500034,0,0.0,2667,2795,256,1,0.232447746844878
inheritance,100000,2,0.0,54.0,2500034,0,0.0,2667,2795,256,1,0.23357276688036194
inheritance,100000,3,0.0,56.0,2500034,0,0.0,2667,2795,256,1,0.23244473044224473
inheritance,100000,4,0.0,94.0,2500034,0,0.0,2667,2795,256,1,0.21550271733419374
inheritance,100000,5,0.0,72.0,2500034,0,0.0,2667,2795,256,1,0.22452402866628096
inheritance,10000,1,0.0,6.0,250034,0,0.0,2667,2795,256,1,0.25972034421304735
inheritance,10000,2,0.0,9.0,250034,0,0.0,2667,2795,256,1,0.25015936773268327
inheritance,10000,3,0.0,3.0,250034,0,0.0,2667,2795,256,1,0.25690940376935784
inheritance,10000,4,0.0,6.0,250034,0,0.0,2667,2795,256,1,0.25972034421304735
inheritance,10000,5,0.0,5.0,250034,0,0.0,2667,2795,256,1,0.25923959912508626
inheritance,1000,1,0.0,8.0,25034,0,0.0,2667,2795,256,1,0.2480381586348258
inheritance,1000,2,0.0,2.0,25034,0,0.0,2667,2795,256,1,0.2553081725483867
inheritance,1000,3,0.0,0.0,25034,0,0.0,2667,2795,256,1,0.25238478154974675
inheritance,1000,4,0.0,0.0,25034,0,0.0,2667,2795,256,1,0.25238478154974675
inheritance,1000,5,0.0,0.0,25034,0,0.0,2667,2795,256,1,0.25238478154974675
loops,10000000,1,0.0,4618.0,235000015,0,0.0,1385,1385,0,1,0.0910267143997644
loops,10000000,2,0.0,4652.0,235000015,0,0.0,1385,1385,0,1,0.08797813131631171
loops,10000000,3,0.0,4344.0,235000015,0,0.0,1385,1385,0,1,0.10166227648171111
loops,10000000,4,0.0,4279.0,235000015,0,0.0,1385,1385,0,1,0.07938786024315969
loops,10000000,5,0.0,4408.0,235000015,0,0.0,1385,1385,0,1,0.0961839057030589
loops,1000000,1,0.0,442.0,23500015,0,0.0,1385,1385,0,1,0.2392412014852277
loops,1000000,2,0.0,402.0,23500015,0,0.0,1385,1385,0,1,0.2526381847429577
loops,1000000,3,0.0,400.0,23500015,0,0.0,1385,1385,0,1,0.2522292851485729
loops,1000000,4,0.0,406.0,23500015,0,0.0,1385,1385,0,1,0.2544297536876603
loops,1000000,5,0.0,407.0,23500015,0,0.0,1385,1385,0,1,0.2540049245199182
loops,100000,1,0.0,53.0,2350015,0,0.0,1385,1385,0,1,0.2991825079569831
loops,100000,2,0.0,51.0,2350015,0,0.0,1385,1385,0,1,0.2985883379947444
loops,100000,3,0.0,101.0,2350015,0,0.0,1385,1385,0,1,0.2940877942126763
loops,100000,4,0.0,71.0,2350015,0,0.0,1385,1385,0,1,0.29895442828871793
loops,100000,5,0.0,118.0,2350015,0,0.0,1385,1385,0,1,0.28708662152504
loops,10000,1,0.0,6.0,235015,0,0.0,1385,1385,0,1,0.3074923499364411
loops,10000,2,0.0,5.0,235015,0,0.0,1385,1385,0,1,0.3074923499364411
loops,10000,3,0.0,10.0,235015,0,0.0,1385,1385,0,1,0.30397646901844594
loops,10000,4,0.0,7.0,235015,0,0.0,1385,1385,0,1,0.30596555295995403
loops,10000,5,0.0,5.0,235015,0,0.0,1385,1385,0,1,0.3074923499364411
objects,1000000,1,0.0,483.0,23000036,0,0.0,2576,2704,128,1,0.20054455320796843
objects,1000000,2,0.0,469.0,23000036,0,0.0,2576,2704,128,1,0.20575686353280764
objects,1000000,3,0.0,436.0,23000036,0,0.0,2576,2704,128,1,0.20405983870586092
objects,1000000,4,0.0,404.0,23000036,0,0.0,2576,2704,128,1,0.2039090952118081
objects,1000000,5,0.0,416.0,23000036,0,0.0,2576,2704,128,1,0.20684429690392458
objects,100000,1,0.0,57.0,2300036,0,0.0,2576,2704,128,1,0.27019308829701755
objects,100000,2,0.0,75.0,2300036,0,0.0,2576,2704,128,1,0.2607306536405737
objects,100000,3,0.0,45.0,2300036,0,0.0,2576,2704,128,1,0.271314554229554
objects,100000,4,0.0,58.0,2300036,0,0.0,2576,2704,128,1,0.2696328217517249
objects,100000,5,0.0,50.0,2300036,0,0.0,2576,2704,128,1,0.27076863690098657
objects,10000,1,0.0,5.0,230036,0,0.0,2576,2704,128,1,0.29062568267272487
objects,10000,2,0.0,6.0,230036,0,0.0,2576,2704,128,1,0.2902026125848935
objects,10000,3,0.0,12.0,230036,0,0.0,2576,2704,128,1,0.2840531045217682
objects,10000,4,0.0,7.0,230036,0,0.0,2576,2704,128,1,0.2878762227684557
objects,10000,5,0.0,5.0,230036,0,0.0,2576,2704,128,1,0.29062568267272487
objects,1000,1,0.0,0.0,23036,0,0.0,2576,2704,128,1,0.28251956574965603
objects,1000,2,0.0,1.0,23036,0,0.0,2576,2704,128,1,0.287431763718989
objects,1000,3,0.0,1.0,23036,0,0.0,2576,2704,128,1,0.287431763718989
objects,1000,4,0.0,1.0,23036,0,0.0,2576,2704,128,1,0.287431763718989
objects,1000,5,0.0,1.0,23036,0,0.0,2576,2704,128,1,0.287431763718989
recursion,20,1,0.0,7.0,284588,0,0.0,1151,1151,0,1,0.28666445558790643
recursion,20,2,0.0,8.0,284588,0,0.0,1151,1151,0,1,0.2845725937089533
recursion,20,3,0.0,6.0,284588,0,0.0,1151,1151,0,1,0.28905217773155667
recursion,20,4,0.0,6.0,284588,0,0.0,1151,1151,0,1,0.28905217773155667
recursion,20,5,0.0,6.0,284588,0,0.0,1151,1151,0,1,0.28905217773155667
recursion,25,1,0.0,64.0,3156210,0,0.0,1151,1151,0,1,0.2709554697283379
recursion,25,2,0.0,126.0,3156210,0,0.0,1151,1151,0,1,0.26082762878418225
recursion,25,3,0.0,128.0,3156210,0,0.0,1151,1151,0,1,0.26082762878418225
recursion,25,4,0.0,56.0,3156210,0,0.0,1151,1151,0,1,0.2691947611487605
recursion,25,5,0.0,70.0,3156210,0,0.0,1151,1151,0,1,0.2702107034491802
recursion,30,1,0.0,621.0,35002986,0,0.0,1151,1151,0,1,0.16712390884785966
recursion,30,2,0.0,562.0,35002986,0,0.0,1151,1151,0,1,0.19751577265771042
recursion,30,3,0.0,551.0,35002986,0,0.0,1151,1151,0,1,0.19960300189384816
recursion,30,4,0.0,527.0,35002986,0,0.0,1151,1151,0,1,0.20098998650144861
recursion,30,5,0.0,530.0,35002986,0,0.0,1151,1151,0,1,0.20061939321506989
recursion,35,1,0.0,7325.0,388189144,0,0.0,1151,1151,0,-1,-0.017047197638208278
recursion,35,2,0.0,6876.0,388189144,0,0.0,1151,1151,0,1,0.022702580395484784
recursion,35,3,0.0,6422.0,388189144,0,0.0,1151,1151,0,1,0.07732856417198464
recursion,35,4,0.0,6423.0,388189144,0,0.0,1151,1151,0,1,0.07862326645716367
recursion,35,5,0.0,6473.0,388189144,0,0.0,1151,1151,0,1,0.04719232933512363
