benchmark,n,exec_ms_mean,exec_ms_median,exec_ms_std,exec_ms_min,exec_ms_max,opcodes_mean,opcodes_median,opcodes_std,opcodes_min,opcodes_max,gc_count_mean,gc_count_median,gc_count_std,gc_count_min,gc_count_max,gc_ms_mean,gc_ms_median,gc_ms_std,gc_ms_min,gc_ms_max,peak_heap_bytes_mean,peak_heap_bytes_median,peak_heap_bytes_std,peak_heap_bytes_min,peak_heap_bytes_max,bytes_allocated_mean,bytes_allocated_median,bytes_allocated_std,bytes_allocated_min,bytes_allocated_max,bytes_freed_mean,bytes_freed_median,bytes_freed_std,bytes_freed_min,bytes_freed_max,exec_ms_cv,opcodes_cv,gc_count_cv,gc_ms_cv,peak_heap_bytes_cv,bytes_allocated_cv,bytes_freed_cv,ms_per_million_opcodes,gc_overhead_pct
arithmetic,40000,20.4,20.0,6.323744427927459,10,47,1120020.0,1120020.0,0.0,1120020,1120020,0.0,0.0,0.0,0,0,0.0,0.0,0.0,0,0,1145.0,1145.0,0.0,1145,1145,1145.0,1145.0,0.0,1145,1145,0.0,0.0,0.0,0,0,30.998747195722842,0.0,0.0,0.0,0.0,0.0,0.0,18.213960464991693,0.0
arithmetic,49100,26.0,24.5,9.524597037037772,10,55,1374820.0,1374820.0,0.0,1374820,1374820,0.0,0.0,0.0,0,0,0.0,0.0,0.0,0,0,1145.0,1145.0,0.0,1145,1145,1145.0,1145.0,0.0,1145,1145,0.0,0.0,0.0,0,0,36.633065527068354,0.0,0.0,0.0,0.0,0.0,0.0,18.911566605082847,0.0
arithmetic,60400,31.425,30.0,6.931487056938997,18,53,1691220.0,1691220.0,0.0,1691220,1691220,0.0,0.0,0.0,0,0,0.0,0.0,0.0,0,0,1145.0,1145.0,0.0,1145,1145,1145.0,1145.0,0.0,1145,1145,0.0,0.0,0.0,0,0,22.057238049129666,0.0,0.0,0.0,0.0,0.0,0.0,18.58126086493774,0.0
arithmetic,74200,38.125,35.5,9.462984567411958,27,64,2077620.0,2077620.0,0.0,2077620,2077620,0.0,0.0,0.0,0,0,0.0,0.0,0.0,0,0,1145.0,1145.0,0.0,1145,1145,1145.0,1145.0,0.0,1145,1145,0.0,0.0,0.0,0,0,24.820943127637925,0.0,0.0,0.0,0.0,0.0,0.0,18.350323928341084,0.0
arithmetic,91100,41.225,41.5,4.927617097178945,26,55,2550820.0,2550820.0,0.0,2550820,2550820,0.0,0.0,0.0,0,0,0.0,0.0,0.0,0,0,1145.0,1145.0,0.0,1145,1145,1145.0,1145.0,0.0,1145,1145,0.0,0.0,0.0,0,0,11.952982649312176,0.0,0.0,0.0,0.0,0.0,0.0,16.161469645055316,0.0
arithmetic,112000,60.125,57.0,13.458745131431106,41,110,3136020.0,3136020.0,0.0,3136020,3136020,0.0,0.0,0.0,0,0,0.0,0.0,0.0,0,0,1145.0,1145.0,0.0,1145,1145,1145.0,1145.0,0.0,1145,1145,0.0,0.0,0.0,0,0,22.384607287203504,0.0,0.0,0.0,0.0,0.0,0.0,19.172390482203557,0.0
arithmetic,138000,63.25,62.0,7.344106306140823,52,93,3864020.0,3864020.0,0.0,3864020,3864020,0.0,0.0,0.0,0,0,0.0,0.0,0.0,0,0,1145.0,1145.0,0.0,1145,1145,1145.0,1145.0,0.0,1145,1145,0.0,0.0,0.0,0,0,11.611235266625807,0.0,0.0,0.0,0.0,0.0,0.0,16.368962893566803,0.0
arithmetic,169000,73.45,73.0,7.834669825975522,62,97,4732020.0,4732020.0,0.0,4732020,4732020,0.0,0.0,0.0,0,0,0.0,0.0,0.0,0,0,1145.0,1145.0,0.0,1145,1145,1145.0,1145.0,0.0,1145,1145,0.0,0.0,0.0,0,0,10.66667096797212,0.0,0.0,0.0,0.0,0.0,0.0,15.521912417952587,0.0
arithmetic,208000,88.05,88.0,6.9094880882034735,71,103,5824020.0,5824020.0,0.0,5824020,5824020,0.0,0.0,0.0,0,0,0.0,0.0,0.0,0,0,1145.0,1145.0,0.0,1145,1145,1145.0,1145.0,0.0,1145,1145,0.0,0.0,0.0,0,0,7.847232354575212,0.0,0.0,0.0,0.0,0.0,0.0,15.118423357062648,0.0
arithmetic,255000,105.25,107.5,8.631338250816034,84,126,7140020.0,7140020.0,0.0,7140020,7140020,0.0,0.0,0.0,0,0,0.0,0.0,0.0,0,0,1145.0,1145.0,0.0,1145,1145,1145.0,1145.0,0.0,1145,1145,0.0,0.0,0.0,0,0,8.200796437829961,0.0,0.0,0.0,0.0,0.0,0.0,14.740855067632864,0.0
arithmetic,314000,117.375,115.5,9.903864824478296,103,165,8792020.0,8792020.0,0.0,8792020,8792020,0.0,0.0,0.0,0,0,0.0,0.0,0.0,0,0,1145.0,1145.0,0.0,1145,1145,1145.0,1145.0,0.0,1145,1145,0.0,0.0,0.0,0,0,8.437797507542744,0.0,0.0,0.0,0.0,0.0,0.0,13.350174362660685,0.0
arithmetic,385000,145.125,143.0,9.260302647765089,131,171,10780020.0,10780020.0,0.0,10780020,10780020,0.0,0.0,0.0,0,0,0.0,0.0,0.0,0,0,1145.0,1145.0,0.0,1145,1145,1145.0,1145.0,0.0,1145,1145,0.0,0.0,0.0,0,0,6.380914830501354,0.0,0.0,0.0,0.0,0.0,0.0,13.462405450082652,0.0
arithmetic,473000,183.4,182.5,14.052648258492885,159,259,13244020.0,13244020.0,0.0,13244020,13244020,0.0,0.0,0.0,0,0,0.0,0.0,0.0,0,0,1145.0,1145.0,0.0,1145,1145,1145.0,1145.0,0.0,1145,1145,0.0,0.0,0.0,0,0,7.662294579330908,0.0,0.0,0.0,0.0,0.0,0.0,13.847759215102363,0.0
arithmetic,581000,221.325,218.0,16.35721043862104,201,308,16268020.0,16268020.0,0.0,16268020,16268020,0.0,0.0,0.0,0,0,0.0,0.0,0.0,0,0,1145.0,1145.0,0.0,1145,1145,1145.0,1145.0,0.0,1145,1145,0.0,0.0,0.0,0,0,7.390584181010297,0.0,0.0,0.0,0.0,0.0,0.0,13.604913197795428,0.0
arithmetic,714000,265.275,265.5,7.316954319443337,251,287,19992020.0,19992020.0,0.0,19992020,19992020,0.0,0.0,0.0,0,0,0.0,0.0,0.0,0,0,1145.0,1145.0,0.0,1145,1145,1145.0,1145.0,0.0,1145,1145,0.0,0.0,0.0,0,0,2.758252500025761,0.0,0.0,0.0,0.0,0.0,0.0,13.269044348695129,0.0
arithmetic,878000,322.15,320.0,12.388062906043977,307,370,24584020.0,24584020.0,0.0,24584020,24584020,0.0,0.0,0.0,0,0,0.0,0.0,0.0,0,0,1145.0,1145.0,0.0,1145,1145,1145.0,1145.0,0.0,1145,1145,0.0,0.0,0.0,0,0,3.8454331541344025,0.0,0.0,0.0,0.0,0.0,0.0,13.104040754929422,0.0
arithmetic,1080000,387.275,386.0,10.898100281406373,363,417,30240020.0,30240020.0,0.0,30240020,30240020,0.0,0.0,0.0,0,0,0.0,0.0,0.0,0,0,1145.0,1145.0,0.0,1145,1145,1145.0,1145.0,0.0,1145,1145,0.0,0.0,0.0,0,0,2.8140469385853395,0.0,0.0,0.0,0.0,0.0,0.0,12.806704492920307,0.0
arithmetic,1320000,469.85,465.0,13.695498043761202,451,506,36960020.0,36960020.0,0.0,36960020,36960020,0.0,0.0,0.0,0,0,0.0,0.0,0.0,0,0,1145.0,1145.0,0.0,1145,1145,1145.0,1145.0,0.0,1145,1145,0.0,0.0,0.0,0,0,2.9148660303844207,0.0,0.0,0.0,0.0,0.0,0.0,12.71238489589562,0.0
arithmetic,1630000,574.2,572.0,16.456936811896956,545,624,45640020.0,45640020.0,0.0,45640020,45640020,0.0,0.0,0.0,0,0,0.0,0.0,0.0,0,0,1145.0,1145.0,0.0,1145,1145,1145.0,1145.0,0.0,1145,1145,0.0,0.0,0.0,0,0,2.8660635339423464,0.0,0.0,0.0,0.0,0.0,0.0,12.58106372433667,0.0
arithmetic,2000000,688.55,686.0,15.91797886925507,662,733,56000020.0,56000020.0,0.0,56000020,56000020,0.0,0.0,0.0,0,0,0.0,0.0,0.0,0,0,1145.0,1145.0,0.0,1145,1145,1145.0,1145.0,0.0,1145,1145,0.0,0.0,0.0,0,0,2.3118116141536666,0.0,0.0,0.0,0.0,0.0,0.0,12.295531323024527,0.0
classes,12000,15.525,16.0,5.3779583391316725,0,26,396032.0,396032.0,0.0,396032,396032,2.0,2.0,0.0,2,2,3.125,2.0,3.3755341457657884,0,14,1048657.0,1048657.0,0.0,1048657,1048657,2210221.0,2210221.0,0.0,2210221,2210221,2092576.0,2092576.0,0.0,2092576,2092576,34.6406334243586,0.0,0.0,108.01709266450523,0.0,0.0,0.0,39.201377666451194,20.128824476650564
classes,14700,17.7,18.0,5.326277383804825,5,30,485132.0,485132.0,0.0,485132,485132,2.0,2.0,0.0,2,2,2.8,2.0,2.398717606106678,0,12,1048657.0,1048657.0,0.0,1048657,1048657,2707021.0,2707021.0,0.0,2707021,2707021,2092576.0,2092576.0,0.0,2092576,2092576,30.091962620366246,0.0,0.0,85.66848593238137,0.0,0.0,0.0,36.484915445693126,15.81920903954802
classes,18100,21.7,21.5,10.051661426644724,3,64,597332.0,597332.0,0.0,597332,597332,3.0,3.0,0.0,3,3,4.375,3.0,4.149065387499164,0,17,1048657.0,1048657.0,0.0,1048657,1048657,3332621.0,3332621.0,0.0,3332621,3332621,3138800.0,3138800.0,0.0,3138800,3138800,46.32102039928444,0.0,0.0,94.83578028569517,0.0,0.0,0.0,36.328206089745734,20.161290322580648
classes,22300,26.3,26.5,8.473790663282177,11,59,735932.0,735932.0,0.0,735932,735932,3.0,3.0,0.0,3,3,4.375,3.0,4.22864165618349,0,17,1048657.0,1048657.0,0.0,1048657,1048657,4105421.0,4105421.0,0.0,4105421,4105421,3138800.0,3138800.0,0.0,3138800,3138800,32.219736362289645,0.0,0.0,96.65466642705121,0.0,0.0,0.0,35.73699743998087,16.634980988593156
classes,27300,32.925,32.5,5.0656586379164406,20,46,900932.0,900932.0,0.0,900932,900932,4.0,4.0,0.0,4,4,5.3,4.0,3.9366782821861244,0,16,1048657.0,1048657.0,0.0,1048657,1048657,5025421.0,5025421.0,0.0,5025421,5025421,4185024.0,4185024.0,0.0,4185024,4185024,15.385447647430345,0.0,0.0,74.27694872049292,0.0,0.0,0.0,36.54548844973871,16.097190584662112
classes,33600,39.55,38.0,4.771442828607157,33,60,1108832.0,1108832.0,0.0,1108832,1108832,5.0,5.0,0.0,5,5,6.45,5.0,4.379146386788535,1,19,1048657.0,1048657.0,0.0,1048657,1048657,6184621.0,6184621.0,0.0,6184621,6184621,5231248.0,5231248.0,0.0,5231248,5231248,12.064330792938451,0.0,0.0,67.89374243083,0.0,0.0,0.0,35.66816253499177,16.308470290771176
classes,41300,47.375,47.0,5.419279448744985,36,71,1362932.0,1362932.0,0.0,1362932,1362932,7.0,7.0,0.0,7,7,9.1,8.5,4.112519971115096,4,21,1048657.0,1048657.0,0.0,1048657,1048657,7601421.0,7601421.0,0.0,7601421,7601421,7323696.0,7323696.0,0.0,7323696,7323696,11.439112292865403,0.0,0.0,45.192527155110945,0.0,0.0,0.0,34.75962116965483,19.20844327176781
classes,50700,54.25,53.0,5.504077742444395,47,79,1673132.0,1673132.0,0.0,1673132,1673132,8.0,8.0,0.0,8,8,11.725,10.0,5.724385534150347,4,26,1048657.0,1048657.0,0.0,1048657,1048657,9331021.0,9331021.0,0.0,9331021,9331021,8369920.0,8369920.0,0.0,8369920,8369920,10.145765423860636,0.0,0.0,48.82205146396885,0.0,0.0,0.0,32.42421996590825,21.612903225806452
classes,62300,67.675,67.0,7.891532300591694,49,90,2055932.0,2055932.0,0.0,2055932,2055932,10.0,10.0,0.0,10,10,14.65,12.5,7.198824690397518,4,29,1048657.0,1048657.0,0.0,1048657,1048657,11465421.0,11465421.0,0.0,11465421,11465421,10462368.0,10462368.0,0.0,10462368,10462368,11.66092693105533,0.0,0.0,49.13873508803766,0.0,0.0,0.0,32.91694472385274,21.647580347247878
classes,76600,87.35,87.5,10.166687683879074,64,109,2527832.0,2527832.0,0.0,2527832,2527832,13.0,13.0,0.0,13,13,20.25,18.0,8.717062549229498,6,41,1048657.0,1048657.0,0.0,1048657,1048657,14096621.0,14096621.0,0.0,14096621,14096621,13601040.0,13601040.0,0.0,13601040,13601040,11.639024251721894,0.0,0.0,43.047222465330854,0.0,0.0,0.0,34.55530272581405,23.18259874069834
classes,94100,130.125,114.5,45.135799368299494,85,279,3105332.0,3105332.0,0.0,3105332,3105332,16.0,16.0,0.0,16,16,27.675,24.5,16.251844076825126,5,71,1048657.0,1048657.0,0.0,1048657,1048657,17316621.0,17316621.0,0.0,17316621,17316621,16739712.0,16739712.0,0.0,16739712,16739712,34.68649327054717,0.0,0.0,58.723917170099824,0.0,0.0,0.0,41.90373203251697,21.268011527377524
classes,116000,144.95,142.5,28.21887893246519,105,217,3828032.0,3828032.0,0.0,3828032,3828032,20.0,20.0,0.0,20,20,31.7,31.0,10.701545538990008,12,62,1048657.0,1048657.0,0.0,1048657,1048657,21346221.0,21346221.0,0.0,21346221,21346221,20924608.0,20924608.0,0.0,20924608,20924608,19.468008922018072,0.0,0.0,33.75881873498425,0.0,0.0,0.0,37.865409693544876,21.869610210417388
classes,142000,189.825,178.5,29.967407509167565,159,287,4686032.0,4686032.0,0.0,4686032,4686032,24.0,24.0,0.0,24,24,38.025,37.5,10.64457849245574,12,68,1048657.0,1048657.0,0.0,1048657,1048657,26130221.0,26130221.0,0.0,26130221,26130221,25109504.0,25109504.0,0.0,25109504,25109504,15.78686027086399,0.0,0.0,27.99363180133002,0.0,0.0,0.0,40.50868624029883,20.031608060055316
classes,174000,197.9,192.0,26.412700907532514,162,287,5742032.0,5742032.0,0.0,5742032,5742032,30.0,30.0,0.0,30,30,42.4,40.0,15.041481105468101,10,84,1048657.0,1048657.0,0.0,1048657,1048657,32018221.0,32018221.0,0.0,32018221,32018221,31386848.0,31386848.0,0.0,31386848,31386848,13.346488583897177,0.0,0.0,35.47519128648137,0.0,0.0,0.0,34.46515101274253,21.424962102071753
classes,214000,223.125,216.0,26.877869554614477,195,342,7062032.0,7062032.0,0.0,7062032,7062032,37.0,37.0,0.0,37,37,42.45,40.5,17.884171486082035,18,87,1048657.0,1048657.0,0.0,1048657,1048657,39378221.0,39378221.0,0.0,39378221,39378221,38710416.0,38710416.0,0.0,38710416,38710416,12.046104002068112,0.0,0.0,42.12996816509313,0.0,0.0,0.0,31.595014012963972,19.025210084033613
classes,263000,269.175,264.5,30.596537008672676,232,422,8679032.0,8679032.0,0.0,8679032,8679032,46.0,46.0,0.0,46,46,48.85,48.0,18.583905360863696,14,91,1048657.0,1048657.0,0.0,1048657,1048657,48394221.0,48394221.0,0.0,48394221,48394221,48126432.0,48126432.0,0.0,48126432,48126432,11.36678257961277,0.0,0.0,38.04279500688577,0.0,0.0,0.0,31.014403449601296,18.14804495216866
classes,324000,324.075,316.0,31.850119751817708,284,449,10692032.0,10692032.0,0.0,10692032,10692032,56.0,56.0,0.0,56,56,58.225,58.0,17.947912527716536,11,91,1048657.0,1048657.0,0.0,1048657,1048657,59618221.0,59618221.0,0.0,59618221,59618221,58588672.0,58588672.0,0.0,58588672,58588672,9.828008871964116,0.0,0.0,30.825096655588723,0.0,0.0,0.0,30.30995417896243,17.966520095656872
classes,397000,373.475,374.0,20.546367200266943,336,428,13101032.0,13101032.0,0.0,13101032,13101032,69.0,69.0,0.0,69,69,72.15,70.0,20.04936216134875,28,113,1048657.0,1048657.0,0.0,1048657,1048657,73050221.0,73050221.0,0.0,73050221,73050221,72189584.0,72189584.0,0.0,72189584,72189584,5.501403628159031,0.0,0.0,27.78844374407311,0.0,0.0,0.0,28.507296219107015,19.318562152754534
classes,488000,480.85,463.0,58.63907422223704,416,653,16104032.0,16104032.0,0.0,16104032,16104032,85.0,85.0,0.0,85,85,92.275,91.5,26.041374870160084,33,145,1048657.0,1048657.0,0.0,1048657,1048657,89794221.0,89794221.0,0.0,89794221,89794221,88929168.0,88929168.0,0.0,88929168,88929168,12.19487869860394,0.0,0.0,28.221484551785515,0.0,0.0,0.0,29.858981899688228,19.189976084017886
classes,600000,544.075,543.0,22.798321463179295,497,601,19800032.0,19800032.0,0.0,19800032,19800032,105.0,105.0,0.0,105,105,109.55,111.0,31.2901639333251,52,187,1048657.0,1048657.0,0.0,1048657,1048657,110402221.0,110402221.0,0.0,110402221,110402221,109853648.0,109853648.0,0.0,109853648,109853648,4.19029021057378,0.0,0.0,28.5624499619581,0.0,0.0,0.0,27.47849094385302,20.135091669347055
closures,14000,23.85,22.0,11.50150491825376,10,55,546040.0,546040.0,0.0,546040,546040,0.0,0.0,0.0,0,0,0.0,0.0,0.0,0,0,842577.0,842577.0,0.0,842577,842577,842705.0,842705.0,0.0,842705,842705,128.0,128.0,0.0,128,128,48.224339279889975,0.0,0.0,0.0,0.0,0.0,0.0,43.678118819134134,0.0
closures,17200,34.475,33.0,12.184453103684934,14,62,670840.0,670840.0,0.0,670840,670840,0.0,0.0,0.0,0,0,0.0,0.0,0.0,0,0,1034577.0,1034577.0,0.0,1034577,1034577,1034705.0,1034705.0,0.0,1034705,1034705,128.0,128.0,0.0,128,128,35.342866145569054,0.0,0.0,0.0,0.0,0.0,0.0,51.39079363186453,0.0
closures,21100,48.375,49.0,10.307297638827773,26,72,822940.0,822940.0,0.0,822940,822940,1.0,1.0,0.0,1,1,7.275,8.0,3.0126868491899477,0,14,1048585.0,1048585.0,0.0,1048585,1048585,1268705.0,1268705.0,0.0,1268705,1268705,1046108.0,1046108.0,0.0,1046108,1046108,21.30707522238299,0.0,0.0,41.41150308164877,0.0,0.0,0.0,58.78314336403626,15.038759689922482
closures,26000,61.125,60.5,6.85448571075718,48,74,1014040.0,1014040.0,0.0,1014040,1014040,1.0,1.0,0.0,1,1,6.45,8.0,3.7686289420111523,0,16,1048585.0,1048585.0,0.0,1048585,1048585,1562705.0,1562705.0,0.0,1562705,1562705,1046108.0,1046108.0,0.0,1046108,1046108,11.213882553385979,0.0,0.0,58.42835569009538,0.0,0.0,0.0,60.278687231272926,10.552147239263803
closures,31900,54.475,52.5,21.461937088476972,27,125,1244140.0,1244140.0,0.0,1244140,1244140,1.0,1.0,0.0,1,1,5.325,5.0,3.361833291066509,0,13,1048585.0,1048585.0,0.0,1048585,1048585,1916705.0,1916705.0,0.0,1916705,1916705,1046108.0,1046108.0,0.0,1046108,1046108,39.397773452917804,0.0,0.0,63.133019550544766,0.0,0.0,0.0,43.78526532383815,9.775126204681046
closures,39200,50.775,45.0,13.85915877863018,31,86,1528840.0,1528840.0,0.0,1528840,1528840,2.0,2.0,0.0,2,2,7.675,7.0,6.482273659363032,0,27,1048585.0,1048585.0,0.0,1048585,1048585,2354705.0,2354705.0,0.0,2354705,2354705,2092088.0,2092088.0,0.0,2092088,2092088,27.2952413168492,0.0,0.0,84.45959165293853,0.0,0.0,0.0,33.21145443604301,15.115706548498276
closures,48200,67.675,55.0,30.92703364786882,32,176,1879840.0,1879840.0,0.0,1879840,1879840,2.0,2.0,0.0,2,2,8.025,7.5,6.600262232552697,0,27,1048585.0,1048585.0,0.0,1048585,1048585,2894705.0,2894705.0,0.0,2894705,2894705,2092088.0,2092088.0,0.0,2092088,2092088,45.69934783578696,0.0,0.0,82.24625834956632,0.0,0.0,0.0,36.00040428972679,11.858145548577763
closures,59200,95.075,81.5,36.8311375375197,54,182,2308840.0,2308840.0,0.0,2308840,2308840,3.0,3.0,0.0,3,3,11.525,11.0,7.4385947804469295,1,33,1048585.0,1048585.0,0.0,1048585,1048585,3554705.0,3554705.0,0.0,3554705,3554705,3138068.0,3138068.0,0.0,3138068,3138068,38.73903501185348,0.0,0.0,64.54312173923583,0.0,0.0,0.0,41.17868713293256,12.122008940310282
closures,72700,102.325,86.0,37.95164771261669,60,219,2835340.0,2835340.0,0.0,2835340,2835340,4.0,4.0,0.0,4,4,14.85,12.5,10.890009535914452,0,39,1048585.0,1048585.0,0.0,1048585,1048585,4364705.0,4364705.0,0.0,4364705,4364705,4184048.0,4184048.0,0.0,4184048,4184048,37.08932099938108,0.0,0.0,73.33339754824547,0.0,0.0,0.0,36.089146275226256,14.512582457854872
closures,89300,102.85,90.0,35.0527441407213,68,213,3482740.0,3482740.0,0.0,3482740,3482740,5.0,5.0,0.0,5,5,12.925,12.0,8.447082640071962,0,29,1048585.0,1048585.0,0.0,1048585,1048585,5360705.0,5360705.0,0.0,5360705,5360705,5230028.0,5230028.0,0.0,5230028,5230028,34.08142356900467,0.0,0.0,65.35460456535367,0.0,0.0,0.0,29.53134600917668,12.566844919786096
closures,110000,114.85,111.0,30.298133986714806,92,246,4290040.0,4290040.0,0.0,4290040,4290040,6.0,6.0,0.0,6,6,14.825,11.0,11.464297981347492,0,46,1048585.0,1048585.0,0.0,1048585,1048585,6602705.0,6602705.0,0.0,6602705,6602705,6276008.0,6276008.0,0.0,6276008,6276008,26.380612961876192,0.0,0.0,77.33084641718376,0.0,0.0,0.0,26.771312155597613,12.908141053548105
closures,135000,137.775,132.5,34.28948220290866,109,333,5265040.0,5265040.0,0.0,5265040,5265040,7.0,7.0,0.0,7,7,17.3,18.0,12.372840396900765,0,44,1048585.0,1048585.0,0.0,1048585,1048585,8102705.0,8102705.0,0.0,8102705,8102705,7321988.0,7321988.0,0.0,7321988,7321988,24.888029180118785,0.0,0.0,71.51930865260557,0.0,0.0,0.0,26.16789236169146,12.556704772273635
closures,166000,181.0,167.5,51.1262890878796,139,369,6474040.0,6474040.0,0.0,6474040,6474040,9.0,9.0,0.0,9,9,28.65,29.0,16.535199439765474,2,70,1048585.0,1048585.0,0.0,1048585,1048585,9962705.0,9962705.0,0.0,9962705,9962705,9413948.0,9413948.0,0.0,9413948,9413948,28.246568556839556,0.0,0.0,57.7144832103507,0.0,0.0,0.0,27.957813050274638,15.828729281767956
closures,204000,219.375,200.0,48.47451749273886,172,378,7956040.0,7956040.0,0.0,7956040,7956040,11.0,11.0,0.0,11,11,33.85,31.0,13.781351204640313,12,70,1048585.0,1048585.0,0.0,1048585,1048585,12242705.0,12242705.0,0.0,12242705,12242705,11505908.0,11505908.0,0.0,11505908,11505908,22.096646150536234,0.0,0.0,40.71300208165528,0.0,0.0,0.0,27.57339078234901,15.430199430199432
closures,250000,237.925,234.5,18.856254488453786,215,306,9750040.0,9750040.0,0.0,9750040,9750040,14.0,14.0,0.0,14,14,36.15,31.0,20.169220012123322,2,84,1048585.0,1048585.0,0.0,1048585,1048585,15002705.0,15002705.0,0.0,15002705,15002705,14643848.0,14643848.0,0.0,14643848,14643848,7.925293469981627,0.0,0.0,55.79313972924847,0.0,0.0,0.0,24.402463989891324,15.193863612482925
closures,307000,285.725,284.5,14.728286930170652,255,321,11973040.0,11973040.0,0.0,11973040,11973040,17.0,17.0,0.0,17,17,44.175,39.5,14.52122672645206,23,93,1048585.0,1048585.0,0.0,1048585,1048585,18422705.0,18422705.0,0.0,18422705,18422705,17781788.0,17781788.0,0.0,17781788,17781788,5.154707124042576,0.0,0.0,32.872046918963356,0.0,0.0,0.0,23.864031190073703,15.460670224866565
closures,377000,346.475,342.0,18.96553892370756,310,394,14703040.0,14703040.0,0.0,14703040,14703040,21.0,21.0,0.0,21,21,47.275,43.5,20.436251726169957,7,99,1048585.0,1048585.0,0.0,1048585,1048585,22622705.0,22622705.0,0.0,22622705,22622705,21965708.0,21965708.0,0.0,21965708,21965708,5.473854945871292,0.0,0.0,43.228454206599594,0.0,0.0,0.0,23.564854615100007,13.64456309979075
closures,464000,409.625,408.0,22.87500875717922,365,467,18096040.0,18096040.0,0.0,18096040,18096040,26.0,26.0,0.0,26,26,62.575,61.0,17.536610057468128,33,107,1048585.0,1048585.0,0.0,1048585,1048585,27842705.0,27842705.0,0.0,27842705,27842705,27195608.0,27195608.0,0.0,27195608,27195608,5.584378091468836,0.0,0.0,28.024946156561132,0.0,0.0,0.0,22.636167912979857,15.276167226121453
closures,570000,488.35,488.0,20.4995934919045,456,553,22230040.0,22230040.0,0.0,22230040,22230040,32.0,32.0,0.0,32,32,72.1,70.5,25.459671478533885,3,145,1048585.0,1048585.0,0.0,1048585,1048585,34202705.0,34202705.0,0.0,34202705,34202705,33471488.0,33471488.0,0.0,33471488,33471488,4.197725707362444,0.0,0.0,35.31161092723147,0.0,0.0,0.0,21.968021649983537,14.764001228627007
closures,700000,588.975,587.5,18.770527225085925,555,621,27300040.0,27300040.0,0.0,27300040,27300040,40.0,40.0,0.0,40,40,88.95,87.0,25.619453746253264,47,151,1048585.0,1048585.0,0.0,1048585,1048585,42002705.0,42002705.0,0.0,42002705,42002705,41839328.0,41839328.0,0.0,41839328,41839328,3.186981998401617,0.0,0.0,28.80208403176308,0.0,0.0,0.0,21.574144213708113,15.102508595441233
control_flow,20000,31.825,29.0,15.61046246789436,11,73,1100021.0,1100021.0,0.0,1100021,1100021,0.0,0.0,0.0,0,0,0.0,0.0,0.0,0,0,2169.0,2169.0,0.0,2169,2169,2169.0,2169.0,0.0,2169,2169,0.0,0.0,0.0,0,0,49.05094255426351,0.0,0.0,0.0,0.0,0.0,0.0,28.93126585765181,0.0
control_flow,24600,35.125,29.0,18.261894613423735,13,85,1353027.0,1353027.0,0.0,1353027,1353027,0.0,0.0,0.0,0,0,0.0,0.0,0.0,0,0,2169.0,2169.0,0.0,2169,2169,2169.0,2169.0,0.0,2169,2169,0.0,0.0,0.0,0,0,51.99115904177576,0.0,0.0,0.0,0.0,0.0,0.0,25.96030973513463,0.0
control_flow,30200,38.375,31.5,18.746196195358454,20,104,1661021.0,1661021.0,0.0,1661021,1661021,0.0,0.0,0.0,0,0,0.0,0.0,0.0,0,0,2169.0,2169.0,0.0,2169,2169,2169.0,2169.0,0.0,2169,2169,0.0,0.0,0.0,0,0,48.85002265891454,0.0,0.0,0.0,0.0,0.0,0.0,23.10325998286596,0.0
control_flow,37100,41.5,36.5,12.388994288770153,27,79,2040521.0,2040521.0,0.0,2040521,2040521,0.0,0.0,0.0,0,0,0.0,0.0,0.0,0,0,2169.0,2169.0,0.0,2169,2169,2169.0,2169.0,0.0,2169,2169,0.0,0.0,0.0,0,0,29.852998286193138,0.0,0.0,0.0,0.0,0.0,0.0,20.337943103746543,0.0
control_flow,45600,54.675,47.0,20.4292242909075,33,109,2508027.0,2508027.0,0.0,2508027,2508027,0.0,0.0,0.0,0,0,0.0,0.0,0.0,0,0,2169.0,2169.0,0.0,2169,2169,2169.0,2169.0,0.0,2169,2169,0.0,0.0,0.0,0,0,37.36483638026063,0.0,0.0,0.0,0.0,0.0,0.0,21.800004545405613,0.0
control_flow,56000,82.075,66.0,37.57344090628993,46,186,3080021.0,3080021.0,0.0,3080021,3080021,0.0,0.0,0.0,0,0,0.0,0.0,0.0,0,0,2169.0,2169.0,0.0,2169,2169,2169.0,2169.0,0.0,2169,2169,0.0,0.0,0.0,0,0,45.77939799730726,0.0,0.0,0.0,0.0,0.0,0.0,26.647545584916468,0.0
control_flow,68800,98.4,94.5,38.17087089149767,56,194,3784018.0,3784018.0,0.0,3784018,3784018,0.0,0.0,0.0,0,0,0.0,0.0,0.0,0,0,2169.0,2169.0,0.0,2169,2169,2169.0,2169.0,0.0,2169,2169,0.0,0.0,0.0,0,0,38.79153545883909,0.0,0.0,0.0,0.0,0.0,0.0,26.00410463163759,0.0
control_flow,84500,104.475,87.0,41.89669070830884,64,221,4647521.0,4647521.0,0.0,4647521,4647521,0.0,0.0,0.0,0,0,0.0,0.0,0.0,0,0,2169.0,2169.0,0.0,2169,2169,2169.0,2169.0,0.0,2169,2169,0.0,0.0,0.0,0,0,40.10212080240138,0.0,0.0,0.0,0.0,0.0,0.0,22.47972628848799,0.0
control_flow,104000,110.3,94.5,39.985381944290204,75,222,5720021.0,5720021.0,0.0,5720021,5720021,0.0,0.0,0.0,0,0,0.0,0.0,0.0,0,0,2169.0,2169.0,0.0,2169,2169,2169.0,2169.0,0.0,2169,2169,0.0,0.0,0.0,0,0,36.25147955058042,0.0,0.0,0.0,0.0,0.0,0.0,19.28314598845004,0.0
control_flow,128000,108.7,101.0,22.58908290893339,89,217,7040021.0,7040021.0,0.0,7040021,7040021,0.0,0.0,0.0,0,0,0.0,0.0,0.0,0,0,2169.0,2169.0,0.0,2169,2169,2169.0,2169.0,0.0,2169,2169,0.0,0.0,0.0,0,0,20.781125031217467,0.0,0.0,0.0,0.0,0.0,0.0,15.4402948513932,0.0
control_flow,157000,128.625,122.0,23.874337150148776,111,242,8635018.0,8635018.0,0.0,8635018,8635018,0.0,0.0,0.0,0,0,0.0,0.0,0.0,0,0,2169.0,2169.0,0.0,2169,2169,2169.0,2169.0,0.0,2169,2169,0.0,0.0,0.0,0,0,18.56119506328379,0.0,0.0,0.0,0.0,0.0,0.0,14.895741966027169,0.0
control_flow,193000,161.125,154.0,29.923138718544056,136,304,10615018.0,10615018.0,0.0,10615018,10615018,0.0,0.0,0.0,0,0,0.0,0.0,0.0,0,0,2169.0,2169.0,0.0,2169,2169,2169.0,2169.0,0.0,2169,2169,0.0,0.0,0.0,0,0,18.571381671710817,0.0,0.0,0.0,0.0,0.0,0.0,15.178966253283793,0.0
control_flow,237000,199.275,192.5,30.70954708313496,172,362,13035027.0,13035027.0,0.0,13035027,13035027,0.0,0.0,0.0,0,0,0.0,0.0,0.0,0,0,2169.0,2169.0,0.0,2169,2169,2169.0,2169.0,0.0,2169,2169,0.0,0.0,0.0,0,0,15.41063710105882,0.0,0.0,0.0,0.0,0.0,0.0,15.287655330518303,0.0
control_flow,291000,235.95,233.5,21.488160126940283,212,330,16005027.0,16005027.0,0.0,16005027,16005027,0.0,0.0,0.0,0,0,0.0,0.0,0.0,0,0,2169.0,2169.0,0.0,2169,2169,2169.0,2169.0,0.0,2169,2169,0.0,0.0,0.0,0,0,9.107082062699845,0.0,0.0,0.0,0.0,0.0,0.0,14.742243171473563,0.0
control_flow,357000,291.225,278.5,42.01494697403258,254,497,19635027.0,19635027.0,0.0,19635027,19635027,0.0,0.0,0.0,0,0,0.0,0.0,0.0,0,0,2169.0,2169.0,0.0,2169,2169,2169.0,2169.0,0.0,2169,2169,0.0,0.0,0.0,0,0,14.426971233250091,0.0,0.0,0.0,0.0,0.0,0.0,14.831912377813385,0.0
control_flow,439000,341.05,336.0,20.491336505822936,312,395,24145018.0,24145018.0,0.0,24145018,24145018,0.0,0.0,0.0,0,0,0.0,0.0,0.0,0,0,2169.0,2169.0,0.0,2169,2169,2169.0,2169.0,0.0,2169,2169,0.0,0.0,0.0,0,0,6.0083086074836345,0.0,0.0,0.0,0.0,0.0,0.0,14.125067125648862,0.0
control_flow,539000,408.325,405.5,19.5924992188599,380,448,29645021.0,29645021.0,0.0,29645021,29645021,0.0,0.0,0.0,0,0,0.0,0.0,0.0,0,0,2169.0,2169.0,0.0,2169,2169,2169.0,2169.0,0.0,2169,2169,0.0,0.0,0.0,0,0,4.7982609977003365,0.0,0.0,0.0,0.0,0.0,0.0,13.773813821889348,0.0
control_flow,662000,489.825,487.5,18.64360411398436,453,529,36410021.0,36410021.0,0.0,36410021,36410021,0.0,0.0,0.0,0,0,0.0,0.0,0.0,0,0,2169.0,2169.0,0.0,2169,2169,2169.0,2169.0,0.0,2169,2169,0.0,0.0,0.0,0,0,3.8061765148745694,0.0,0.0,0.0,0.0,0.0,0.0,13.453027121297183,0.0
control_flow,814000,586.35,583.5,20.84687764851868,553,641,44770018.0,44770018.0,0.0,44770018,44770018,0.0,0.0,0.0,0,0,0.0,0.0,0.0,0,0,2169.0,2169.0,0.0,2169,2169,2169.0,2169.0,0.0,2169,2169,0.0,0.0,0.0,0,0,3.555364142324325,0.0,0.0,0.0,0.0,0.0,0.0,13.096934649434361,0.0
control_flow,1000000,697.725,694.0,21.09926174428494,670,778,55000018.0,55000018.0,0.0,55000018,55000018,0.0,0.0,0.0,0,0,0.0,0.0,0.0,0,0,2169.0,2169.0,0.0,2169,2169,2169.0,2169.0,0.0,2169,2169,0.0,0.0,0.0,0,0,3.024008276080826,0.0,0.0,0.0,0.0,0.0,0.0,12.685904939158384,0.0
gc_stress,6000,22.525,21.0,12.575897786170382,4,66,432034.0,432034.0,0.0,432034,432034,3.0,3.0,0.0,3,3,4.55,3.5,3.9480602182818187,0,17,1258547.0,1258547.0,0.0,1258547,1258547,2810251.0,2810251.0,0.0,2810251,2810251,1551704.0,1551704.0,0.0,1551704,1551704,55.830844777670954,0.0,0.0,86.77055424795206,0.0,0.0,0.0,52.13710032080809,20.199778024417313
gc_stress,7370,25.4,23.0,11.245055893648642,8,60,530674.0,530674.0,0.0,530674,530674,4.0,4.0,0.0,4,4,6.075,4.5,5.317544739001455,0,21,1556819.0,1556819.0,0.0,1556819,1556819,3451411.0,3451411.0,0.0,3451411,3451411,2070872.0,2070872.0,0.0,2070872,2070872,44.2718735970419,0.0,0.0,87.53160064199926,0.0,0.0,0.0,47.863660175550336,23.91732283464567
gc_stress,9060,34.2,29.5,14.468710714627955,17,76,652354.0,652354.0,0.0,652354,652354,5.0,5.0,0.0,5,5,9.25,8.0,6.856589568642745,0,27,2075363.0,2075363.0,0.0,2075363,2075363,4242331.0,4242331.0,0.0,4242331,4242331,2762576.0,2762576.0,0.0,2762576,2762576,42.306171680198695,0.0,0.0,74.12529263397562,0.0,0.0,0.0,52.42552356542614,27.046783625730992
gc_stress,11100,44.15,38.0,18.6541395694608,23,104,799234.0,799234.0,0.0,799234,799234,5.0,5.0,0.0,5,5,9.625,8.0,7.879501155627711,0,30,2434475.0,2434475.0,0.0,2434475,2434475,5197051.0,5197051.0,0.0,5197051,5197051,2762576.0,2762576.0,0.0,2762576,2762576,42.251731754158094,0.0,0.0,81.86494707145674,0.0,0.0,0.0,55.24039267598726,21.800679501698756
gc_stress,13700,46.35,42.0,16.880500053353934,31,123,986434.0,986434.0,0.0,986434,986434,6.0,6.0,0.0,6,6,11.3,9.0,8.671201969147276,0,32,2767379.0,2767379.0,0.0,2767379,2767379,6413851.0,6413851.0,0.0,6413851,6413851,3685160.0,3685160.0,0.0,3685160,3685160,36.41963334056943,0.0,0.0,76.73630061192279,0.0,0.0,0.0,46.987431495670265,24.379719525350595
gc_stress,16800,64.2,53.5,23.021951620361303,42,127,1209634.0,1209634.0,0.0,1209634,1209634,7.0,7.0,0.0,7,7,16.4,16.5,8.917858774852018,0,38,3689651.0,3689651.0,0.0,3689651,3689651,7864651.0,7864651.0,0.0,7864651,7864651,4915064.0,4915064.0,0.0,4915064,4915064,35.859737726419475,0.0,0.0,54.377187651536694,0.0,0.0,0.0,53.07390499936344,25.54517133956386
gc_stress,20600,85.15,66.0,37.49088778178861,47,186,1483234.0,1483234.0,0.0,1483234,1483234,7.0,7.0,0.0,7,7,21.075,17.0,15.732356825410848,1,75,4727987.0,4727987.0,0.0,4727987,4727987,9643051.0,9643051.0,0.0,9643051,9643051,4915064.0,4915064.0,0.0,4915064,4915064,44.02922816416748,0.0,0.0,74.64937995449988,0.0,0.0,0.0,57.40833880560991,24.75044039929536
gc_stress,25400,95.275,76.5,37.552006672456336,58,187,1828834.0,1828834.0,0.0,1828834,1828834,8.0,8.0,0.0,8,8,23.475,21.0,11.955017185158535,9,53,5334515.0,5334515.0,0.0,5334515,5334515,11889451.0,11889451.0,0.0,11889451,11889451,6554936.0,6554936.0,0.0,6554936,6554936,39.41433395167287,0.0,0.0,50.926590778098124,0.0,0.0,0.0,52.09603495997997,24.639202309105222
gc_stress,31200,101.775,94.5,27.451110388078323,68,207,2246434.0,2246434.0,0.0,2246434,2246434,9.0,9.0,0.0,9,9,28.85,27.0,15.287920487120308,7,67,6559427.0,6559427.0,0.0,6559427,6559427,14603851.0,14603851.0,0.0,14603851,14603851,8741432.0,8741432.0,0.0,8741432,8741432,26.97235115507573,0.0,0.0,52.99105888083295,0.0,0.0,0.0,45.305136941481486,28.34684352738885
gc_stress,38300,119.075,115.5,22.965288745833075,93,176,2757634.0,2757634.0,0.0,2757634,2757634,10.0,10.0,0.0,10,10,35.35,33.0,17.98795893553981,1,75,8745923.0,8745923.0,0.0,8745923,8745923,17926651.0,17926651.0,0.0,17926651,17926651,11656760.0,11656760.0,0.0,11656760,11656760,19.286406672965,0.0,0.0,50.88531523490752,0.0,0.0,0.0,43.18013195369654,29.687171950451397
gc_stress,47000,128.025,125.0,19.147855875146558,103,194,3384034.0,3384034.0,0.0,3384034,3384034,10.0,10.0,0.0,10,10,29.75,27.5,12.845731606756406,4,73,10341491.0,10341491.0,0.0,10341491,10341491,21998251.0,21998251.0,0.0,21998251,21998251,11656760.0,11656760.0,0.0,11656760,11656760,14.956341242059407,0.0,0.0,43.17892977060977,0.0,0.0,0.0,37.832066699093446,23.237648896699863
gc_stress,57800,163.375,158.5,16.72352480941987,142,210,4161634.0,4161634.0,0.0,4161634,4161634,11.0,11.0,0.0,11,11,44.025,41.0,14.490469900894103,18,90,11661251.0,11661251.0,0.0,11661251,11661251,27052651.0,27052651.0,0.0,27052651,27052651,15543656.0,15543656.0,0.0,15543656,15543656,10.236281444174367,0.0,0.0,32.914184896976955,0.0,0.0,0.0,39.257416678160546,26.94720734506503
gc_stress,71000,212.45,200.5,36.97604907407232,182,364,5112034.0,5112034.0,0.0,5112034,5112034,12.0,12.0,0.0,12,12,64.05,61.5,17.017261221688393,44,140,15548771.0,15548771.0,0.0,15548771,15548771,33230251.0,33230251.0,0.0,33230251,33230251,20726600.0,20726600.0,0.0,20726600,20726600,17.40458887929975,0.0,0.0,26.568713851191873,0.0,0.0,0.0,41.55880027402008,30.14827018121911
gc_stress,87200,243.65,233.0,27.401618892844965,214,327,6278434.0,6278434.0,0.0,6278434,6278434,12.0,12.0,0.0,12,12,61.75,58.5,20.94406469990594,27,118,20085251.0,20085251.0,0.0,20085251,20085251,40811851.0,40811851.0,0.0,40811851,40811851,20726600.0,20726600.0,0.0,20726600,20726600,11.246303670365263,0.0,0.0,33.91751368405821,0.0,0.0,0.0,38.80744784447842,25.343730761337984
gc_stress,107000,290.55,285.0,19.271275289457396,268,352,7704034.0,7704034.0,0.0,7704034,7704034,13.0,13.0,0.0,13,13,85.4,86.5,14.264533749019735,56,112,22440851.0,22440851.0,0.0,22440851,22440851,50078251.0,50078251.0,0.0,50078251,50078251,27637400.0,27637400.0,0.0,27637400,27637400,6.63268810513075,0.0,0.0,16.703201111264327,0.0,0.0,0.0,37.71400801190649,29.392531405954227
gc_stress,132000,363.95,363.5,19.876477529340033,331,420,9504034.0,9504034.0,0.0,9504034,9504034,14.0,14.0,0.0,14,14,108.3,107.0,21.54089729816881,61,160,27641891.0,27641891.0,0.0,27641891,27641891,61778251.0,61778251.0,0.0,61778251,61778251,36851384.0,36851384.0,0.0,36851384,36851384,5.461320931265293,0.0,0.0,19.890025206065385,0.0,0.0,0.0,38.294265361424415,29.756834730045334
gc_stress,162000,462.325,452.0,27.066288522052194,431,539,11664034.0,11664034.0,0.0,11664034,11664034,15.0,15.0,0.0,15,15,148.55,149.5,25.09259774392563,104,209,36855875.0,36855875.0,0.0,36855875,36855875,75818251.0,75818251.0,0.0,75818251,75818251,49136696.0,49136696.0,0.0,49136696,49136696,5.854385664208554,0.0,0.0,16.89168478217814,0.0,0.0,0.0,39.63680147022891,32.131076623587305
gc_stress,199000,518.75,519.0,20.517347256932094,476,578,14328034.0,14328034.0,0.0,14328034,14328034,15.0,15.0,0.0,15,15,147.675,145.5,22.534745252381786,102,192,43997555.0,43997555.0,0.0,43997555,43997555,93134251.0,93134251.0,0.0,93134251,93134251,49136696.0,49136696.0,0.0,49136696,49136696,3.9551512784447413,0.0,0.0,15.259688676066894,0.0,0.0,0.0,36.20524630245852,28.467469879518077
gc_stress,244000,661.2,659.0,28.420108446354746,622,752,17568034.0,17568034.0,0.0,17568034,17568034,16.0,16.0,0.0,16,16,200.925,199.0,22.076077666293113,160,269,49141187.0,49141187.0,0.0,49141187,49141187,114194251.0,114194251.0,0.0,114194251,114194251,65517008.0,65517008.0,0.0,65517008,65517008,4.298262015480149,0.0,0.0,10.987222927108679,0.0,0.0,0.0,37.636539182471985,30.387931034482758
gc_stress,300000,805.875,803.5,15.932851886299876,774,852,21600034.0,21600034.0,0.0,21600034,21600034,17.0,17.0,0.0,17,17,261.875,270.0,24.34494366498476,219,299,65521811.0,65521811.0,0.0,65521811,65521811,140402251.0,140402251.0,0.0,140402251,140402251,87357632.0,87357632.0,0.0,87357632,87357632,1.977087251285854,0.0,0.0,9.29639853555504,0.0,0.0,0.0,37.30896905069687,32.49573445013185
globals,14000,14.95,13.0,7.824845374076418,2,37,490021.0,490021.0,0.0,490021,490021,0.0,0.0,0.0,0,0,0.0,0.0,0.0,0,0,2104.0,2104.0,0.0,2104,2104,2232.0,2232.0,0.0,2232,2232,256.0,256.0,0.0,256,256,52.340102836631566,0.0,0.0,0.0,0.0,0.0,0.0,30.508896557494474,0.0
globals,17200,16.875,15.0,7.874618427874164,6,43,602021.0,602021.0,0.0,602021,602021,0.0,0.0,0.0,0,0,0.0,0.0,0.0,0,0,2104.0,2104.0,0.0,2104,2104,2232.0,2232.0,0.0,2232,2232,256.0,256.0,0.0,256,256,46.66440549851357,0.0,0.0,0.0,0.0,0.0,0.0,28.030583650736435,0.0
globals,21100,20.15,18.5,7.930952023559341,9,51,738521.0,738521.0,0.0,738521,738521,0.0,0.0,0.0,0,0,0.0,0.0,0.0,0,0,2104.0,2104.0,0.0,2104,2104,2232.0,2232.0,0.0,2232,2232,256.0,256.0,0.0,256,256,39.359563392354055,0.0,0.0,0.0,0.0,0.0,0.0,27.284261381869978,0.0
globals,26000,23.7,20.5,13.65358974118209,10,73,910021.0,910021.0,0.0,910021,910021,0.0,0.0,0.0,0,0,0.0,0.0,0.0,0,0,2104.0,2104.0,0.0,2104,2104,2232.0,2232.0,0.0,2232,2232,256.0,256.0,0.0,256,256,57.610083296126966,0.0,0.0,0.0,0.0,0.0,0.0,26.04335504345504,0.0
globals,31900,31.875,25.0,14.660582945698042,14,80,1116521.0,1116521.0,0.0,1116521,1116521,0.0,0.0,0.0,0,0,0.0,0.0,0.0,0,0,2104.0,2104.0,0.0,2104,2104,2232.0,2232.0,0.0,2232,2232,256.0,256.0,0.0,256,256,45.99398571199386,0.0,0.0,0.0,0.0,0.0,0.0,28.548500207340478,0.0
globals,39200,35.075,30.5,15.31111126617295,17,105,1372021.0,1372021.0,0.0,1372021,1372021,0.0,0.0,0.0,0,0,0.0,0.0,0.0,0,0,2104.0,2104.0,0.0,2104,2104,2232.0,2232.0,0.0,2232,2232,256.0,256.0,0.0,256,256,43.65249113662993,0.0,0.0,0.0,0.0,0.0,0.0,25.564477511641588,0.0
globals,48200,40.95,37.0,14.027354229029315,28,106,1687021.0,1687021.0,0.0,1687021,1687021,0.0,0.0,0.0,0,0,0.0,0.0,0.0,0,0,2104.0,2104.0,0.0,2104,2104,2232.0,2232.0,0.0,2232,2232,256.0,256.0,0.0,256,256,34.25483328212287,0.0,0.0,0.0,0.0,0.0,0.0,24.273556760704224,0.0
globals,59200,56.125,48.5,19.168868323939023,34,102,2072021.0,2072021.0,0.0,2072021,2072021,0.0,0.0,0.0,0,0,0.0,0.0,0.0,0,0,2104.0,2104.0,0.0,2104,2104,2232.0,2232.0,0.0,2232,2232,256.0,256.0,0.0,256,256,34.15388565512521,0.0,0.0,0.0,0.0,0.0,0.0,27.087080681132093,0.0
globals,72700,60.4,52.5,20.524906695812156,41,124,2544521.0,2544521.0,0.0,2544521,2544521,0.0,0.0,0.0,0,0,0.0,0.0,0.0,0,0,2104.0,2104.0,0.0,2104,2104,2232.0,2232.0,0.0,2232,2232,256.0,256.0,0.0,256,256,33.98163360233801,0.0,0.0,0.0,0.0,0.0,0.0,23.73727707493866,0.0
globals,89300,88.5,73.5,33.71828994660134,55,176,3125521.0,3125521.0,0.0,3125521,3125521,0.0,0.0,0.0,0,0,0.0,0.0,0.0,0,0,2104.0,2104.0,0.0,2104,2104,2232.0,2232.0,0.0,2232,2232,256.0,256.0,0.0,256,256,38.09976265152694,0.0,0.0,0.0,0.0,0.0,0.0,28.315279276639,0.0
globals,110000,108.125,97.0,39.201116873152536,61,183,3850021.0,3850021.0,0.0,3850021,3850021,0.0,0.0,0.0,0,0,0.0,0.0,0.0,0,0,2104.0,2104.0,0.0,2104,2104,2232.0,2232.0,0.0,2232,2232,256.0,256.0,0.0,256,256,36.25536820638385,0.0,0.0,0.0,0.0,0.0,0.0,28.08426239752978,0.0
globals,135000,110.525,90.5,41.10398789062711,69,232,4725021.0,4725021.0,0.0,4725021,4725021,0.0,0.0,0.0,0,0,0.0,0.0,0.0,0,0,2104.0,2104.0,0.0,2104,2104,2232.0,2232.0,0.0,2232,2232,256.0,256.0,0.0,256,256,37.18976511253301,0.0,0.0,0.0,0.0,0.0,0.0,23.391430429621373,0.0
globals,166000,108.65,103.5,15.800924997266165,91,167,5810021.0,5810021.0,0.0,5810021,5810021,0.0,0.0,0.0,0,0,0.0,0.0,0.0,0,0,2104.0,2104.0,0.0,2104,2104,2232.0,2232.0,0.0,2232,2232,256.0,256.0,0.0,256,256,14.542959040281788,0.0,0.0,0.0,0.0,0.0,0.0,18.700448759135295,0.0
globals,204000,127.95,119.5,27.915577858598713,104,272,7140021.0,7140021.0,0.0,7140021,7140021,0.0,0.0,0.0,0,0,0.0,0.0,0.0,0,0,2104.0,2104.0,0.0,2104,2104,2232.0,2232.0,0.0,2232,2232,256.0,256.0,0.0,256,256,21.81756768940892,0.0,0.0,0.0,0.0,0.0,0.0,17.92011536100524,0.0
globals,250000,233.85,191.5,90.09924727196316,141,410,8750021.0,8750021.0,0.0,8750021,8750021,0.0,0.0,0.0,0,0,0.0,0.0,0.0,0,0,2104.0,2104.0,0.0,2104,2104,2232.0,2232.0,0.0,2232,2232,256.0,256.0,0.0,256,256,38.52864967798297,0.0,0.0,0.0,0.0,0.0,0.0,26.72565014415394,0.0
globals,307000,210.1,191.0,53.45537319182163,161,420,10745021.0,10745021.0,0.0,10745021,10745021,0.0,0.0,0.0,0,0,0.0,0.0,0.0,0,0,2104.0,2104.0,0.0,2104,2104,2232.0,2232.0,0.0,2232,2232,256.0,256.0,0.0,256,256,25.44282398468426,0.0,0.0,0.0,0.0,0.0,0.0,19.553242380819917,0.0
globals,377000,230.925,225.5,22.97645115530916,198,294,13195021.0,13195021.0,0.0,13195021,13195021,0.0,0.0,0.0,0,0,0.0,0.0,0.0,0,0,2104.0,2104.0,0.0,2104,2104,2232.0,2232.0,0.0,2232,2232,256.0,256.0,0.0,256,256,9.94974608869077,0.0,0.0,0.0,0.0,0.0,0.0,17.500919475611294,0.0
globals,464000,272.75,269.5,15.935366247309712,247,312,16240021.0,16240021.0,0.0,16240021,16240021,0.0,0.0,0.0,0,0,0.0,0.0,0.0,0,0,2104.0,2104.0,0.0,2104,2104,2232.0,2232.0,0.0,2232,2232,256.0,256.0,0.0,256,256,5.842480750617677,0.0,0.0,0.0,0.0,0.0,0.0,16.794929021335626,0.0
globals,570000,328.425,325.0,18.945113029282965,298,380,19950021.0,19950021.0,0.0,19950021,19950021,0.0,0.0,0.0,0,0,0.0,0.0,0.0,0,0,2104.0,2104.0,0.0,2104,2104,2232.0,2232.0,0.0,2232,2232,256.0,256.0,0.0,256,256,5.768474698723594,0.0,0.0,0.0,0.0,0.0,0.0,16.462388686207397,0.0
globals,700000,394.95,388.0,18.827080877262265,370,447,24500021.0,24500021.0,0.0,24500021,24500021,0.0,0.0,0.0,0,0,0.0,0.0,0.0,0,0,2104.0,2104.0,0.0,2104,2104,2232.0,2232.0,0.0,2232,2232,256.0,256.0,0.0,256,256,4.766953000952593,0.0,0.0,0.0,0.0,0.0,0.0,16.120394345784437,0.0
integrated,8000,36.8,32.0,16.33181573274096,19,99,888195.0,888195.0,0.0,888195,888195,2.0,2.0,0.0,2,2,2.425,0.5,3.7885624091738452,0,14,1048692.0,1048692.0,0.0,1048692,1048692,2502685.0,2502685.0,0.0,2502685,2502685,2086064.0,2086064.0,0.0,2086064,2086064,44.37993405636131,0.0,0.0,156.22937769789053,0.0,0.0,0.0,41.43234312285028,6.5896739130434785
integrated,9830,42.15,38.0,14.640215074782795,17,79,1091351.0,1091351.0,0.0,1091351,1091351,2.0,2.0,0.0,2,2,2.625,0.5,3.972259577853158,0,15,1048692.0,1048692.0,0.0,1048692,1048692,3073835.0,3073835.0,0.0,3073835,3073835,2086064.0,2086064.0,0.0,2086064,2086064,34.733606345866654,0.0,0.0,151.32417439440601,0.0,0.0,0.0,38.62185493026533,6.227758007117438
integrated,12100,52.9,47.0,17.586125066989453,31,109,1343382.0,1343382.0,0.0,1343382,1343382,3.0,3.0,0.0,3,3,4.825,2.0,5.750752459126878,0,22,1048692.0,1048692.0,0.0,1048692,1048692,3782495.0,3782495.0,0.0,3782495,3782495,3128898.0,3128898.0,0.0,3128898,3128898,33.24409275423337,0.0,0.0,119.18657946376949,0.0,0.0,0.0,39.37822599975286,9.120982986767487
integrated,14800,69.625,59.5,27.291106375145134,40,166,1643117.0,1643117.0,0.0,1643117,1643117,4.0,4.0,0.0,4,4,5.55,4.0,6.578714705737526,0,26,1048692.0,1048692.0,0.0,1048692,1048692,4625128.0,4625128.0,0.0,4625128,4625128,4171554.0,4171554.0,0.0,4171554,4171554,39.19728025155495,0.0,0.0,118.53540010337883,0.0,0.0,0.0,42.373732363550495,7.971274685816876
integrated,18200,84.5,73.0,33.843531366933554,49,185,2020587.0,2020587.0,0.0,2020587,2020587,5.0,5.0,0.0,5,5,6.375,3.5,6.2989111798216415,0,23,1048692.0,1048692.0,0.0,1048692,1048692,5686406.0,5686406.0,0.0,5686406,5686406,5214375.0,5214375.0,0.0,5214375,5214375,40.051516410572255,0.0,0.0,98.80644987955516,0.0,0.0,0.0,41.81953066113956,7.544378698224852
integrated,22400,102.325,81.0,43.30416424578173,63,195,2486857.0,2486857.0,0.0,2486857,2486857,6.0,6.0,0.0,6,6,9.375,9.0,7.234842687850837,0,26,1048696.0,1048696.0,0.0,1048696,1048696,6997300.0,6997300.0,0.0,6997300,6997300,6257249.0,6257249.0,0.0,6257249,6257249,42.32021915053186,0.0,0.0,77.17165533707559,0.0,0.0,0.0,41.14631440408515,9.16198387490838
integrated,27500,103.0,89.0,40.68137607031452,71,228,3053036.0,3053036.0,0.0,3053036,3053036,8.0,8.0,0.0,8,8,9.55,7.0,8.524324170519476,0,36,1048696.0,1048696.0,0.0,1048696,1048696,8589062.0,8589062.0,0.0,8589062,8589062,8342786.0,8342786.0,0.0,8342786,8342786,39.49648162166458,0.0,0.0,89.25993895831911,0.0,0.0,0.0,33.73690975147361,9.271844660194176
integrated,33800,108.025,101.5,19.51920487556701,92,177,3752441.0,3752441.0,0.0,3752441,3752441,10.0,10.0,0.0,10,10,9.05,9.0,6.3526695377935605,0,29,1048696.0,1048696.0,0.0,1048696,1048696,10555463.0,10555463.0,0.0,10555463,10555463,10428104.0,10428104.0,0.0,10428104,10428104,18.069155172938682,0.0,0.0,70.19524351153105,0.0,0.0,0.0,28.78792764496497,8.377690349456145
integrated,41500,179.225,132.5,86.698560452959,103,373,4607281.0,4607281.0,0.0,4607281,4607281,12.0,12.0,0.0,12,12,16.825,15.0,11.857892535548437,0,44,1048696.0,1048696.0,0.0,1048696,1048696,12958987.0,12958987.0,0.0,12958987,12958987,12513627.0,12513627.0,0.0,12513627,12513627,48.37414448484252,0.0,0.0,70.4778159616549,0.0,0.0,0.0,38.90038397918425,9.387641233086901
integrated,51000,4208.65,187.5,25321.840338545095,156,160354,5661956.0,5661956.0,0.0,5661956,5661956,15.0,15.0,0.0,15,15,24.725,21.5,20.042247046343547,6,127,1048696.0,1048696.0,0.0,1048696,1048696,15924482.0,15924482.0,0.0,15924482,15924482,15641654.0,15641654.0,0.0,15641654,15641654,601.6618235905836,0.0,0.0,81.06065539471606,0.0,0.0,0.0,743.3208594344427,0.5874805460183194
integrated,62700,183.9,183.0,11.098163396221498,156,207,6960857.0,6960857.0,0.0,6960857,6960857,18.0,18.0,0.0,18,18,15.2,14.0,10.725478890748766,0,41,1048696.0,1048696.0,0.0,1048696,1048696,19576720.0,19576720.0,0.0,19576720,19576720,18769781.0,18769781.0,0.0,18769781,18769781,6.034890373149264,0.0,0.0,70.56236112334715,0.0,0.0,0.0,26.419160744144005,8.265361609570418
integrated,77000,231.65,225.5,24.088032990124645,194,315,8548411.0,8548411.0,0.0,8548411,8548411,23.0,23.0,0.0,23,23,20.325,17.5,13.92541947994055,3,65,1048696.0,1048696.0,0.0,1048696,1048696,24040837.0,24040837.0,0.0,24040837,24040837,23983533.0,23983533.0,0.0,23983533,23983533,10.3984601727281,0.0,0.0,68.5137489787973,0.0,0.0,0.0,27.098603471452183,8.77401251888625
integrated,94700,275.825,273.0,26.77435387905798,238,405,10513417.0,10513417.0,0.0,10513417,10513417,28.0,28.0,0.0,28,28,34.3,28.5,23.31193157690186,0,91,1048696.0,1048696.0,0.0,1048696,1048696,29566528.0,29566528.0,0.0,29566528,29566528,29196722.0,29196722.0,0.0,29196722,29196722,9.707007660312874,0.0,0.0,67.96481509300834,0.0,0.0,0.0,26.235523617107546,12.435421009698178
integrated,116000,327.45,326.5,16.937214374543142,292,374,12878085.0,12878085.0,0.0,12878085,12878085,34.0,34.0,0.0,34,34,26.275,23.0,15.08095674717809,3,64,1048696.0,1048696.0,0.0,1048696,1048696,36216559.0,36216559.0,0.0,36216559,36216559,35452688.0,35452688.0,0.0,35452688,35452688,5.17245819958563,0.0,0.0,57.39660036985001,0.0,0.0,0.0,25.426917123159225,8.024125820735991
integrated,143000,422.7,405.0,57.60395285581871,370,650,15875566.0,15875566.0,0.0,15875566,15875566,42.0,42.0,0.0,42,42,36.05,28.5,24.416209412013202,5,99,1048696.0,1048696.0,0.0,1048696,1048696,44646928.0,44646928.0,0.0,44646928,44646928,43794029.0,43794029.0,0.0,43794029,43794029,13.62762073712295,0.0,0.0,67.72873623304633,0.0,0.0,0.0,26.625822348633115,8.52850721551928
integrated,176000,480.05,476.0,21.718419454226943,442,541,19539135.0,19539135.0,0.0,19539135,19539135,52.0,52.0,0.0,52,52,43.425,39.0,23.160407750717322,6,98,1048696.0,1048696.0,0.0,1048696,1048696,54951529.0,54951529.0,0.0,54951529,54951529,54220178.0,54220178.0,0.0,54220178,54220178,4.524199448854691,0.0,0.0,53.33427231022988,0.0,0.0,0.0,24.568641344665462,9.04593271534215
integrated,216000,564.0,562.5,13.167559203763439,539,601,23979835.0,23979835.0,0.0,23979835,23979835,64.0,64.0,0.0,64,64,37.325,28.0,29.71780740436745,1,143,1048701.0,1048701.0,0.0,1048701,1048701,67443509.0,67443509.0,0.0,67443509,67443509,66731342.0,66731342.0,0.0,66731342,66731342,2.334673617688553,0.0,0.0,79.61904194070314,0.0,0.0,0.0,23.519761499609984,6.617907801418441
integrated,265000,683.525,682.0,19.593284432983527,650,744,29419701.0,29419701.0,0.0,29419701,29419701,79.0,79.0,0.0,79,79,56.075,47.0,38.36624284111737,7,168,1048701.0,1048701.0,0.0,1048701,1048701,82748443.0,82748443.0,0.0,82748443,82748443,82369271.0,82369271.0,0.0,82369271,82369271,2.866505897075239,0.0,0.0,68.41951465201493,0.0,0.0,0.0,23.23358078996112,8.203796496104752
integrated,326000,816.7,818.0,13.836406825695517,790,846,36191760.0,36191760.0,0.0,36191760,36191760,97.0,97.0,0.0,97,97,68.25,60.5,39.43235037897508,13,207,1048701.0,1048701.0,0.0,1048701,1048701,101804704.0,101804704.0,0.0,101804704,101804704,101133593.0,101133593.0,0.0,101133593,101133593,1.6941847466261193,0.0,0.0,57.77633755161183,0.0,0.0,0.0,22.56591003034945,8.356801763193339
integrated,400000,1013.125,999.5,35.50239247987201,956,1098,44407055.0,44407055.0,0.0,44407055,44407055,119.0,119.0,0.0,119,119,64.7,62.0,28.74217842323056,10,157,1048703.0,1048703.0,0.0,1048703,1048703,124927225.0,124927225.0,0.0,124927225,124927225,124067058.0,124067058.0,0.0,124067058,124067058,3.504246018987983,0.0,0.0,44.423768814884944,0.0,0.0,0.0,22.814505487923032,6.3861813695249845
locals,28000,18.45,16.0,7.990218378967481,8,40,1036023.0,1036023.0,0.0,1036023,1036023,0.0,0.0,0.0,0,0,0.0,0.0,0.0,0,0,1465.0,1465.0,0.0,1465,1465,1465.0,1465.0,0.0,1465,1465,0.0,0.0,0.0,0,0,43.30741668817063,0.0,0.0,0.0,0.0,0.0,0.0,17.808484946762764,0.0
locals,34400,16.6,15.5,6.1552562487015505,7,37,1272823.0,1272823.0,0.0,1272823,1272823,0.0,0.0,0.0,0,0,0.0,0.0,0.0,0,0,1465.0,1465.0,0.0,1465,1465,1465.0,1465.0,0.0,1465,1465,0.0,0.0,0.0,0,0,37.079856919888854,0.0,0.0,0.0,0.0,0.0,0.0,13.041876207453825,0.0
locals,42300,24.35,21.0,13.654247014700648,10,68,1565123.0,1565123.0,0.0,1565123,1565123,0.0,0.0,0.0,0,0,0.0,0.0,0.0,0,0,1465.0,1465.0,0.0,1465,1465,1465.0,1465.0,0.0,1465,1465,0.0,0.0,0.0,0,0,56.07493640534147,0.0,0.0,0.0,0.0,0.0,0.0,15.5578826712022,0.0
locals,51900,27.775,25.0,11.956089533082169,11,77,1920323.0,1920323.0,0.0,1920323,1920323,0.0,0.0,0.0,0,0,0.0,0.0,0.0,0,0,1465.0,1465.0,0.0,1465,1465,1465.0,1465.0,0.0,1465,1465,0.0,0.0,0.0,0,0,43.04622694178999,0.0,0.0,0.0,0.0,0.0,0.0,14.463712615013202,0.0
locals,63800,30.325,27.0,11.858973665973645,13,77,2360623.0,2360623.0,0.0,2360623,2360623,0.0,0.0,0.0,0,0,0.0,0.0,0.0,0,0,1465.0,1465.0,0.0,1465,1465,1465.0,1465.0,0.0,1465,1465,0.0,0.0,0.0,0,0,39.106261058445654,0.0,0.0,0.0,0.0,0.0,0.0,12.846185096053034,0.0
locals,78400,35.85,32.0,14.264084357718252,24,113,2900823.0,2900823.0,0.0,2900823,2900823,0.0,0.0,0.0,0,0,0.0,0.0,0.0,0,0,1465.0,1465.0,0.0,1465,1465,1465.0,1465.0,0.0,1465,1465,0.0,0.0,0.0,0,0,39.78824088624338,0.0,0.0,0.0,0.0,0.0,0.0,12.358561690940814,0.0
locals,96300,45.8,45.0,13.087868722305695,30,87,3563123.0,3563123.0,0.0,3563123,3563123,0.0,0.0,0.0,0,0,0.0,0.0,0.0,0,0,1465.0,1465.0,0.0,1465,1465,1465.0,1465.0,0.0,1465,1465,0.0,0.0,0.0,0,0,28.576132581453486,0.0,0.0,0.0,0.0,0.0,0.0,12.853892498238201,0.0
locals,118000,55.425,48.0,20.385876835666753,39,138,4366023.0,4366023.0,0.0,4366023,4366023,0.0,0.0,0.0,0,0,0.0,0.0,0.0,0,0,1465.0,1465.0,0.0,1465,1465,1465.0,1465.0,0.0,1465,1465,0.0,0.0,0.0,0,0,36.78101368636311,0.0,0.0,0.0,0.0,0.0,0.0,12.694619336636567,0.0
locals,145000,84.225,76.0,29.925966342600557,46,158,5365023.0,5365023.0,0.0,5365023,5365023,0.0,0.0,0.0,0,0,0.0,0.0,0.0,0,0,1465.0,1465.0,0.0,1465,1465,1465.0,1465.0,0.0,1465,1465,0.0,0.0,0.0,0,0,35.5309781449695,0.0,0.0,0.0,0.0,0.0,0.0,15.698907534972356,0.0
locals,179000,98.8,75.0,45.46805020829011,56,252,6623023.0,6623023.0,0.0,6623023,6623023,0.0,0.0,0.0,0,0,0.0,0.0,0.0,0,0,1465.0,1465.0,0.0,1465,1465,1465.0,1465.0,0.0,1465,1465,0.0,0.0,0.0,0,0,46.02029373308715,0.0,0.0,0.0,0.0,0.0,0.0,14.917659201847856,0.0
locals,219000,102.1,82.5,40.09591065535301,65,208,8103023.0,8103023.0,0.0,8103023,8103023,0.0,0.0,0.0,0,0,0.0,0.0,0.0,0,0,1465.0,1465.0,0.0,1465,1465,1465.0,1465.0,0.0,1465,1465,0.0,0.0,0.0,0,0,39.27121513746622,0.0,0.0,0.0,0.0,0.0,0.0,12.600235739180302,0.0
locals,270000,105.55,95.5,26.70729277144142,81,200,9990023.0,9990023.0,0.0,9990023,9990023,0.0,0.0,0.0,0,0,0.0,0.0,0.0,0,0,1465.0,1465.0,0.0,1465,1465,1465.0,1465.0,0.0,1465,1465,0.0,0.0,0.0,0,0,25.302977519129723,0.0,0.0,0.0,0.0,0.0,0.0,10.56554124049564,0.0
locals,331000,109.05,106.0,11.870994601149173,94,151,12247023.0,12247023.0,0.0,12247023,12247023,0.0,0.0,0.0,0,0,0.0,0.0,0.0,0,0,1465.0,1465.0,0.0,1465,1465,1465.0,1465.0,0.0,1465,1465,0.0,0.0,0.0,0,0,10.885827236267009,0.0,0.0,0.0,0.0,0.0,0.0,8.904204719791903,0.0
locals,407000,137.475,133.5,16.401981587600932,111,181,15059023.0,15059023.0,0.0,15059023,15059023,0.0,0.0,0.0,0,0,0.0,0.0,0.0,0,0,1465.0,1465.0,0.0,1465,1465,1465.0,1465.0,0.0,1465,1465,0.0,0.0,0.0,0,0,11.930883133370381,0.0,0.0,0.0,0.0,0.0,0.0,9.129078294123065,0.0
locals,500000,171.475,167.5,14.970034170866912,155,215,18500023.0,18500023.0,0.0,18500023,18500023,0.0,0.0,0.0,0,0,0.0,0.0,0.0,0,0,1465.0,1465.0,0.0,1465,1465,1465.0,1465.0,0.0,1465,1465,0.0,0.0,0.0,0,0,8.730155515886812,0.0,0.0,0.0,0.0,0.0,0.0,9.268907395412427,0.0
locals,614000,202.325,200.0,16.338388804222667,178,259,22718023.0,22718023.0,0.0,22718023,22718023,0.0,0.0,0.0,0,0,0.0,0.0,0.0,0,0,1465.0,1465.0,0.0,1465,1465,1465.0,1465.0,0.0,1465,1465,0.0,0.0,0.0,0,0,8.075318820819309,0.0,0.0,0.0,0.0,0.0,0.0,8.905924604442912,0.0
locals,755000,253.175,248.0,20.23057789711609,227,326,27935023.0,27935023.0,0.0,27935023,27935023,0.0,0.0,0.0,0,0,0.0,0.0,0.0,0,0,1465.0,1465.0,0.0,1465,1465,1465.0,1465.0,0.0,1465,1465,0.0,0.0,0.0,0,0,7.990748650979001,0.0,0.0,0.0,0.0,0.0,0.0,9.06299593882561,0.0
locals,927000,303.775,299.5,21.176289958589457,275,365,34299023.0,34299023.0,0.0,34299023,34299023,0.0,0.0,0.0,0,0,0.0,0.0,0.0,0,0,1465.0,1465.0,0.0,1465,1465,1465.0,1465.0,0.0,1465,1465,0.0,0.0,0.0,0,0,6.971044344857036,0.0,0.0,0.0,0.0,0.0,0.0,8.856666267141195,0.0
locals,1140000,361.25,355.0,25.08932759111648,331,442,42180023.0,42180023.0,0.0,42180023,42180023,0.0,0.0,0.0,0,0,0.0,0.0,0.0,0,0,1465.0,1465.0,0.0,1465,1465,1465.0,1465.0,0.0,1465,1465,0.0,0.0,0.0,0,0,6.945142585776189,0.0,0.0,0.0,0.0,0.0,0.0,8.564480868111428,0.0
locals,1400000,606.35,448.5,287.1713104376228,407,1198,51800023.0,51800023.0,0.0,51800023,51800023,0.0,0.0,0.0,0,0,0.0,0.0,0.0,0,0,1465.0,1465.0,0.0,1465,1465,1465.0,1465.0,0.0,1465,1465,0.0,0.0,0.0,0,0,47.36065151111121,0.0,0.0,0.0,0.0,0.0,0.0,11.705593258134268,0.0
methods,16000,21.85,20.0,8.695858135799407,11,48,800065.0,800065.0,0.0,800065,800065,0.0,0.0,0.0,0,0,0.0,0.0,0.0,0,0,3736.0,3736.0,0.0,3736,3736,3864.0,3864.0,0.0,3864,3864,128.0,128.0,0.0,128,128,39.79797773821239,0.0,0.0,0.0,0.0,0.0,0.0,27.31028103966553,0.0
methods,19700,33.55,34.5,9.312109568480421,19,52,985065.0,985065.0,0.0,985065,985065,0.0,0.0,0.0,0,0,0.0,0.0,0.0,0,0,3736.0,3736.0,0.0,3736,3736,3864.0,3864.0,0.0,3864,3864,128.0,128.0,0.0,128,128,27.755915256275475,0.0,0.0,0.0,0.0,0.0,0.0,34.05866617938918,0.0
methods,24200,35.225,30.5,10.169051842950521,22,52,1210065.0,1210065.0,0.0,1210065,1210065,0.0,0.0,0.0,0,0,0.0,0.0,0.0,0,0,3736.0,3736.0,0.0,3736,3736,3864.0,3864.0,0.0,3864,3864,128.0,128.0,0.0,128,128,28.86884838311007,0.0,0.0,0.0,0.0,0.0,0.0,29.110006487254818,0.0
methods,29700,47.025,41.5,21.537668254622034,21,117,1485065.0,1485065.0,0.0,1485065,1485065,0.0,0.0,0.0,0,0,0.0,0.0,0.0,0,0,3736.0,3736.0,0.0,3736,3736,3864.0,3864.0,0.0,3864,3864,128.0,128.0,0.0,128,128,45.800464124661424,0.0,0.0,0.0,0.0,0.0,0.0,31.665280644281562,0.0
methods,36500,55.45,48.0,20.690577565645672,29,104,1825065.0,1825065.0,0.0,1825065,1825065,0.0,0.0,0.0,0,0,0.0,0.0,0.0,0,0,3736.0,3736.0,0.0,3736,3736,3864.0,3864.0,0.0,3864,3864,128.0,128.0,0.0,128,128,37.313936096746026,0.0,0.0,0.0,0.0,0.0,0.0,30.3824795281264,0.0
methods,44800,56.0,47.0,26.365284089654818,35,172,2240065.0,2240065.0,0.0,2240065,2240065,0.0,0.0,0.0,0,0,0.0,0.0,0.0,0,0,3736.0,3736.0,0.0,3736,3736,3864.0,3864.0,0.0,3864,3864,128.0,128.0,0.0,128,128,47.080864445812175,0.0,0.0,0.0,0.0,0.0,0.0,24.99927457462172,0.0
methods,55000,85.825,73.0,32.6723340191118,50,168,2750065.0,2750065.0,0.0,2750065,2750065,0.0,0.0,0.0,0,0,0.0,0.0,0.0,0,0,3736.0,3736.0,0.0,3736,3736,3864.0,3864.0,0.0,3864,3864,128.0,128.0,0.0,128,128,38.06855114373644,0.0,0.0,0.0,0.0,0.0,0.0,31.208353257104832,0.0
methods,67600,104.075,89.5,48.26602962109702,60,251,3380065.0,3380065.0,0.0,3380065,3380065,0.0,0.0,0.0,0,0,0.0,0.0,0.0,0,0,3736.0,3736.0,0.0,3736,3736,3864.0,3864.0,0.0,3864,3864,128.0,128.0,0.0,128,128,46.37619949180593,0.0,0.0,0.0,0.0,0.0,0.0,30.79082798703575,0.0
methods,83100,94.45,85.5,35.4205141198264,64,254,4155065.0,4155065.0,0.0,4155065,4155065,0.0,0.0,0.0,0,0,0.0,0.0,0.0,0,0,3736.0,3736.0,0.0,3736,3736,3864.0,3864.0,0.0,3864,3864,128.0,128.0,0.0,128,128,37.501867781711375,0.0,0.0,0.0,0.0,0.0,0.0,22.73129301226335,0.0
methods,102000,111.9,97.5,34.02321982381279,82,249,5100065.0,5100065.0,0.0,5100065,5100065,0.0,0.0,0.0,0,0,0.0,0.0,0.0,0,0,3736.0,3736.0,0.0,3736,3736,3864.0,3864.0,0.0,3864,3864,128.0,128.0,0.0,128,128,30.405022183925634,0.0,0.0,0.0,0.0,0.0,0.0,21.94089683170705,0.0
methods,125000,134.375,119.0,40.60294766361625,96,286,6250065.0,6250065.0,0.0,6250065,6250065,0.0,0.0,0.0,0,0,0.0,0.0,0.0,0,0,3736.0,3736.0,0.0,3736,3736,3864.0,3864.0,0.0,3864,3864,128.0,128.0,0.0,128,128,30.216147098505115,0.0,0.0,0.0,0.0,0.0,0.0,21.499776402325416,0.0
methods,154000,137.775,132.0,19.090187437797887,119,232,7700065.0,7700065.0,0.0,7700065,7700065,0.0,0.0,0.0,0,0,0.0,0.0,0.0,0,0,3736.0,3736.0,0.0,3736,3736,3864.0,3864.0,0.0,3864,3864,128.0,128.0,0.0,128,128,13.856060560913,0.0,0.0,0.0,0.0,0.0,0.0,17.892706100532916,0.0
methods,189000,171.075,166.5,20.890910181347486,144,240,9450065.0,9450065.0,0.0,9450065,9450065,0.0,0.0,0.0,0,0,0.0,0.0,0.0,0,0,3736.0,3736.0,0.0,3736,3736,3864.0,3864.0,0.0,3864,3864,128.0,128.0,0.0,128,128,12.211550595556036,0.0,0.0,0.0,0.0,0.0,0.0,18.103050084840685,0.0
methods,233000,208.675,206.5,18.74715363010527,183,256,11650065.0,11650065.0,0.0,11650065,11650065,0.0,0.0,0.0,0,0,0.0,0.0,0.0,0,0,3736.0,3736.0,0.0,3736,3736,3864.0,3864.0,0.0,3864,3864,128.0,128.0,0.0,128,128,8.983900146210743,0.0,0.0,0.0,0.0,0.0,0.0,17.91191722964636,0.0
methods,286000,252.7,246.5,28.550629792326145,222,405,14300065.0,14300065.0,0.0,14300065,14300065,0.0,0.0,0.0,0,0,0.0,0.0,0.0,0,0,3736.0,3736.0,0.0,3736,3736,3864.0,3864.0,0.0,3864,3864,128.0,128.0,0.0,128,128,11.298231021894004,0.0,0.0,0.0,0.0,0.0,0.0,17.671248347472545,0.0
methods,351000,295.275,293.5,14.324065280284296,269,338,17550065.0,17550065.0,0.0,17550065,17550065,0.0,0.0,0.0,0,0,0.0,0.0,0.0,0,0,3736.0,3736.0,0.0,3736,3736,3864.0,3864.0,0.0,3864,3864,128.0,128.0,0.0,128,128,4.851093143775903,0.0,0.0,0.0,0.0,0.0,0.0,16.82472401099369,0.0
methods,431000,371.875,362.5,38.37145540298922,341,544,21550065.0,21550065.0,0.0,21550065,21550065,0.0,0.0,0.0,0,0,0.0,0.0,0.0,0,0,3736.0,3736.0,0.0,3736,3736,3864.0,3864.0,0.0,3864,3864,128.0,128.0,0.0,128,128,10.318374562148362,0.0,0.0,0.0,0.0,0.0,0.0,17.256328461190257,0.0
methods,530000,433.525,431.0,20.209146824757735,405,510,26500065.0,26500065.0,0.0,26500065,26500065,0.0,0.0,0.0,0,0,0.0,0.0,0.0,0,0,3736.0,3736.0,0.0,3736,3736,3864.0,3864.0,0.0,3864,3864,128.0,128.0,0.0,128,128,4.661587411281411,0.0,0.0,0.0,0.0,0.0,0.0,16.359393835449083,0.0
methods,651000,523.6,522.5,17.29650920761847,494,564,32550065.0,32550065.0,0.0,32550065,32550065,0.0,0.0,0.0,0,0,0.0,0.0,0.0,0,0,3736.0,3736.0,0.0,3736,3736,3864.0,3864.0,0.0,3864,3864,128.0,128.0,0.0,128,128,3.303382201607805,0.0,0.0,0.0,0.0,0.0,0.0,16.0859893828169,0.0
methods,800000,691.425,666.0,90.93725295146633,601,1050,40000065.0,40000065.0,0.0,40000065,40000065,0.0,0.0,0.0,0,0,0.0,0.0,0.0,0,0,3736.0,3736.0,0.0,3736,3736,3864.0,3864.0,0.0,3864,3864,128.0,128.0,0.0,128,128,13.152149973094165,0.0,0.0,0.0,0.0,0.0,0.0,17.28559691090502,0.0
properties,16000,28.325,24.0,15.72420557693269,9,77,848046.0,848046.0,0.0,848046,848046,0.0,0.0,0.0,0,0,0.0,0.0,0.0,0,0,2593.0,2593.0,0.0,2593,2593,2721.0,2721.0,0.0,2721,2721,128.0,128.0,0.0,128,128,55.51352366083915,0.0,0.0,0.0,0.0,0.0,0.0,33.40031083219542,0.0
properties,19700,31.225,29.0,13.259708586348033,11,60,1044146.0,1044146.0,0.0,1044146,1044146,0.0,0.0,0.0,0,0,0.0,0.0,0.0,0,0,2593.0,2593.0,0.0,2593,2593,2721.0,2721.0,0.0,2721,2721,128.0,128.0,0.0,128,128,42.46503950792004,0.0,0.0,0.0,0.0,0.0,0.0,29.90482173948854,0.0
properties,24200,38.175,30.0,18.695793438837846,18,102,1282646.0,1282646.0,0.0,1282646,1282646,0.0,0.0,0.0,0,0,0.0,0.0,0.0,0,0,2593.0,2593.0,0.0,2593,2593,2721.0,2721.0,0.0,2721,2721,128.0,128.0,0.0,128,128,48.973918634807724,0.0,0.0,0.0,0.0,0.0,0.0,29.76269368165495,0.0
properties,29700,40.25,35.0,17.18936761414913,21,95,1574146.0,1574146.0,0.0,1574146,1574146,0.0,0.0,0.0,0,0,0.0,0.0,0.0,0,0,2593.0,2593.0,0.0,2593,2593,2721.0,2721.0,0.0,2721,2721,128.0,128.0,0.0,128,128,42.70650338919039,0.0,0.0,0.0,0.0,0.0,0.0,25.56941986321472,0.0
properties,36500,54.4,45.5,25.811744494438067,25,136,1934546.0,1934546.0,0.0,1934546,1934546,0.0,0.0,0.0,0,0,0.0,0.0,0.0,0,0,2593.0,2593.0,0.0,2593,2593,2721.0,2721.0,0.0,2721,2721,128.0,128.0,0.0,128,128,47.44805973242292,0.0,0.0,0.0,0.0,0.0,0.0,28.120292823225707,0.0
properties,44800,73.0,65.0,30.21376829976352,39,145,2374446.0,2374446.0,0.0,2374446,2374446,0.0,0.0,0.0,0,0,0.0,0.0,0.0,0,0,2593.0,2593.0,0.0,2593,2593,2721.0,2721.0,0.0,2721,2721,128.0,128.0,0.0,128,128,41.38872369830619,0.0,0.0,0.0,0.0,0.0,0.0,30.744013550950413,0.0
properties,55000,88.4,72.0,41.489448766817326,45,213,2915046.0,2915046.0,0.0,2915046,2915046,0.0,0.0,0.0,0,0,0.0,0.0,0.0,0,0,2593.0,2593.0,0.0,2593,2593,2721.0,2721.0,0.0,2721,2721,128.0,128.0,0.0,128,128,46.93376557332276,0.0,0.0,0.0,0.0,0.0,0.0,30.32542196589694,0.0
properties,67600,92.3,74.5,38.569417937013256,56,198,3582846.0,3582846.0,0.0,3582846,3582846,0.0,0.0,0.0,0,0,0.0,0.0,0.0,0,0,2593.0,2593.0,0.0,2593,2593,2721.0,2721.0,0.0,2721,2721,128.0,128.0,0.0,128,128,41.78701834996019,0.0,0.0,0.0,0.0,0.0,0.0,25.761643118347816,0.0
properties,83100,106.1,84.5,46.68651592516591,63,246,4404346.0,4404346.0,0.0,4404346,4404346,0.0,0.0,0.0,0,0,0.0,0.0,0.0,0,0,2593.0,2593.0,0.0,2593,2593,2721.0,2721.0,0.0,2721,2721,128.0,128.0,0.0,128,128,44.00237127725345,0.0,0.0,0.0,0.0,0.0,0.0,24.08984216952982,0.0
properties,102000,110.075,98.0,37.14447710612144,74,224,5406046.0,5406046.0,0.0,5406046,5406046,0.0,0.0,0.0,0,0,0.0,0.0,0.0,0,0,2593.0,2593.0,0.0,2593,2593,2721.0,2721.0,0.0,2721,2721,128.0,128.0,0.0,128,128,33.744698710989276,0.0,0.0,0.0,0.0,0.0,0.0,20.361461963142748,0.0
properties,125000,120.725,114.5,22.950322605408132,90,200,6625046.0,6625046.0,0.0,6625046,6625046,0.0,0.0,0.0,0,0,0.0,0.0,0.0,0,0,2593.0,2593.0,0.0,2593,2593,2721.0,2721.0,0.0,2721,2721,128.0,128.0,0.0,128,128,19.010414251735874,0.0,0.0,0.0,0.0,0.0,0.0,18.22251498329219,0.0
properties,154000,140.55,133.0,26.473934931725406,111,264,8162046.0,8162046.0,0.0,8162046,8162046,0.0,0.0,0.0,0,0,0.0,0.0,0.0,0,0,2593.0,2593.0,0.0,2593,2593,2721.0,2721.0,0.0,2721,2721,128.0,128.0,0.0,128,128,18.835955127517185,0.0,0.0,0.0,0.0,0.0,0.0,17.21994705739223,0.0
properties,189000,163.925,161.5,13.405677136466455,142,220,10017046.0,10017046.0,0.0,10017046,10017046,0.0,0.0,0.0,0,0,0.0,0.0,0.0,0,0,2593.0,2593.0,0.0,2593,2593,2721.0,2721.0,0.0,2721,2721,128.0,128.0,0.0,128,128,8.177933284408391,0.0,0.0,0.0,0.0,0.0,0.0,16.36460489449684,0.0
properties,233000,213.225,205.5,41.61760444811788,183,407,12349046.0,12349046.0,0.0,12349046,12349046,0.0,0.0,0.0,0,0,0.0,0.0,0.0,0,0,2593.0,2593.0,0.0,2593,2593,2721.0,2721.0,0.0,2721,2721,128.0,128.0,0.0,128,128,19.51816365253506,0.0,0.0,0.0,0.0,0.0,0.0,17.266515972164974,0.0
properties,286000,248.2,244.5,17.623120012482424,222,297,15158046.0,15158046.0,0.0,15158046,15158046,0.0,0.0,0.0,0,0,0.0,0.0,0.0,0,0,2593.0,2593.0,0.0,2593,2593,2721.0,2721.0,0.0,2721,2721,128.0,128.0,0.0,128,128,7.100370673844651,0.0,0.0,0.0,0.0,0.0,0.0,16.374142155261964,0.0
properties,351000,300.275,294.0,23.087334189983913,271,370,18603046.0,18603046.0,0.0,18603046,18603046,0.0,0.0,0.0,0,0,0.0,0.0,0.0,0,0,2593.0,2593.0,0.0,2593,2593,2721.0,2721.0,0.0,2721,2721,128.0,128.0,0.0,128,128,7.688730060772264,0.0,0.0,0.0,0.0,0.0,0.0,16.14117387012858,0.0
properties,431000,358.225,356.0,18.831898061942265,330,402,22843046.0,22843046.0,0.0,22843046,22843046,0.0,0.0,0.0,0,0,0.0,0.0,0.0,0,0,2593.0,2593.0,0.0,2593,2593,2721.0,2721.0,0.0,2721,2721,128.0,128.0,0.0,128,128,5.2570027390445295,0.0,0.0,0.0,0.0,0.0,0.0,15.682015436995574,0.0
properties,530000,445.7,439.5,28.213653723157808,404,546,28090046.0,28090046.0,0.0,28090046,28090046,0.0,0.0,0.0,0,0,0.0,0.0,0.0,0,0,2593.0,2593.0,0.0,2593,2593,2721.0,2721.0,0.0,2721,2721,128.0,128.0,0.0,128,128,6.33018930292973,0.0,0.0,0.0,0.0,0.0,0.0,15.866830549156095,0.0
properties,651000,545.875,542.5,21.85287342486285,504,600,34503046.0,34503046.0,0.0,34503046,34503046,0.0,0.0,0.0,0,0,0.0,0.0,0.0,0,0,2593.0,2593.0,0.0,2593,2593,2721.0,2721.0,0.0,2721,2721,128.0,128.0,0.0,128,128,4.003274270641236,0.0,0.0,0.0,0.0,0.0,0.0,15.821066928409742,0.0
properties,800000,671.675,666.5,32.21831578147548,630,792,42400046.0,42400046.0,0.0,42400046,42400046,0.0,0.0,0.0,0,0,0.0,0.0,0.0,0,0,2593.0,2593.0,0.0,2593,2593,2721.0,2721.0,0.0,2721,2721,128.0,128.0,0.0,128,128,4.796712067811886,0.0,0.0,0.0,0.0,0.0,0.0,15.84137432303729,0.0
recursion,12,0.275,0.0,0.7156671622894871,0,3,5585.0,5585.0,0.0,5585,5585,0.0,0.0,0.0,0,0,0.0,0.0,0.0,0,0,1145.0,1145.0,0.0,1145,1145,1145.0,1145.0,0.0,1145,1145,0.0,0.0,0.0,0,0,260.2426044689044,0.0,0.0,0.0,0.0,0.0,0.0,49.239033124440475,0.0
recursion,13,0.275,0.0,0.5986094998689323,0,2,9041.0,9041.0,0.0,9041,9041,0.0,0.0,0.0,0,0,0.0,0.0,0.0,0,0,1145.0,1145.0,0.0,1145,1145,1145.0,1145.0,0.0,1145,1145,0.0,0.0,0.0,0,0,217.67618177052083,0.0,0.0,0.0,0.0,0.0,0.0,30.41698927109833,0.0
recursion,14,0.3,0.0,0.6484695987575829,0,2,14633.0,14633.0,0.0,14633,14633,0.0,0.0,0.0,0,0,0.0,0.0,0.0,0,0,1145.0,1145.0,0.0,1145,1145,1145.0,1145.0,0.0,1145,1145,0.0,0.0,0.0,0,0,216.1565329191943,0.0,0.0,0.0,0.0,0.0,0.0,20.501605959133464,0.0
recursion,15,0.6,0.0,0.9554164080758258,0,4,23681.0,23681.0,0.0,23681,23681,0.0,0.0,0.0,0,0,0.0,0.0,0.0,0,0,1145.0,1145.0,0.0,1145,1145,1145.0,1145.0,0.0,1145,1145,0.0,0.0,0.0,0,0,159.23606801263765,0.0,0.0,0.0,0.0,0.0,0.0,25.336767872978335,0.0
recursion,16,1.775,1.0,2.9307170733632004,0,14,38321.0,38321.0,0.0,38321,38321,0.0,0.0,0.0,0,0,0.0,0.0,0.0,0,0,1145.0,1145.0,0.0,1145,1145,1145.0,1145.0,0.0,1145,1145,0.0,0.0,0.0,0,0,165.11082103454652,0.0,0.0,0.0,0.0,0.0,0.0,46.31925054147856,0.0
recursion,17,2.5,2.0,1.9348358440936901,0,10,62009.0,62009.0,0.0,62009,62009,0.0,0.0,0.0,0,0,0.0,0.0,0.0,0,0,1145.0,1145.0,0.0,1145,1145,1145.0,1145.0,0.0,1145,1145,0.0,0.0,0.0,0,0,77.39343376374761,0.0,0.0,0.0,0.0,0.0,0.0,40.316728216871745,0.0
recursion,18,5.4,5.0,4.765258891990267,0,32,100337.0,100337.0,0.0,100337,100337,0.0,0.0,0.0,0,0,0.0,0.0,0.0,0,0,1145.0,1145.0,0.0,1145,1145,1145.0,1145.0,0.0,1145,1145,0.0,0.0,0.0,0,0,88.24553503685678,0.0,0.0,0.0,0.0,0.0,0.0,53.818631212812825,0.0
recursion,19,5.425,5.0,3.842325017285958,0,16,162353.0,162353.0,0.0,162353,162353,0.0,0.0,0.0,0,0,0.0,0.0,0.0,0,0,1145.0,1145.0,0.0,1145,1145,1145.0,1145.0,0.0,1145,1145,0.0,0.0,0.0,0,0,70.82626759974117,0.0,0.0,0.0,0.0,0.0,0.0,33.41484296563661,0.0
recursion,20,8.35,7.0,5.020726272930273,2,28,262697.0,262697.0,0.0,262697,262697,0.0,0.0,0.0,0,0,0.0,0.0,0.0,0,0,1145.0,1145.0,0.0,1145,1145,1145.0,1145.0,0.0,1145,1145,0.0,0.0,0.0,0,0,60.12845835844638,0.0,0.0,0.0,0.0,0.0,0.0,31.78566942142468,0.0
recursion,21,15.2,12.0,10.648702822169083,4,57,425057.0,425057.0,0.0,425057,425057,0.0,0.0,0.0,0,0,0.0,0.0,0.0,0,0,1145.0,1145.0,0.0,1145,1145,1145.0,1145.0,0.0,1145,1145,0.0,0.0,0.0,0,0,70.05725540900713,0.0,0.0,0.0,0.0,0.0,0.0,35.759909847385174,0.0
recursion,22,19.925,17.0,11.61649468290451,6,63,687761.0,687761.0,0.0,687761,687761,0.0,0.0,0.0,0,0,0.0,0.0,0.0,0,0,1145.0,1145.0,0.0,1145,1145,1145.0,1145.0,0.0,1145,1145,0.0,0.0,0.0,0,0,58.3011025490816,0.0,0.0,0.0,0.0,0.0,0.0,28.9708198051358,0.0
recursion,23,29.55,25.5,12.196994165230494,13,68,1112825.0,1112825.0,0.0,1112825,1112825,0.0,0.0,0.0,0,0,0.0,0.0,0.0,0,0,1145.0,1145.0,0.0,1145,1145,1145.0,1145.0,0.0,1145,1145,0.0,0.0,0.0,0,0,41.27578397709135,0.0,0.0,0.0,0.0,0.0,0.0,26.554040392694272,0.0
recursion,24,42.675,38.0,13.313551029895859,26,77,1800593.0,1800593.0,0.0,1800593,1800593,0.0,0.0,0.0,0,0,0.0,0.0,0.0,0,0,1145.0,1145.0,0.0,1145,1145,1145.0,1145.0,0.0,1145,1145,0.0,0.0,0.0,0,0,31.19754195640506,0.0,0.0,0.0,0.0,0.0,0.0,23.700525326933956,0.0
recursion,25,75.05,63.5,28.070378583947775,46,140,2913425.0,2913425.0,0.0,2913425,2913425,0.0,0.0,0.0,0,0,0.0,0.0,0.0,0,0,1145.0,1145.0,0.0,1145,1145,1145.0,1145.0,0.0,1145,1145,0.0,0.0,0.0,0,0,37.402236620849806,0.0,0.0,0.0,0.0,0.0,0.0,25.760059037044027,0.0
recursion,26,105.675,86.5,42.887681274792705,63,242,4714025.0,4714025.0,0.0,4714025,4714025,0.0,0.0,0.0,0,0,0.0,0.0,0.0,0,0,1145.0,1145.0,0.0,1145,1145,1145.0,1145.0,0.0,1145,1145,0.0,0.0,0.0,0,0,40.58451031444779,0.0,0.0,0.0,0.0,0.0,0.0,22.417148827169985,0.0
recursion,27,129.3,125.0,18.092639103889454,108,178,7627457.0,7627457.0,0.0,7627457,7627457,0.0,0.0,0.0,0,0,0.0,0.0,0.0,0,0,1145.0,1145.0,0.0,1145,1145,1145.0,1145.0,0.0,1145,1145,0.0,0.0,0.0,0,0,13.99276032783407,0.0,0.0,0.0,0.0,0.0,0.0,16.951914642062224,0.0
recursion,28,212.675,207.0,33.48967502579463,185,374,12341489.0,12341489.0,0.0,12341489,12341489,0.0,0.0,0.0,0,0,0.0,0.0,0.0,0,0,1145.0,1145.0,0.0,1145,1145,1145.0,1145.0,0.0,1145,1145,0.0,0.0,0.0,0,0,15.7468790529186,0.0,0.0,0.0,0.0,0.0,0.0,17.23252356340471,0.0
recursion,29,326.2,322.0,21.87048121825281,293,396,19968953.0,19968953.0,0.0,19968953,19968953,0.0,0.0,0.0,0,0,0.0,0.0,0.0,0,0,1145.0,1145.0,0.0,1145,1145,1145.0,1145.0,0.0,1145,1145,0.0,0.0,0.0,0,0,6.704623304185412,0.0,0.0,0.0,0.0,0.0,0.0,16.335358193291356,0.0
recursion,30,516.425,517.5,31.537431971937956,459,581,32310449.0,32310449.0,0.0,32310449,32310449,0.0,0.0,0.0,0,0,0.0,0.0,0.0,0,0,1145.0,1145.0,0.0,1145,1145,1145.0,1145.0,0.0,1145,1145,0.0,0.0,0.0,0,0,6.1068755331244535,0.0,0.0,0.0,0.0,0.0,0.0,15.983219546097919,0.0
recursion,31,853.875,843.0,47.506106220202156,791,1025,52279409.0,52279409.0,0.0,52279409,52279409,0.0,0.0,0.0,0,0,0.0,0.0,0.0,0,0,1145.0,1145.0,0.0,1145,1145,1145.0,1145.0,0.0,1145,1145,0.0,0.0,0.0,0,0,5.563590246839661,0.0,0.0,0.0,0.0,0.0,0.0,16.33291225614276,0.0
string_concat,2500,38.75,35.0,11.619501732553788,15,66,45022.0,45022.0,0.0,45022,45022,6.0,6.0,0.0,6,6,2.675,1.0,3.825605365201226,0,14,1051774.0,1051774.0,0.0,1051774,1051774,6381513.0,6381513.0,0.0,6381513,6381513,6088968.0,6088968.0,0.0,6088968,6088968,29.985810922719452,0.0,0.0,143.01328468041967,0.0,0.0,0.0,860.6903291724046,6.903225806451613
string_concat,2820,71.575,73.0,21.24929863095938,34,141,50782.0,50782.0,0.0,50782,50782,7.0,7.0,0.0,7,7,5.05,4.0,3.90889846113802,0,17,1052952.0,1052952.0,0.0,1052952,1052952,8092233.0,8092233.0,0.0,8092233,8092233,7097411.0,7097411.0,0.0,7097411,7097411,29.688157360753586,0.0,0.0,77.40392992352515,0.0,0.0,0.0,1409.456106494427,7.055536150890673
string_concat,3190,78.45,65.0,30.467258592690058,49,190,57442.0,57442.0,0.0,57442,57442,10.0,10.0,0.0,10,10,7.475,7.0,4.930218177936073,1,24,1052952.0,1052952.0,0.0,1052952,1052952,10325553.0,10325553.0,0.0,10325553,10325553,10113072.0,10113072.0,0.0,10113072,10113072,38.8365310295603,0.0,0.0,65.95609602590065,0.0,0.0,0.0,1365.7254273876258,9.528362014021669
string_concat,3600,94.575,82.5,33.01972021500065,53,175,64822.0,64822.0,0.0,64822,64822,12.0,12.0,0.0,12,12,7.95,5.0,8.095424475337747,0,36,1055073.0,1055073.0,0.0,1055073,1055073,13120113.0,13120113.0,0.0,13120113,13120113,12121976.0,12121976.0,0.0,12121976,12121976,34.913793513085544,0.0,0.0,101.82923868349367,0.0,0.0,0.0,1458.9954027953472,8.406026962727992
string_concat,4060,103.75,79.5,47.35125157417727,62,276,73102.0,73102.0,0.0,73102,73102,16.0,16.0,0.0,16,16,5.5,4.5,5.382783571197989,0,26,1055073.0,1055073.0,0.0,1055073,1055073,16655673.0,16655673.0,0.0,16655673,16655673,16128591.0,16128591.0,0.0,16128591,16128591,45.639760553423876,0.0,0.0,97.86879220359981,0.0,0.0,0.0,1419.24981532653,5.301204819277109
string_concat,4580,118.15,97.5,43.31195725230668,81,239,82462.0,82462.0,0.0,82462,82462,20.0,20.0,0.0,20,20,7.2,3.5,8.016649341630618,0,26,1055073.0,1055073.0,0.0,1055073,1055073,21161993.0,21161993.0,0.0,21161993,21161993,20129736.0,20129736.0,0.0,20129736,20129736,36.65844879585838,0.0,0.0,111.34235196709193,0.0,0.0,0.0,1432.7811598069416,6.093948370715192
string_concat,5170,118.325,116.5,13.440061622264098,94,151,93082.0,93082.0,0.0,93082,93082,26.0,26.0,0.0,26,26,7.05,4.0,7.465991269819812,0,29,1056433.0,1056433.0,0.0,1056433,1056433,26929833.0,26929833.0,0.0,26929833,26929833,26134328.0,26134328.0,0.0,26134328,26134328,11.35859845532567,0.0,0.0,105.90058538751505,0.0,0.0,0.0,1271.1909928879913,5.95816606803296
string_concat,5840,164.2,148.5,39.92634243845559,128,285,105142.0,105142.0,0.0,105142,105142,34.0,34.0,0.0,34,34,10.075,6.0,11.36658959294119,0,46,1056986.0,1056986.0,0.0,1056986,1056986,34323953.0,34323953.0,0.0,34323953,34323953,34114691.0,34114691.0,0.0,34114691,34114691,24.315677489924237,0.0,0.0,112.81974782075623,0.0,0.0,0.0,1561.697513838428,6.135809987819732
string_concat,6590,268.225,212.5,96.19331164446001,167,413,118642.0,118642.0,0.0,118642,118642,43.0,43.0,0.0,43,43,15.5,14.5,11.347653095210076,0,55,1060025.0,1060025.0,0.0,1060025,1060025,43665953.0,43665953.0,0.0,43665953,43665953,43066047.0,43066047.0,0.0,43066047,43066047,35.86291793996085,0.0,0.0,73.21066513038758,0.0,0.0,0.0,2260.792973820401,5.7787305433870815
string_concat,7440,460.55,458.0,65.87515387030149,293,643,133942.0,133942.0,0.0,133942,133942,55.0,55.0,0.0,55,55,30.6,27.5,19.081202993844695,4,96,1062734.0,1062734.0,0.0,1062734,1062734,55613553.0,55613553.0,0.0,55613553,55613553,54999843.0,54999843.0,0.0,54999843,54999843,14.303583513256212,0.0,0.0,62.356872528904226,0.0,0.0,0.0,3438.428573561691,6.644229725328412
string_concat,8400,535.725,528.0,60.52462414757427,430,704,151222.0,151222.0,0.0,151222,151222,70.0,70.0,0.0,70,70,29.7,29.0,14.759959696977843,6,68,1062734.0,1062734.0,0.0,1062734,1062734,70844913.0,70844913.0,0.0,70844913,70844913,69855183.0,69855183.0,0.0,69855183,69855183,11.297703886802795,0.0,0.0,49.69683399655839,0.0,0.0,0.0,3542.639298514767,5.543889122217555
string_concat,9480,597.95,595.5,67.62109745126013,464,799,170662.0,170662.0,0.0,170662,170662,90.0,90.0,0.0,90,90,29.6,30.0,14.058121113106447,2,58,1066388.0,1066388.0,0.0,1066388,1066388,90183393.0,90183393.0,0.0,90183393,90183393,89599743.0,89599743.0,0.0,89599743,89599743,11.308821381597143,0.0,0.0,47.4936524091434,0.0,0.0,0.0,3503.709085795315,4.9502466761434905
string_concat,10700,5723.85,710.5,31186.953541628463,414,198031,192622.0,192622.0,0.0,192622,192622,115.0,115.0,0.0,115,115,43.8,33.5,24.91441761567397,10,90,1068612.0,1068612.0,0.0,1068612,1068612,114834713.0,114834713.0,0.0,114834713,114834713,114223043.0,114223043.0,0.0,114223043,114223043,544.8597280087434,0.0,0.0,56.88223199925564,0.0,0.0,0.0,29715.453063513,0.7652192143399983
string_concat,12100,1137.175,1175.5,248.88055908870757,753,1688,217822.0,217822.0,0.0,217822,217822,148.0,148.0,0.0,148,148,58.075,57.5,24.40931673746202,5,111,1070364.0,1070364.0,0.0,1070364,1070364,146791113.0,146791113.0,0.0,146791113,146791113,146563472.0,146563472.0,0.0,146563472,146563472,21.885862693842864,0.0,0.0,42.03067884194924,0.0,0.0,0.0,5220.661824792721,5.106953635104536
string_concat,13600,1604.025,1576.5,297.91080126913903,1132,2265,244822.0,244822.0,0.0,244822,244822,187.0,187.0,0.0,187,187,99.225,93.5,34.83108507037194,37,188,1073510.0,1073510.0,0.0,1073510,1073510,185380113.0,185380113.0,0.0,185380113,185380113,184611843.0,184611843.0,0.0,184611843,184611843,18.572703123027324,0.0,0.0,35.103134361674925,0.0,0.0,0.0,6551.800900245893,6.186000841632767
string_concat,15400,2305.65,2306.5,385.65917928152913,1312,3200,277222.0,277222.0,0.0,277222,277222,241.0,241.0,0.0,241,241,134.95,137.0,40.247280526062745,45,227,1077605.0,1077605.0,0.0,1077605,1077605,237626913.0,237626913.0,0.0,237626913,237626913,237038472.0,237038472.0,0.0,237038472,237038472,16.72670089916202,0.0,0.0,29.823846258660797,0.0,0.0,0.0,8316.98061481412,5.853013250059636
string_concat,17400,3315.6,3239.5,407.37211616118367,2751,4219,313222.0,313222.0,0.0,313222,313222,309.0,309.0,0.0,309,309,159.65,157.0,29.65230133326879,111,223,1082138.0,1082138.0,0.0,1082138,1082138,303278913.0,303278913.0,0.0,303278913,303278913,302688056.0,302688056.0,0.0,302688056,302688056,12.286527812799603,0.0,0.0,18.573317465248223,0.0,0.0,0.0,10585.463345486587,4.8151164193509475
string_concat,19600,4121.85,4026.0,753.4021825810893,2213,5454,352822.0,352822.0,0.0,352822,352822,394.0,394.0,0.0,394,394,159.075,164.0,43.10653915531515,62,250,1086468.0,1086468.0,0.0,1086468,1086468,384736113.0,384736113.0,0.0,384736113,384736113,384192447.0,384192447.0,0.0,384192447,384192447,18.27825327416304,0.0,0.0,27.098248722498912,0.0,0.0,0.0,11682.519797518296,3.85931074638815
string_concat,22100,5272.625,5362.0,1064.9671642343887,2490,7595,397822.0,397822.0,0.0,397822,397822,503.0,503.0,0.0,503,503,175.15,175.5,44.12136525307066,58,254,1091745.0,1091745.0,0.0,1091745,1091745,489051113.0,489051113.0,0.0,489051113,489051113,488044728.0,488044728.0,0.0,488044728,488044728,20.198044887212514,0.0,0.0,25.19061675881853,0.0,0.0,0.0,13253.729054702857,3.321874777743534
string_concat,25000,5794.875,6309.0,1682.9051527656359,2742,8376,450022.0,450022.0,0.0,450022,450022,648.0,648.0,0.0,648,648,170.6,182.5,73.0510183505424,42,327,1096385.0,1096385.0,0.0,1096385,1096385,625716513.0,625716513.0,0.0,625716513,625716513,624682496.0,624682496.0,0.0,624682496,624682496,29.041267547024496,0.0,0.0,42.82005764979039,0.0,0.0,0.0,12876.870464110643,2.9439806725770614
