benchmark,n,exec_ms_v2,gc_count_v2,gc_ms_v2,peak_heap_bytes_v2,exec_ms_v3,gc_count_v3,gc_ms_v3,peak_heap_bytes_v3,speedup_ratio,gc_count_reduction,gc_ms_saved
arithmetic,40000,16.7,0.0,0.0,1145.0,20.4,0.0,0.0,1145.0,0.8186274509803921,0.0,0.0
arithmetic,49100,21.65,0.0,0.0,1145.0,26.0,0.0,0.0,1145.0,0.8326923076923076,0.0,0.0
arithmetic,60400,26.45,0.0,0.0,1145.0,31.425,0.0,0.0,1145.0,0.8416865552903738,0.0,0.0
arithmetic,74200,32.4,0.0,0.0,1145.0,38.125,0.0,0.0,1145.0,0.8498360655737704,0.0,0.0
arithmetic,91100,40.3,0.0,0.0,1145.0,41.225,0.0,0.0,1145.0,0.9775621588841721,0.0,0.0
arithmetic,112000,50.5,0.0,0.0,1145.0,60.125,0.0,0.0,1145.0,0.83991683991684,0.0,0.0
arithmetic,138000,71.225,0.0,0.0,1145.0,63.25,0.0,0.0,1145.0,1.126086956521739,0.0,0.0
arithmetic,169000,71.975,0.0,0.0,1145.0,73.45,0.0,0.0,1145.0,0.9799183117767187,0.0,0.0
arithmetic,208000,92.55,0.0,0.0,1145.0,88.05,0.0,0.0,1145.0,1.051107325383305,0.0,0.0
arithmetic,255000,103.8,0.0,0.0,1145.0,105.25,0.0,0.0,1145.0,0.9862232779097387,0.0,0.0
arithmetic,314000,124.425,0.0,0.0,1145.0,117.375,0.0,0.0,1145.0,1.0600638977635783,0.0,0.0
arithmetic,385000,151.025,0.0,0.0,1145.0,145.125,0.0,0.0,1145.0,1.0406546080964687,0.0,0.0
arithmetic,473000,186.175,0.0,0.0,1145.0,183.4,0.0,0.0,1145.0,1.0151308615049073,0.0,0.0
arithmetic,581000,218.525,0.0,0.0,1145.0,221.325,0.0,0.0,1145.0,0.9873489212696261,0.0,0.0
arithmetic,714000,266.1,0.0,0.0,1145.0,265.275,0.0,0.0,1145.0,1.003109980209217,0.0,0.0
arithmetic,878000,324.8,0.0,0.0,1145.0,322.15,0.0,0.0,1145.0,1.0082259816855503,0.0,0.0
arithmetic,1080000,391.95,0.0,0.0,1145.0,387.275,0.0,0.0,1145.0,1.0120715254018462,0.0,0.0
arithmetic,1320000,492.925,0.0,0.0,1145.0,469.85,0.0,0.0,1145.0,1.0491114185378312,0.0,0.0
arithmetic,1630000,619.6,0.0,0.0,1145.0,574.2,0.0,0.0,1145.0,1.0790665273423894,0.0,0.0
arithmetic,2000000,776.825,0.0,0.0,1145.0,688.55,0.0,0.0,1145.0,1.1282041972260548,0.0,0.0
classes,12000,13.175,486.0,2.675,1048657.0,15.525,2.0,3.125,1048657.0,0.8486312399355878,484.0,-0.4500000000000002
classes,14700,15.275,694.0,3.925,1048657.0,17.7,2.0,2.8,1048657.0,0.862994350282486,692.0,1.125
classes,18100,18.325,955.0,4.275,1048657.0,21.7,3.0,4.375,1048657.0,0.8444700460829493,952.0,-0.09999999999999964
classes,22300,25.125,1278.0,6.3,1048657.0,26.3,3.0,4.375,1048657.0,0.9553231939163498,1275.0,1.9249999999999998
classes,27300,31.375,1663.0,8.35,1048657.0,32.925,4.0,5.3,1048657.0,0.9529233105542901,1659.0,3.05
classes,33600,36.275,2148.0,8.75,1048657.0,39.55,5.0,6.45,1048657.0,0.9171934260429836,2143.0,2.3
classes,41300,41.85,2740.0,9.1,1048657.0,47.375,7.0,9.1,1048657.0,0.883377308707124,2733.0,0.0
classes,50700,48.3,3463.0,12.55,1048657.0,54.25,8.0,11.725,1048657.0,0.8903225806451612,3455.0,0.8250000000000011
classes,62300,59.05,4355.0,11.875,1048657.0,67.675,10.0,14.65,1048657.0,0.8725526413003325,4345.0,-2.7750000000000004
classes,76600,71.675,5455.0,14.15,1048657.0,87.35,13.0,20.25,1048657.0,0.8205495134516314,5442.0,-6.1
classes,94100,88.5,6801.0,17.475,1048657.0,130.125,16.0,27.675,1048657.0,0.6801152737752162,6785.0,-10.2
classes,116000,111.325,8486.0,28.0,1048657.0,144.95,20.0,31.7,1048657.0,0.7680234563642636,8466.0,-3.6999999999999993
classes,142000,126.2,10486.0,24.65,1048657.0,189.825,24.0,38.025,1048657.0,0.6648228631634401,10462.0,-13.375
classes,174000,161.525,12948.0,33.2,1048657.0,197.9,30.0,42.4,1048657.0,0.8161950480040424,12918.0,-9.199999999999996
classes,214000,190.275,16025.0,43.25,1048657.0,223.125,37.0,42.45,1048657.0,0.8527731092436975,15988.0,0.7999999999999972
classes,263000,228.975,19794.0,50.925,1048657.0,269.175,46.0,48.85,1048657.0,0.85065477848983,19748.0,2.0749999999999957
classes,324000,276.0,24486.0,54.6,1048657.0,324.075,56.0,58.225,1048657.0,0.8516547095579727,24430.0,-3.625
classes,397000,332.375,30101.0,77.1,1048657.0,373.475,69.0,72.15,1048657.0,0.8899524733917933,30032.0,4.949999999999989
classes,488000,406.675,37101.0,94.5,1048657.0,480.85,85.0,92.275,1048657.0,0.8457419153582199,37016.0,2.2249999999999943
classes,600000,535.85,45717.0,119.425,1048657.0,544.075,105.0,109.55,1048657.0,0.9848825989064007,45612.0,9.875
closures,14000,15.15,0.0,0.0,842577.0,23.85,0.0,0.0,842577.0,0.6352201257861635,0.0,0.0
closures,17200,14.725,0.0,0.0,1034577.0,34.475,0.0,0.0,1034577.0,0.42712110224800576,0.0,0.0
closures,21100,26.025,84.0,4.875,1048585.0,48.375,1.0,7.275,1048585.0,0.537984496124031,83.0,-2.4000000000000004
closures,26000,27.75,195.0,5.625,1048585.0,61.125,1.0,6.45,1048585.0,0.4539877300613497,194.0,-0.8250000000000002
closures,31900,38.175,329.0,7.125,1048585.0,54.475,1.0,5.325,1048585.0,0.7007801743919229,328.0,1.7999999999999998
closures,39200,43.35,495.0,8.0,1048585.0,50.775,2.0,7.675,1048585.0,0.8537666174298376,493.0,0.3250000000000002
closures,48200,52.975,700.0,8.5,1048585.0,67.675,2.0,8.025,1048585.0,0.7827853712596972,698.0,0.47499999999999964
closures,59200,73.75,950.0,12.225,1048585.0,95.075,3.0,11.525,1048585.0,0.7757033920589008,947.0,0.6999999999999993
closures,72700,89.7,1257.0,12.65,1048585.0,102.325,4.0,14.85,1048585.0,0.8766186171512338,1253.0,-2.1999999999999993
closures,89300,100.475,1634.0,17.475,1048585.0,102.85,5.0,12.925,1048585.0,0.9769081186193486,1629.0,4.550000000000001
closures,110000,117.7,2104.0,20.65,1048585.0,114.85,6.0,14.825,1048585.0,1.024814976055725,2098.0,5.824999999999999
closures,135000,144.375,2672.0,23.325,1048585.0,137.775,7.0,17.3,1048585.0,1.0479041916167664,2665.0,6.024999999999999
closures,166000,175.65,3377.0,27.775,1048585.0,181.0,9.0,28.65,1048585.0,0.9704419889502762,3368.0,-0.875
closures,204000,211.3,4241.0,34.275,1048585.0,219.375,11.0,33.85,1048585.0,0.9631908831908832,4230.0,0.42499999999999716
closures,250000,246.875,5286.0,39.1,1048585.0,237.925,14.0,36.15,1048585.0,1.0376168960806977,5272.0,2.950000000000003
closures,307000,302.25,6582.0,48.225,1048585.0,285.725,17.0,44.175,1048585.0,1.0578353311750808,6565.0,4.050000000000004
closures,377000,354.425,8172.0,55.85,1048585.0,346.475,21.0,47.275,1048585.0,1.022945378454434,8151.0,8.575000000000003
closures,464000,424.9,10150.0,69.275,1048585.0,409.625,26.0,62.575,1048585.0,1.0372902044552945,10124.0,6.700000000000003
closures,570000,613.425,12559.0,97.925,1048585.0,488.35,32.0,72.1,1048585.0,1.2561175386505579,12527.0,25.825000000000003
closures,700000,756.45,15513.0,120.75,1048585.0,588.975,40.0,88.95,1048585.0,1.2843499299630714,15473.0,31.799999999999997
control_flow,20000,22.175,0.0,0.0,2169.0,31.825,0.0,0.0,2169.0,0.6967792615868028,0.0,0.0
control_flow,24600,28.925,0.0,0.0,2169.0,35.125,0.0,0.0,2169.0,0.8234875444839858,0.0,0.0
control_flow,30200,35.6,0.0,0.0,2169.0,38.375,0.0,0.0,2169.0,0.9276872964169381,0.0,0.0
control_flow,37100,44.475,0.0,0.0,2169.0,41.5,0.0,0.0,2169.0,1.0716867469879519,0.0,0.0
control_flow,45600,55.6,0.0,0.0,2169.0,54.675,0.0,0.0,2169.0,1.016918152720622,0.0,0.0
control_flow,56000,69.95,0.0,0.0,2169.0,82.075,0.0,0.0,2169.0,0.8522692659153214,0.0,0.0
control_flow,68800,78.825,0.0,0.0,2169.0,98.4,0.0,0.0,2169.0,0.8010670731707317,0.0,0.0
control_flow,84500,92.5,0.0,0.0,2169.0,104.475,0.0,0.0,2169.0,0.8853792773390764,0.0,0.0
control_flow,104000,104.75,0.0,0.0,2169.0,110.3,0.0,0.0,2169.0,0.9496826835902086,0.0,0.0
control_flow,128000,131.875,0.0,0.0,2169.0,108.7,0.0,0.0,2169.0,1.2132014719411224,0.0,0.0
control_flow,157000,153.025,0.0,0.0,2169.0,128.625,0.0,0.0,2169.0,1.1896987366375122,0.0,0.0
control_flow,193000,215.2,0.0,0.0,2169.0,161.125,0.0,0.0,2169.0,1.3356089992242048,0.0,0.0
control_flow,237000,240.0,0.0,0.0,2169.0,199.275,0.0,0.0,2169.0,1.204365826119684,0.0,0.0
control_flow,291000,276.0,0.0,0.0,2169.0,235.95,0.0,0.0,2169.0,1.1697393515575334,0.0,0.0
control_flow,357000,311.825,0.0,0.0,2169.0,291.225,0.0,0.0,2169.0,1.0707356854665635,0.0,0.0
control_flow,439000,490.825,0.0,0.0,2169.0,341.05,0.0,0.0,2169.0,1.43915848116112,0.0,0.0
control_flow,539000,449.425,0.0,0.0,2169.0,408.325,0.0,0.0,2169.0,1.1006551154105186,0.0,0.0
control_flow,662000,616.475,0.0,0.0,2169.0,489.825,0.0,0.0,2169.0,1.2585617312305415,0.0,0.0
control_flow,814000,866.55,0.0,0.0,2169.0,586.35,0.0,0.0,2169.0,1.4778715784088001,0.0,0.0
control_flow,1000000,865.8,0.0,0.0,2169.0,697.725,0.0,0.0,2169.0,1.2408900354724282,0.0,0.0
gc_stress,6000,25.675,4.0,6.8,1248563.0,22.525,3.0,4.55,1258547.0,1.13984461709212,1.0,2.25
gc_stress,7370,36.975,5.0,10.675,1664771.0,25.4,4.0,6.075,1556819.0,1.455708661417323,1.0,4.6000000000000005
gc_stress,9060,40.675,5.0,10.375,2027315.0,34.2,5.0,9.25,2075363.0,1.1893274853801168,0.0,1.125
gc_stress,11100,50.475,6.0,14.55,2242283.0,44.15,5.0,9.625,2434475.0,1.1432616081540206,1.0,4.925000000000001
gc_stress,13700,63.525,7.0,19.55,2959571.0,46.35,6.0,11.3,2767379.0,1.3705501618122977,1.0,8.25
gc_stress,16800,73.85,7.0,19.5,3923339.0,64.2,7.0,16.4,3689651.0,1.1503115264797505,0.0,3.1000000000000014
gc_stress,20600,85.525,8.0,24.15,4386347.0,85.15,7.0,21.075,4727987.0,1.0044039929536113,1.0,3.0749999999999993
gc_stress,25400,106.675,9.0,31.475,5261507.0,95.275,8.0,23.475,5334515.0,1.119653634216741,1.0,8.0
gc_stress,31200,126.925,10.0,36.875,7015571.0,101.775,9.0,28.85,6559427.0,1.247113731269958,1.0,8.024999999999999
gc_stress,38300,143.675,10.0,39.125,8577443.0,119.075,10.0,35.35,8745923.0,1.2065924837287425,0.0,3.7749999999999986
gc_stress,47000,199.1,11.0,61.825,9531227.0,128.025,10.0,29.75,10341491.0,1.5551650068346026,1.0,32.075
gc_stress,57800,208.8,12.0,61.25,12471827.0,163.375,11.0,44.025,11661251.0,1.2780413159908188,1.0,17.225
gc_stress,71000,231.325,12.0,59.95,16605827.0,212.45,12.0,64.05,15548771.0,1.088844433984467,0.0,-4.099999999999994
gc_stress,87200,282.975,13.0,82.925,18644435.0,243.65,12.0,61.75,20085251.0,1.1613995485327315,1.0,21.174999999999997
gc_stress,107000,332.8,14.0,104.625,22171907.0,290.55,13.0,85.4,22440851.0,1.145413870246085,1.0,19.224999999999994
gc_stress,132000,491.55,15.0,168.85,29562563.0,363.95,14.0,108.3,27641891.0,1.3505976095617531,1.0,60.55
gc_stress,162000,605.075,15.0,177.475,36405971.0,462.325,15.0,148.55,36855875.0,1.3087654788298275,0.0,28.924999999999983
gc_stress,199000,632.45,16.0,196.725,40583027.0,518.75,15.0,147.675,43997555.0,1.2191807228915663,1.0,49.04999999999998
gc_stress,244000,736.775,17.0,248.45,52555715.0,661.2,16.0,200.925,49141187.0,1.1142997580157288,1.0,47.52499999999998
gc_stress,300000,937.55,18.0,335.2,70074515.0,805.875,17.0,261.875,65521811.0,1.1633938265860089,1.0,73.32499999999999
globals,14000,13.45,0.0,0.0,2104.0,14.95,0.0,0.0,2104.0,0.8996655518394648,0.0,0.0
globals,17200,15.25,0.0,0.0,2104.0,16.875,0.0,0.0,2104.0,0.9037037037037037,0.0,0.0
globals,21100,18.575,0.0,0.0,2104.0,20.15,0.0,0.0,2104.0,0.9218362282878412,0.0,0.0
globals,26000,24.175,0.0,0.0,2104.0,23.7,0.0,0.0,2104.0,1.020042194092827,0.0,0.0
globals,31900,32.1,0.0,0.0,2104.0,31.875,0.0,0.0,2104.0,1.0070588235294118,0.0,0.0
globals,39200,41.075,0.0,0.0,2104.0,35.075,0.0,0.0,2104.0,1.1710620099786173,0.0,0.0
globals,48200,52.45,0.0,0.0,2104.0,40.95,0.0,0.0,2104.0,1.2808302808302807,0.0,0.0
globals,59200,62.325,0.0,0.0,2104.0,56.125,0.0,0.0,2104.0,1.110467706013363,0.0,0.0
globals,72700,73.5,0.0,0.0,2104.0,60.4,0.0,0.0,2104.0,1.216887417218543,0.0,0.0
globals,89300,91.2,0.0,0.0,2104.0,88.5,0.0,0.0,2104.0,1.0305084745762711,0.0,0.0
globals,110000,155.95,0.0,0.0,2104.0,108.125,0.0,0.0,2104.0,1.4423121387283235,0.0,0.0
globals,135000,118.7,0.0,0.0,2104.0,110.525,0.0,0.0,2104.0,1.0739651662519791,0.0,0.0
globals,166000,145.725,0.0,0.0,2104.0,108.65,0.0,0.0,2104.0,1.3412333179935572,0.0,0.0
globals,204000,201.025,0.0,0.0,2104.0,127.95,0.0,0.0,2104.0,1.5711215318483782,0.0,0.0
globals,250000,276.0,0.0,0.0,2104.0,233.85,0.0,0.0,2104.0,1.18024374599102,0.0,0.0
globals,307000,280.425,0.0,0.0,2104.0,210.1,0.0,0.0,2104.0,1.3347215611613519,0.0,0.0
globals,377000,300.825,0.0,0.0,2104.0,230.925,0.0,0.0,2104.0,1.3026956804157193,0.0,0.0
globals,464000,340.275,0.0,0.0,2104.0,272.75,0.0,0.0,2104.0,1.247571035747021,0.0,0.0
globals,570000,403.425,0.0,0.0,2104.0,328.425,0.0,0.0,2104.0,1.228362639872117,0.0,0.0
globals,700000,520.075,0.0,0.0,2104.0,394.95,0.0,0.0,2104.0,1.316812254715787,0.0,0.0
integrated,8000,43.375,246.0,5.95,1048692.0,36.8,2.0,2.425,1048692.0,1.1786684782608696,244.0,3.5250000000000004
integrated,9830,55.0,342.0,5.975,1048692.0,42.15,2.0,2.625,1048692.0,1.3048635824436536,340.0,3.3499999999999996
integrated,12100,66.75,462.0,7.725,1048692.0,52.9,3.0,4.825,1048692.0,1.2618147448015122,459.0,2.8999999999999995
integrated,14800,81.95,604.0,8.475,1048692.0,69.625,4.0,5.55,1048692.0,1.177019748653501,600.0,2.925
integrated,18200,90.8,783.0,7.175,1048692.0,84.5,5.0,6.375,1048692.0,1.0745562130177515,778.0,0.7999999999999998
integrated,22400,110.65,1005.0,10.75,1048692.0,102.325,6.0,9.375,1048696.0,1.0813584168091865,999.0,1.375
integrated,27500,128.475,1273.0,12.825,1048692.0,103.0,8.0,9.55,1048696.0,1.2473300970873786,1265.0,3.2749999999999986
integrated,33800,151.675,1605.0,14.625,1048692.0,108.025,10.0,9.05,1048696.0,1.404073131219625,1595.0,5.574999999999999
integrated,41500,185.725,2011.0,18.925,1048692.0,179.225,12.0,16.825,1048696.0,1.0362672618217326,1999.0,2.1000000000000014
integrated,51000,220.05,2511.0,21.05,1048692.0,4208.65,15.0,24.725,1048696.0,0.05228517458092263,2496.0,-3.6750000000000007
integrated,62700,263.5,3128.0,23.45,1048692.0,183.9,18.0,15.2,1048696.0,1.4328439369222403,3110.0,8.25
integrated,77000,303.4,3881.0,28.65,1048692.0,231.65,23.0,20.325,1048696.0,1.309734513274336,3858.0,8.325
integrated,94700,369.625,4814.0,36.75,1048692.0,275.825,28.0,34.3,1048696.0,1.3400706969999094,4786.0,2.450000000000003
integrated,116000,426.25,5935.0,45.2,1048692.0,327.45,34.0,26.275,1048696.0,1.3017254542678272,5901.0,18.925000000000004
integrated,143000,575.225,7334.0,58.6,1048692.0,422.7,42.0,36.05,1048696.0,1.3608351076413534,7292.0,22.550000000000004
integrated,176000,738.675,9002.0,80.275,1048692.0,480.05,52.0,43.425,1048696.0,1.538745963962087,8950.0,36.85000000000001
integrated,216000,892.3,11007.0,85.875,1048692.0,564.0,64.0,37.325,1048701.0,1.5820921985815601,10943.0,48.55
integrated,265000,1010.475,13501.0,97.45,1048692.0,683.525,79.0,56.075,1048701.0,1.4783292491130537,13422.0,41.375
integrated,326000,1351.35,16592.0,125.3,1048692.0,816.7,97.0,68.25,1048701.0,1.654646749112281,16495.0,57.05
integrated,400000,1689.9,20299.0,164.225,1048692.0,1013.125,119.0,64.7,1048703.0,1.6680074028377545,20180.0,99.52499999999999
locals,28000,19.9,0.0,0.0,1465.0,18.45,0.0,0.0,1465.0,1.078590785907859,0.0,0.0
locals,34400,22.525,0.0,0.0,1465.0,16.6,0.0,0.0,1465.0,1.3569277108433733,0.0,0.0
locals,42300,27.025,0.0,0.0,1465.0,24.35,0.0,0.0,1465.0,1.1098562628336754,0.0,0.0
locals,51900,36.5,0.0,0.0,1465.0,27.775,0.0,0.0,1465.0,1.3141314131413142,0.0,0.0
locals,63800,42.375,0.0,0.0,1465.0,30.325,0.0,0.0,1465.0,1.3973619126133554,0.0,0.0
locals,78400,54.15,0.0,0.0,1465.0,35.85,0.0,0.0,1465.0,1.510460251046025,0.0,0.0
locals,96300,65.775,0.0,0.0,1465.0,45.8,0.0,0.0,1465.0,1.4361353711790394,0.0,0.0
locals,118000,77.1,0.0,0.0,1465.0,55.425,0.0,0.0,1465.0,1.3910690121786198,0.0,0.0
locals,145000,91.875,0.0,0.0,1465.0,84.225,0.0,0.0,1465.0,1.0908281389136243,0.0,0.0
locals,179000,106.35,0.0,0.0,1465.0,98.8,0.0,0.0,1465.0,1.076417004048583,0.0,0.0
locals,219000,128.125,0.0,0.0,1465.0,102.1,0.0,0.0,1465.0,1.2548971596474046,0.0,0.0
locals,270000,148.925,0.0,0.0,1465.0,105.55,0.0,0.0,1465.0,1.410942681193747,0.0,0.0
locals,331000,182.825,0.0,0.0,1465.0,109.05,0.0,0.0,1465.0,1.6765245300320952,0.0,0.0
locals,407000,219.25,0.0,0.0,1465.0,137.475,0.0,0.0,1465.0,1.5948354246226588,0.0,0.0
locals,500000,262.0,0.0,0.0,1465.0,171.475,0.0,0.0,1465.0,1.5279195217961803,0.0,0.0
locals,614000,297.775,0.0,0.0,1465.0,202.325,0.0,0.0,1465.0,1.4717657234647226,0.0,0.0
locals,755000,341.325,0.0,0.0,1465.0,253.175,0.0,0.0,1465.0,1.3481781376518218,0.0,0.0
locals,927000,401.625,0.0,0.0,1465.0,303.775,0.0,0.0,1465.0,1.322113406304008,0.0,0.0
locals,1140000,561.35,0.0,0.0,1465.0,361.25,0.0,0.0,1465.0,1.5539100346020762,0.0,0.0
locals,1400000,860.425,0.0,0.0,1465.0,606.35,0.0,0.0,1465.0,1.4190236661993896,0.0,0.0
methods,16000,35.1,0.0,0.0,3736.0,21.85,0.0,0.0,3736.0,1.6064073226544622,0.0,0.0
methods,19700,41.5,0.0,0.0,3736.0,33.55,0.0,0.0,3736.0,1.2369597615499255,0.0,0.0
methods,24200,52.05,0.0,0.0,3736.0,35.225,0.0,0.0,3736.0,1.4776437189496094,0.0,0.0
methods,29700,60.725,0.0,0.0,3736.0,47.025,0.0,0.0,3736.0,1.2913343965975546,0.0,0.0
methods,36500,70.05,0.0,0.0,3736.0,55.45,0.0,0.0,3736.0,1.2633002705139764,0.0,0.0
methods,44800,76.65,0.0,0.0,3736.0,56.0,0.0,0.0,3736.0,1.3687500000000001,0.0,0.0
methods,55000,90.925,0.0,0.0,3736.0,85.825,0.0,0.0,3736.0,1.0594232449752403,0.0,0.0
methods,67600,107.65,0.0,0.0,3736.0,104.075,0.0,0.0,3736.0,1.0343502282008168,0.0,0.0
methods,83100,131.0,0.0,0.0,3736.0,94.45,0.0,0.0,3736.0,1.3869772366331392,0.0,0.0
methods,102000,159.325,0.0,0.0,3736.0,111.9,0.0,0.0,3736.0,1.4238159070598748,0.0,0.0
methods,125000,198.775,0.0,0.0,3736.0,134.375,0.0,0.0,3736.0,1.4792558139534884,0.0,0.0
methods,154000,208.75,0.0,0.0,3736.0,137.775,0.0,0.0,3736.0,1.5151515151515151,0.0,0.0
methods,189000,280.3,0.0,0.0,3736.0,171.075,0.0,0.0,3736.0,1.6384626625748941,0.0,0.0
methods,233000,306.125,0.0,0.0,3736.0,208.675,0.0,0.0,3736.0,1.466994129627411,0.0,0.0
methods,286000,362.275,0.0,0.0,3736.0,252.7,0.0,0.0,3736.0,1.4336169370795409,0.0,0.0
methods,351000,406.7,0.0,0.0,3736.0,295.275,0.0,0.0,3736.0,1.3773600880535095,0.0,0.0
methods,431000,504.1,0.0,0.0,3736.0,371.875,0.0,0.0,3736.0,1.355563025210084,0.0,0.0
methods,530000,595.45,0.0,0.0,3736.0,433.525,0.0,0.0,3736.0,1.373507871518367,0.0,0.0
methods,651000,719.525,0.0,0.0,3736.0,523.6,0.0,0.0,3736.0,1.3741883116883116,0.0,0.0
methods,800000,882.725,0.0,0.0,3736.0,691.425,0.0,0.0,3736.0,1.2766749828253245,0.0,0.0
properties,16000,23.275,0.0,0.0,2593.0,28.325,0.0,0.0,2593.0,0.8217122683142101,0.0,0.0
properties,19700,32.275,0.0,0.0,2593.0,31.225,0.0,0.0,2593.0,1.033626901521217,0.0,0.0
properties,24200,40.275,0.0,0.0,2593.0,38.175,0.0,0.0,2593.0,1.0550098231827112,0.0,0.0
properties,29700,50.775,0.0,0.0,2593.0,40.25,0.0,0.0,2593.0,1.2614906832298136,0.0,0.0
properties,36500,61.275,0.0,0.0,2593.0,54.4,0.0,0.0,2593.0,1.1263786764705883,0.0,0.0
properties,44800,81.625,0.0,0.0,2593.0,73.0,0.0,0.0,2593.0,1.1181506849315068,0.0,0.0
properties,55000,94.85,0.0,0.0,2593.0,88.4,0.0,0.0,2593.0,1.0729638009049773,0.0,0.0
properties,67600,106.4,0.0,0.0,2593.0,92.3,0.0,0.0,2593.0,1.152762730227519,0.0,0.0
properties,83100,127.025,0.0,0.0,2593.0,106.1,0.0,0.0,2593.0,1.1972196041470313,0.0,0.0
properties,102000,152.1,0.0,0.0,2593.0,110.075,0.0,0.0,2593.0,1.3817851464910287,0.0,0.0
properties,125000,179.65,0.0,0.0,2593.0,120.725,0.0,0.0,2593.0,1.488092772830814,0.0,0.0
properties,154000,208.975,0.0,0.0,2593.0,140.55,0.0,0.0,2593.0,1.4868374244041265,0.0,0.0
properties,189000,249.375,0.0,0.0,2593.0,163.925,0.0,0.0,2593.0,1.5212749733109652,0.0,0.0
properties,233000,297.75,0.0,0.0,2593.0,213.225,0.0,0.0,2593.0,1.3964122405909252,0.0,0.0
properties,286000,349.0,0.0,0.0,2593.0,248.2,0.0,0.0,2593.0,1.4061240934730057,0.0,0.0
properties,351000,398.575,0.0,0.0,2593.0,300.275,0.0,0.0,2593.0,1.3273665806344186,0.0,0.0
properties,431000,481.925,0.0,0.0,2593.0,358.225,0.0,0.0,2593.0,1.3453136994905437,0.0,0.0
properties,530000,611.0,0.0,0.0,2593.0,445.7,0.0,0.0,2593.0,1.3708772717074265,0.0,0.0
properties,651000,721.325,0.0,0.0,2593.0,545.875,0.0,0.0,2593.0,1.3214105793450883,0.0,0.0
properties,800000,926.4,0.0,0.0,2593.0,671.675,0.0,0.0,2593.0,1.3792384709867125,0.0,0.0
recursion,12,0.075,0.0,0.0,1145.0,0.275,0.0,0.0,1145.0,0.2727272727272727,0.0,0.0
recursion,13,0.225,0.0,0.0,1145.0,0.275,0.0,0.0,1145.0,0.8181818181818181,0.0,0.0
recursion,14,0.475,0.0,0.0,1145.0,0.3,0.0,0.0,1145.0,1.5833333333333333,0.0,0.0
recursion,15,1.0,0.0,0.0,1145.0,0.6,0.0,0.0,1145.0,1.6666666666666667,0.0,0.0
recursion,16,1.275,0.0,0.0,1145.0,1.775,0.0,0.0,1145.0,0.7183098591549295,0.0,0.0
recursion,17,1.925,0.0,0.0,1145.0,2.5,0.0,0.0,1145.0,0.77,0.0,0.0
recursion,18,3.225,0.0,0.0,1145.0,5.4,0.0,0.0,1145.0,0.5972222222222222,0.0,0.0
recursion,19,5.1,0.0,0.0,1145.0,5.425,0.0,0.0,1145.0,0.9400921658986174,0.0,0.0
recursion,20,7.975,0.0,0.0,1145.0,8.35,0.0,0.0,1145.0,0.9550898203592815,0.0,0.0
recursion,21,12.425,0.0,0.0,1145.0,15.2,0.0,0.0,1145.0,0.8174342105263159,0.0,0.0
recursion,22,23.575,0.0,0.0,1145.0,19.925,0.0,0.0,1145.0,1.1831869510664994,0.0,0.0
recursion,23,46.05,0.0,0.0,1145.0,29.55,0.0,0.0,1145.0,1.5583756345177664,0.0,0.0
recursion,24,58.0,0.0,0.0,1145.0,42.675,0.0,0.0,1145.0,1.3591095489162275,0.0,0.0
recursion,25,90.25,0.0,0.0,1145.0,75.05,0.0,0.0,1145.0,1.2025316455696202,0.0,0.0
recursion,26,169.05,0.0,0.0,1145.0,105.675,0.0,0.0,1145.0,1.5997161107168205,0.0,0.0
recursion,27,225.625,0.0,0.0,1145.0,129.3,0.0,0.0,1145.0,1.7449729311678266,0.0,0.0
recursion,28,337.925,0.0,0.0,1145.0,212.675,0.0,0.0,1145.0,1.5889267661925472,0.0,0.0
recursion,29,532.925,0.0,0.0,1145.0,326.2,0.0,0.0,1145.0,1.633736971183323,0.0,0.0
recursion,30,814.35,0.0,0.0,1145.0,516.425,0.0,0.0,1145.0,1.5768988720530572,0.0,0.0
recursion,31,1238.425,0.0,0.0,1145.0,853.875,0.0,0.0,1145.0,1.4503586590543112,0.0,0.0
string_concat,2500,63.225,124.0,10.275,1049741.0,38.75,6.0,2.675,1051774.0,1.6316129032258064,118.0,7.6000000000000005
string_concat,2820,76.475,160.0,10.675,1049741.0,71.575,7.0,5.05,1052952.0,1.0684596577017114,153.0,5.625000000000001
string_concat,3190,90.975,206.0,12.95,1049741.0,78.45,10.0,7.475,1052952.0,1.1596558317399617,196.0,5.475
string_concat,3600,110.75,261.0,14.0,1049741.0,94.575,12.0,7.95,1055073.0,1.1710282844303463,249.0,6.05
string_concat,4060,128.075,327.0,13.475,1049741.0,103.75,16.0,5.5,1055073.0,1.2344578313253012,311.0,7.975
string_concat,4580,161.975,410.0,17.05,1049741.0,118.15,20.0,7.2,1055073.0,1.3709267879813796,390.0,9.850000000000001
string_concat,5170,211.025,508.0,25.375,1049741.0,118.325,26.0,7.05,1056433.0,1.7834354532009296,482.0,18.325
string_concat,5840,241.025,627.0,27.875,1049741.0,164.2,34.0,10.075,1056986.0,1.4678745432399514,593.0,17.8
string_concat,6590,289.35,777.0,25.225,1049741.0,268.225,43.0,15.5,1060025.0,1.0787585049864852,734.0,9.725000000000001
string_concat,7440,330.65,947.0,28.075,1049741.0,460.55,55.0,30.6,1062734.0,0.7179459342090978,892.0,-2.525000000000002
string_concat,8400,393.8,1139.0,32.05,1049741.0,535.725,70.0,29.7,1062734.0,0.7350786317606981,1069.0,2.349999999999998
string_concat,9480,496.025,1406.0,44.975,1049741.0,597.95,90.0,29.6,1066388.0,0.8295426038966468,1316.0,15.375
string_concat,10700,595.55,1711.0,47.525,1049741.0,5723.85,115.0,43.8,1068612.0,0.10404710116442603,1596.0,3.7250000000000014
string_concat,12100,732.975,2061.0,49.45,1049741.0,1137.175,148.0,58.075,1070364.0,0.644557785740981,1913.0,-8.625
string_concat,13600,849.65,2436.0,50.625,1049741.0,1604.025,187.0,99.225,1073510.0,0.5296987266407942,2249.0,-48.599999999999994
string_concat,15400,1155.85,2886.0,65.675,1049741.0,2305.65,241.0,134.95,1077605.0,0.5013119944484201,2645.0,-69.27499999999999
string_concat,17400,1544.5,3427.0,76.5,1049741.0,3315.6,309.0,159.65,1082138.0,0.4658282060562191,3118.0,-83.15
string_concat,19600,1918.525,4160.0,88.025,1049741.0,4121.85,394.0,159.075,1086468.0,0.46545240607979427,3766.0,-71.04999999999998
string_concat,22100,2535.15,4993.0,108.25,1049741.0,5272.625,503.0,175.15,1091745.0,0.4808136364713971,4490.0,-66.9
string_concat,25000,2949.225,5960.0,103.625,1049741.0,5794.875,648.0,170.6,1096385.0,0.5089367760305442,5312.0,-66.975
