benchmark,input_size,run,opcode,count
allocation,1000000,1,OP_CONSTANT,1000003
allocation,1000000,1,OP_NIL,1
allocation,1000000,1,OP_POP,4000002
allocation,1000000,1,OP_GET_LOCAL,3000000
allocation,1000000,1,OP_GET_GLOBAL,5000003
allocation,1000000,1,OP_DEFINE_GLOBAL,3
allocation,1000000,1,OP_SET_GLOBAL,1000000
allocation,1000000,1,OP_SET_PROPERTY,1000000
allocation,1000000,1,OP_LESS,1000001
allocation,1000000,1,OP_ADD,1000000
allocation,1000000,1,OP_PRINT,1
allocation,1000000,1,OP_JUMP_IF_FALSE,1000001
allocation,1000000,1,OP_LOOP,1000000
allocation,1000000,1,OP_CALL,1000000
allocation,1000000,1,OP_CLOSURE,1
allocation,1000000,1,OP_RETURN,1000001
allocation,1000000,1,OP_CLASS,1
allocation,1000000,1,OP_METHOD,1
allocation,1000000,2,OP_CONSTANT,1000003
allocation,1000000,2,OP_NIL,1
allocation,1000000,2,OP_POP,4000002
allocation,1000000,2,OP_GET_LOCAL,3000000
allocation,1000000,2,OP_GET_GLOBAL,5000003
allocation,1000000,2,OP_DEFINE_GLOBAL,3
allocation,1000000,2,OP_SET_GLOBAL,1000000
allocation,1000000,2,OP_SET_PROPERTY,1000000
allocation,1000000,2,OP_LESS,1000001
allocation,1000000,2,OP_ADD,1000000
allocation,1000000,2,OP_PRINT,1
allocation,1000000,2,OP_JUMP_IF_FALSE,1000001
allocation,1000000,2,OP_LOOP,1000000
allocation,1000000,2,OP_CALL,1000000
allocation,1000000,2,OP_CLOSURE,1
allocation,1000000,2,OP_RETURN,1000001
allocation,1000000,2,OP_CLASS,1
allocation,1000000,2,OP_METHOD,1
allocation,1000000,3,OP_CONSTANT,1000003
allocation,1000000,3,OP_NIL,1
allocation,1000000,3,OP_POP,4000002
allocation,1000000,3,OP_GET_LOCAL,3000000
allocation,1000000,3,OP_GET_GLOBAL,5000003
allocation,1000000,3,OP_DEFINE_GLOBAL,3
allocation,1000000,3,OP_SET_GLOBAL,1000000
allocation,1000000,3,OP_SET_PROPERTY,1000000
allocation,1000000,3,OP_LESS,1000001
allocation,1000000,3,OP_ADD,1000000
allocation,1000000,3,OP_PRINT,1
allocation,1000000,3,OP_JUMP_IF_FALSE,1000001
allocation,1000000,3,OP_LOOP,1000000
allocation,1000000,3,OP_CALL,1000000
allocation,1000000,3,OP_CLOSURE,1
allocation,1000000,3,OP_RETURN,1000001
allocation,1000000,3,OP_CLASS,1
allocation,1000000,3,OP_METHOD,1
allocation,1000000,4,OP_CONSTANT,1000003
allocation,1000000,4,OP_NIL,1
allocation,1000000,4,OP_POP,4000002
allocation,1000000,4,OP_GET_LOCAL,3000000
allocation,1000000,4,OP_GET_GLOBAL,5000003
allocation,1000000,4,OP_DEFINE_GLOBAL,3
allocation,1000000,4,OP_SET_GLOBAL,1000000
allocation,1000000,4,OP_SET_PROPERTY,1000000
allocation,1000000,4,OP_LESS,1000001
allocation,1000000,4,OP_ADD,1000000
allocation,1000000,4,OP_PRINT,1
allocation,1000000,4,OP_JUMP_IF_FALSE,1000001
allocation,1000000,4,OP_LOOP,1000000
allocation,1000000,4,OP_CALL,1000000
allocation,1000000,4,OP_CLOSURE,1
allocation,1000000,4,OP_RETURN,1000001
allocation,1000000,4,OP_CLASS,1
allocation,1000000,4,OP_METHOD,1
allocation,1000000,5,OP_CONSTANT,1000003
allocation,1000000,5,OP_NIL,1
allocation,1000000,5,OP_POP,4000002
allocation,1000000,5,OP_GET_LOCAL,3000000
allocation,1000000,5,OP_GET_GLOBAL,5000003
allocation,1000000,5,OP_DEFINE_GLOBAL,3
allocation,1000000,5,OP_SET_GLOBAL,1000000
allocation,1000000,5,OP_SET_PROPERTY,1000000
allocation,1000000,5,OP_LESS,1000001
allocation,1000000,5,OP_ADD,1000000
allocation,1000000,5,OP_PRINT,1
allocation,1000000,5,OP_JUMP_IF_FALSE,1000001
allocation,1000000,5,OP_LOOP,1000000
allocation,1000000,5,OP_CALL,1000000
allocation,1000000,5,OP_CLOSURE,1
allocation,1000000,5,OP_RETURN,1000001
allocation,1000000,5,OP_CLASS,1
allocation,1000000,5,OP_METHOD,1
allocation,100000,1,OP_CONSTANT,100003
allocation,100000,1,OP_NIL,1
allocation,100000,1,OP_POP,400002
allocation,100000,1,OP_GET_LOCAL,300000
allocation,100000,1,OP_GET_GLOBAL,500003
allocation,100000,1,OP_DEFINE_GLOBAL,3
allocation,100000,1,OP_SET_GLOBAL,100000
allocation,100000,1,OP_SET_PROPERTY,100000
allocation,100000,1,OP_LESS,100001
allocation,100000,1,OP_ADD,100000
allocation,100000,1,OP_PRINT,1
allocation,100000,1,OP_JUMP_IF_FALSE,100001
allocation,100000,1,OP_LOOP,100000
allocation,100000,1,OP_CALL,100000
allocation,100000,1,OP_CLOSURE,1
allocation,100000,1,OP_RETURN,100001
allocation,100000,1,OP_CLASS,1
allocation,100000,1,OP_METHOD,1
allocation,100000,2,OP_CONSTANT,100003
allocation,100000,2,OP_NIL,1
allocation,100000,2,OP_POP,400002
allocation,100000,2,OP_GET_LOCAL,300000
allocation,100000,2,OP_GET_GLOBAL,500003
allocation,100000,2,OP_DEFINE_GLOBAL,3
allocation,100000,2,OP_SET_GLOBAL,100000
allocation,100000,2,OP_SET_PROPERTY,100000
allocation,100000,2,OP_LESS,100001
allocation,100000,2,OP_ADD,100000
allocation,100000,2,OP_PRINT,1
allocation,100000,2,OP_JUMP_IF_FALSE,100001
allocation,100000,2,OP_LOOP,100000
allocation,100000,2,OP_CALL,100000
allocation,100000,2,OP_CLOSURE,1
allocation,100000,2,OP_RETURN,100001
allocation,100000,2,OP_CLASS,1
allocation,100000,2,OP_METHOD,1
allocation,100000,3,OP_CONSTANT,100003
allocation,100000,3,OP_NIL,1
allocation,100000,3,OP_POP,400002
allocation,100000,3,OP_GET_LOCAL,300000
allocation,100000,3,OP_GET_GLOBAL,500003
allocation,100000,3,OP_DEFINE_GLOBAL,3
allocation,100000,3,OP_SET_GLOBAL,100000
allocation,100000,3,OP_SET_PROPERTY,100000
allocation,100000,3,OP_LESS,100001
allocation,100000,3,OP_ADD,100000
allocation,100000,3,OP_PRINT,1
allocation,100000,3,OP_JUMP_IF_FALSE,100001
allocation,100000,3,OP_LOOP,100000
allocation,100000,3,OP_CALL,100000
allocation,100000,3,OP_CLOSURE,1
allocation,100000,3,OP_RETURN,100001
allocation,100000,3,OP_CLASS,1
allocation,100000,3,OP_METHOD,1
allocation,100000,4,OP_CONSTANT,100003
allocation,100000,4,OP_NIL,1
allocation,100000,4,OP_POP,400002
allocation,100000,4,OP_GET_LOCAL,300000
allocation,100000,4,OP_GET_GLOBAL,500003
allocation,100000,4,OP_DEFINE_GLOBAL,3
allocation,100000,4,OP_SET_GLOBAL,100000
allocation,100000,4,OP_SET_PROPERTY,100000
allocation,100000,4,OP_LESS,100001
allocation,100000,4,OP_ADD,100000
allocation,100000,4,OP_PRINT,1
allocation,100000,4,OP_JUMP_IF_FALSE,100001
allocation,100000,4,OP_LOOP,100000
allocation,100000,4,OP_CALL,100000
allocation,100000,4,OP_CLOSURE,1
allocation,100000,4,OP_RETURN,100001
allocation,100000,4,OP_CLASS,1
allocation,100000,4,OP_METHOD,1
allocation,100000,5,OP_CONSTANT,100003
allocation,100000,5,OP_NIL,1
allocation,100000,5,OP_POP,400002
allocation,100000,5,OP_GET_LOCAL,300000
allocation,100000,5,OP_GET_GLOBAL,500003
allocation,100000,5,OP_DEFINE_GLOBAL,3
allocation,100000,5,OP_SET_GLOBAL,100000
allocation,100000,5,OP_SET_PROPERTY,100000
allocation,100000,5,OP_LESS,100001
allocation,100000,5,OP_ADD,100000
allocation,100000,5,OP_PRINT,1
allocation,100000,5,OP_JUMP_IF_FALSE,100001
allocation,100000,5,OP_LOOP,100000
allocation,100000,5,OP_CALL,100000
allocation,100000,5,OP_CLOSURE,1
allocation,100000,5,OP_RETURN,100001
allocation,100000,5,OP_CLASS,1
allocation,100000,5,OP_METHOD,1
allocation,10000,1,OP_CONSTANT,10003
allocation,10000,1,OP_NIL,1
allocation,10000,1,OP_POP,40002
allocation,10000,1,OP_GET_LOCAL,30000
allocation,10000,1,OP_GET_GLOBAL,50003
allocation,10000,1,OP_DEFINE_GLOBAL,3
allocation,10000,1,OP_SET_GLOBAL,10000
allocation,10000,1,OP_SET_PROPERTY,10000
allocation,10000,1,OP_LESS,10001
allocation,10000,1,OP_ADD,10000
allocation,10000,1,OP_PRINT,1
allocation,10000,1,OP_JUMP_IF_FALSE,10001
allocation,10000,1,OP_LOOP,10000
allocation,10000,1,OP_CALL,10000
allocation,10000,1,OP_CLOSURE,1
allocation,10000,1,OP_RETURN,10001
allocation,10000,1,OP_CLASS,1
allocation,10000,1,OP_METHOD,1
allocation,10000,2,OP_CONSTANT,10003
allocation,10000,2,OP_NIL,1
allocation,10000,2,OP_POP,40002
allocation,10000,2,OP_GET_LOCAL,30000
allocation,10000,2,OP_GET_GLOBAL,50003
allocation,10000,2,OP_DEFINE_GLOBAL,3
allocation,10000,2,OP_SET_GLOBAL,10000
allocation,10000,2,OP_SET_PROPERTY,10000
allocation,10000,2,OP_LESS,10001
allocation,10000,2,OP_ADD,10000
allocation,10000,2,OP_PRINT,1
allocation,10000,2,OP_JUMP_IF_FALSE,10001
allocation,10000,2,OP_LOOP,10000
allocation,10000,2,OP_CALL,10000
allocation,10000,2,OP_CLOSURE,1
allocation,10000,2,OP_RETURN,10001
allocation,10000,2,OP_CLASS,1
allocation,10000,2,OP_METHOD,1
allocation,10000,3,OP_CONSTANT,10003
allocation,10000,3,OP_NIL,1
allocation,10000,3,OP_POP,40002
allocation,10000,3,OP_GET_LOCAL,30000
allocation,10000,3,OP_GET_GLOBAL,50003
allocation,10000,3,OP_DEFINE_GLOBAL,3
allocation,10000,3,OP_SET_GLOBAL,10000
allocation,10000,3,OP_SET_PROPERTY,10000
allocation,10000,3,OP_LESS,10001
allocation,10000,3,OP_ADD,10000
allocation,10000,3,OP_PRINT,1
allocation,10000,3,OP_JUMP_IF_FALSE,10001
allocation,10000,3,OP_LOOP,10000
allocation,10000,3,OP_CALL,10000
allocation,10000,3,OP_CLOSURE,1
allocation,10000,3,OP_RETURN,10001
allocation,10000,3,OP_CLASS,1
allocation,10000,3,OP_METHOD,1
allocation,10000,4,OP_CONSTANT,10003
allocation,10000,4,OP_NIL,1
allocation,10000,4,OP_POP,40002
allocation,10000,4,OP_GET_LOCAL,30000
allocation,10000,4,OP_GET_GLOBAL,50003
allocation,10000,4,OP_DEFINE_GLOBAL,3
allocation,10000,4,OP_SET_GLOBAL,10000
allocation,10000,4,OP_SET_PROPERTY,10000
allocation,10000,4,OP_LESS,10001
allocation,10000,4,OP_ADD,10000
allocation,10000,4,OP_PRINT,1
allocation,10000,4,OP_JUMP_IF_FALSE,10001
allocation,10000,4,OP_LOOP,10000
allocation,10000,4,OP_CALL,10000
allocation,10000,4,OP_CLOSURE,1
allocation,10000,4,OP_RETURN,10001
allocation,10000,4,OP_CLASS,1
allocation,10000,4,OP_METHOD,1
allocation,10000,5,OP_CONSTANT,10003
allocation,10000,5,OP_NIL,1
allocation,10000,5,OP_POP,40002
allocation,10000,5,OP_GET_LOCAL,30000
allocation,10000,5,OP_GET_GLOBAL,50003
allocation,10000,5,OP_DEFINE_GLOBAL,3
allocation,10000,5,OP_SET_GLOBAL,10000
allocation,10000,5,OP_SET_PROPERTY,10000
allocation,10000,5,OP_LESS,10001
allocation,10000,5,OP_ADD,10000
allocation,10000,5,OP_PRINT,1
allocation,10000,5,OP_JUMP_IF_FALSE,10001
allocation,10000,5,OP_LOOP,10000
allocation,10000,5,OP_CALL,10000
allocation,10000,5,OP_CLOSURE,1
allocation,10000,5,OP_RETURN,10001
allocation,10000,5,OP_CLASS,1
allocation,10000,5,OP_METHOD,1
allocation,1000,1,OP_CONSTANT,1003
allocation,1000,1,OP_NIL,1
allocation,1000,1,OP_POP,4002
allocation,1000,1,OP_GET_LOCAL,3000
allocation,1000,1,OP_GET_GLOBAL,5003
allocation,1000,1,OP_DEFINE_GLOBAL,3
allocation,1000,1,OP_SET_GLOBAL,1000
allocation,1000,1,OP_SET_PROPERTY,1000
allocation,1000,1,OP_LESS,1001
allocation,1000,1,OP_ADD,1000
allocation,1000,1,OP_PRINT,1
allocation,1000,1,OP_JUMP_IF_FALSE,1001
allocation,1000,1,OP_LOOP,1000
allocation,1000,1,OP_CALL,1000
allocation,1000,1,OP_CLOSURE,1
allocation,1000,1,OP_RETURN,1001
allocation,1000,1,OP_CLASS,1
allocation,1000,1,OP_METHOD,1
allocation,1000,2,OP_CONSTANT,1003
allocation,1000,2,OP_NIL,1
allocation,1000,2,OP_POP,4002
allocation,1000,2,OP_GET_LOCAL,3000
allocation,1000,2,OP_GET_GLOBAL,5003
allocation,1000,2,OP_DEFINE_GLOBAL,3
allocation,1000,2,OP_SET_GLOBAL,1000
allocation,1000,2,OP_SET_PROPERTY,1000
allocation,1000,2,OP_LESS,1001
allocation,1000,2,OP_ADD,1000
allocation,1000,2,OP_PRINT,1
allocation,1000,2,OP_JUMP_IF_FALSE,1001
allocation,1000,2,OP_LOOP,1000
allocation,1000,2,OP_CALL,1000
allocation,1000,2,OP_CLOSURE,1
allocation,1000,2,OP_RETURN,1001
allocation,1000,2,OP_CLASS,1
allocation,1000,2,OP_METHOD,1
allocation,1000,3,OP_CONSTANT,1003
allocation,1000,3,OP_NIL,1
allocation,1000,3,OP_POP,4002
allocation,1000,3,OP_GET_LOCAL,3000
allocation,1000,3,OP_GET_GLOBAL,5003
allocation,1000,3,OP_DEFINE_GLOBAL,3
allocation,1000,3,OP_SET_GLOBAL,1000
allocation,1000,3,OP_SET_PROPERTY,1000
allocation,1000,3,OP_LESS,1001
allocation,1000,3,OP_ADD,1000
allocation,1000,3,OP_PRINT,1
allocation,1000,3,OP_JUMP_IF_FALSE,1001
allocation,1000,3,OP_LOOP,1000
allocation,1000,3,OP_CALL,1000
allocation,1000,3,OP_CLOSURE,1
allocation,1000,3,OP_RETURN,1001
allocation,1000,3,OP_CLASS,1
allocation,1000,3,OP_METHOD,1
allocation,1000,4,OP_CONSTANT,1003
allocation,1000,4,OP_NIL,1
allocation,1000,4,OP_POP,4002
allocation,1000,4,OP_GET_LOCAL,3000
allocation,1000,4,OP_GET_GLOBAL,5003
allocation,1000,4,OP_DEFINE_GLOBAL,3
allocation,1000,4,OP_SET_GLOBAL,1000
allocation,1000,4,OP_SET_PROPERTY,1000
allocation,1000,4,OP_LESS,1001
allocation,1000,4,OP_ADD,1000
allocation,1000,4,OP_PRINT,1
allocation,1000,4,OP_JUMP_IF_FALSE,1001
allocation,1000,4,OP_LOOP,1000
allocation,1000,4,OP_CALL,1000
allocation,1000,4,OP_CLOSURE,1
allocation,1000,4,OP_RETURN,1001
allocation,1000,4,OP_CLASS,1
allocation,1000,4,OP_METHOD,1
allocation,1000,5,OP_CONSTANT,1003
allocation,1000,5,OP_NIL,1
allocation,1000,5,OP_POP,4002
allocation,1000,5,OP_GET_LOCAL,3000
allocation,1000,5,OP_GET_GLOBAL,5003
allocation,1000,5,OP_DEFINE_GLOBAL,3
allocation,1000,5,OP_SET_GLOBAL,1000
allocation,1000,5,OP_SET_PROPERTY,1000
allocation,1000,5,OP_LESS,1001
allocation,1000,5,OP_ADD,1000
allocation,1000,5,OP_PRINT,1
allocation,1000,5,OP_JUMP_IF_FALSE,1001
allocation,1000,5,OP_LOOP,1000
allocation,1000,5,OP_CALL,1000
allocation,1000,5,OP_CLOSURE,1
allocation,1000,5,OP_RETURN,1001
allocation,1000,5,OP_CLASS,1
allocation,1000,5,OP_METHOD,1
arithmetic,10000000,1,OP_CONSTANT,50000003
arithmetic,10000000,1,OP_NIL,1
arithmetic,10000000,1,OP_POP,60000001
arithmetic,10000000,1,OP_GET_GLOBAL,70000003
arithmetic,10000000,1,OP_DEFINE_GLOBAL,3
arithmetic,10000000,1,OP_SET_GLOBAL,50000000
arithmetic,10000000,1,OP_LESS,10000001
arithmetic,10000000,1,OP_ADD,20000000
arithmetic,10000000,1,OP_SUBTRACT,10000000
arithmetic,10000000,1,OP_MULTIPLY,10000000
arithmetic,10000000,1,OP_DIVIDE,10000000
arithmetic,10000000,1,OP_PRINT,1
arithmetic,10000000,1,OP_JUMP_IF_FALSE,10000001
arithmetic,10000000,1,OP_LOOP,10000000
arithmetic,10000000,1,OP_RETURN,1
arithmetic,10000000,2,OP_CONSTANT,50000003
arithmetic,10000000,2,OP_NIL,1
arithmetic,10000000,2,OP_POP,60000001
arithmetic,10000000,2,OP_GET_GLOBAL,70000003
arithmetic,10000000,2,OP_DEFINE_GLOBAL,3
arithmetic,10000000,2,OP_SET_GLOBAL,50000000
arithmetic,10000000,2,OP_LESS,10000001
arithmetic,10000000,2,OP_ADD,20000000
arithmetic,10000000,2,OP_SUBTRACT,10000000
arithmetic,10000000,2,OP_MULTIPLY,10000000
arithmetic,10000000,2,OP_DIVIDE,10000000
arithmetic,10000000,2,OP_PRINT,1
arithmetic,10000000,2,OP_JUMP_IF_FALSE,10000001
arithmetic,10000000,2,OP_LOOP,10000000
arithmetic,10000000,2,OP_RETURN,1
arithmetic,10000000,3,OP_CONSTANT,50000003
arithmetic,10000000,3,OP_NIL,1
arithmetic,10000000,3,OP_POP,60000001
arithmetic,10000000,3,OP_GET_GLOBAL,70000003
arithmetic,10000000,3,OP_DEFINE_GLOBAL,3
arithmetic,10000000,3,OP_SET_GLOBAL,50000000
arithmetic,10000000,3,OP_LESS,10000001
arithmetic,10000000,3,OP_ADD,20000000
arithmetic,10000000,3,OP_SUBTRACT,10000000
arithmetic,10000000,3,OP_MULTIPLY,10000000
arithmetic,10000000,3,OP_DIVIDE,10000000
arithmetic,10000000,3,OP_PRINT,1
arithmetic,10000000,3,OP_JUMP_IF_FALSE,10000001
arithmetic,10000000,3,OP_LOOP,10000000
arithmetic,10000000,3,OP_RETURN,1
arithmetic,10000000,4,OP_CONSTANT,50000003
arithmetic,10000000,4,OP_NIL,1
arithmetic,10000000,4,OP_POP,60000001
arithmetic,10000000,4,OP_GET_GLOBAL,70000003
arithmetic,10000000,4,OP_DEFINE_GLOBAL,3
arithmetic,10000000,4,OP_SET_GLOBAL,50000000
arithmetic,10000000,4,OP_LESS,10000001
arithmetic,10000000,4,OP_ADD,20000000
arithmetic,10000000,4,OP_SUBTRACT,10000000
arithmetic,10000000,4,OP_MULTIPLY,10000000
arithmetic,10000000,4,OP_DIVIDE,10000000
arithmetic,10000000,4,OP_PRINT,1
arithmetic,10000000,4,OP_JUMP_IF_FALSE,10000001
arithmetic,10000000,4,OP_LOOP,10000000
arithmetic,10000000,4,OP_RETURN,1
arithmetic,10000000,5,OP_CONSTANT,50000003
arithmetic,10000000,5,OP_NIL,1
arithmetic,10000000,5,OP_POP,60000001
arithmetic,10000000,5,OP_GET_GLOBAL,70000003
arithmetic,10000000,5,OP_DEFINE_GLOBAL,3
arithmetic,10000000,5,OP_SET_GLOBAL,50000000
arithmetic,10000000,5,OP_LESS,10000001
arithmetic,10000000,5,OP_ADD,20000000
arithmetic,10000000,5,OP_SUBTRACT,10000000
arithmetic,10000000,5,OP_MULTIPLY,10000000
arithmetic,10000000,5,OP_DIVIDE,10000000
arithmetic,10000000,5,OP_PRINT,1
arithmetic,10000000,5,OP_JUMP_IF_FALSE,10000001
arithmetic,10000000,5,OP_LOOP,10000000
arithmetic,10000000,5,OP_RETURN,1
arithmetic,1000000,1,OP_CONSTANT,5000003
arithmetic,1000000,1,OP_NIL,1
arithmetic,1000000,1,OP_POP,6000001
arithmetic,1000000,1,OP_GET_GLOBAL,7000003
arithmetic,1000000,1,OP_DEFINE_GLOBAL,3
arithmetic,1000000,1,OP_SET_GLOBAL,5000000
arithmetic,1000000,1,OP_LESS,1000001
arithmetic,1000000,1,OP_ADD,2000000
arithmetic,1000000,1,OP_SUBTRACT,1000000
arithmetic,1000000,1,OP_MULTIPLY,1000000
arithmetic,1000000,1,OP_DIVIDE,1000000
arithmetic,1000000,1,OP_PRINT,1
arithmetic,1000000,1,OP_JUMP_IF_FALSE,1000001
arithmetic,1000000,1,OP_LOOP,1000000
arithmetic,1000000,1,OP_RETURN,1
arithmetic,1000000,2,OP_CONSTANT,5000003
arithmetic,1000000,2,OP_NIL,1
arithmetic,1000000,2,OP_POP,6000001
arithmetic,1000000,2,OP_GET_GLOBAL,7000003
arithmetic,1000000,2,OP_DEFINE_GLOBAL,3
arithmetic,1000000,2,OP_SET_GLOBAL,5000000
arithmetic,1000000,2,OP_LESS,1000001
arithmetic,1000000,2,OP_ADD,2000000
arithmetic,1000000,2,OP_SUBTRACT,1000000
arithmetic,1000000,2,OP_MULTIPLY,1000000
arithmetic,1000000,2,OP_DIVIDE,1000000
arithmetic,1000000,2,OP_PRINT,1
arithmetic,1000000,2,OP_JUMP_IF_FALSE,1000001
arithmetic,1000000,2,OP_LOOP,1000000
arithmetic,1000000,2,OP_RETURN,1
arithmetic,1000000,3,OP_CONSTANT,5000003
arithmetic,1000000,3,OP_NIL,1
arithmetic,1000000,3,OP_POP,6000001
arithmetic,1000000,3,OP_GET_GLOBAL,7000003
arithmetic,1000000,3,OP_DEFINE_GLOBAL,3
arithmetic,1000000,3,OP_SET_GLOBAL,5000000
arithmetic,1000000,3,OP_LESS,1000001
arithmetic,1000000,3,OP_ADD,2000000
arithmetic,1000000,3,OP_SUBTRACT,1000000
arithmetic,1000000,3,OP_MULTIPLY,1000000
arithmetic,1000000,3,OP_DIVIDE,1000000
arithmetic,1000000,3,OP_PRINT,1
arithmetic,1000000,3,OP_JUMP_IF_FALSE,1000001
arithmetic,1000000,3,OP_LOOP,1000000
arithmetic,1000000,3,OP_RETURN,1
arithmetic,1000000,4,OP_CONSTANT,5000003
arithmetic,1000000,4,OP_NIL,1
arithmetic,1000000,4,OP_POP,6000001
arithmetic,1000000,4,OP_GET_GLOBAL,7000003
arithmetic,1000000,4,OP_DEFINE_GLOBAL,3
arithmetic,1000000,4,OP_SET_GLOBAL,5000000
arithmetic,1000000,4,OP_LESS,1000001
arithmetic,1000000,4,OP_ADD,2000000
arithmetic,1000000,4,OP_SUBTRACT,1000000
arithmetic,1000000,4,OP_MULTIPLY,1000000
arithmetic,1000000,4,OP_DIVIDE,1000000
arithmetic,1000000,4,OP_PRINT,1
arithmetic,1000000,4,OP_JUMP_IF_FALSE,1000001
arithmetic,1000000,4,OP_LOOP,1000000
arithmetic,1000000,4,OP_RETURN,1
arithmetic,1000000,5,OP_CONSTANT,5000003
arithmetic,1000000,5,OP_NIL,1
arithmetic,1000000,5,OP_POP,6000001
arithmetic,1000000,5,OP_GET_GLOBAL,7000003
arithmetic,1000000,5,OP_DEFINE_GLOBAL,3
arithmetic,1000000,5,OP_SET_GLOBAL,5000000
arithmetic,1000000,5,OP_LESS,1000001
arithmetic,1000000,5,OP_ADD,2000000
arithmetic,1000000,5,OP_SUBTRACT,1000000
arithmetic,1000000,5,OP_MULTIPLY,1000000
arithmetic,1000000,5,OP_DIVIDE,1000000
arithmetic,1000000,5,OP_PRINT,1
arithmetic,1000000,5,OP_JUMP_IF_FALSE,1000001
arithmetic,1000000,5,OP_LOOP,1000000
arithmetic,1000000,5,OP_RETURN,1
arithmetic,100000,1,OP_CONSTANT,500003
arithmetic,100000,1,OP_NIL,1
arithmetic,100000,1,OP_POP,600001
arithmetic,100000,1,OP_GET_GLOBAL,700003
arithmetic,100000,1,OP_DEFINE_GLOBAL,3
arithmetic,100000,1,OP_SET_GLOBAL,500000
arithmetic,100000,1,OP_LESS,100001
arithmetic,100000,1,OP_ADD,200000
arithmetic,100000,1,OP_SUBTRACT,100000
arithmetic,100000,1,OP_MULTIPLY,100000
arithmetic,100000,1,OP_DIVIDE,100000
arithmetic,100000,1,OP_PRINT,1
arithmetic,100000,1,OP_JUMP_IF_FALSE,100001
arithmetic,100000,1,OP_LOOP,100000
arithmetic,100000,1,OP_RETURN,1
arithmetic,100000,2,OP_CONSTANT,500003
arithmetic,100000,2,OP_NIL,1
arithmetic,100000,2,OP_POP,600001
arithmetic,100000,2,OP_GET_GLOBAL,700003
arithmetic,100000,2,OP_DEFINE_GLOBAL,3
arithmetic,100000,2,OP_SET_GLOBAL,500000
arithmetic,100000,2,OP_LESS,100001
arithmetic,100000,2,OP_ADD,200000
arithmetic,100000,2,OP_SUBTRACT,100000
arithmetic,100000,2,OP_MULTIPLY,100000
arithmetic,100000,2,OP_DIVIDE,100000
arithmetic,100000,2,OP_PRINT,1
arithmetic,100000,2,OP_JUMP_IF_FALSE,100001
arithmetic,100000,2,OP_LOOP,100000
arithmetic,100000,2,OP_RETURN,1
arithmetic,100000,3,OP_CONSTANT,500003
arithmetic,100000,3,OP_NIL,1
arithmetic,100000,3,OP_POP,600001
arithmetic,100000,3,OP_GET_GLOBAL,700003
arithmetic,100000,3,OP_DEFINE_GLOBAL,3
arithmetic,100000,3,OP_SET_GLOBAL,500000
arithmetic,100000,3,OP_LESS,100001
arithmetic,100000,3,OP_ADD,200000
arithmetic,100000,3,OP_SUBTRACT,100000
arithmetic,100000,3,OP_MULTIPLY,100000
arithmetic,100000,3,OP_DIVIDE,100000
arithmetic,100000,3,OP_PRINT,1
arithmetic,100000,3,OP_JUMP_IF_FALSE,100001
arithmetic,100000,3,OP_LOOP,100000
arithmetic,100000,3,OP_RETURN,1
arithmetic,100000,4,OP_CONSTANT,500003
arithmetic,100000,4,OP_NIL,1
arithmetic,100000,4,OP_POP,600001
arithmetic,100000,4,OP_GET_GLOBAL,700003
arithmetic,100000,4,OP_DEFINE_GLOBAL,3
arithmetic,100000,4,OP_SET_GLOBAL,500000
arithmetic,100000,4,OP_LESS,100001
arithmetic,100000,4,OP_ADD,200000
arithmetic,100000,4,OP_SUBTRACT,100000
arithmetic,100000,4,OP_MULTIPLY,100000
arithmetic,100000,4,OP_DIVIDE,100000
arithmetic,100000,4,OP_PRINT,1
arithmetic,100000,4,OP_JUMP_IF_FALSE,100001
arithmetic,100000,4,OP_LOOP,100000
arithmetic,100000,4,OP_RETURN,1
arithmetic,100000,5,OP_CONSTANT,500003
arithmetic,100000,5,OP_NIL,1
arithmetic,100000,5,OP_POP,600001
arithmetic,100000,5,OP_GET_GLOBAL,700003
arithmetic,100000,5,OP_DEFINE_GLOBAL,3
arithmetic,100000,5,OP_SET_GLOBAL,500000
arithmetic,100000,5,OP_LESS,100001
arithmetic,100000,5,OP_ADD,200000
arithmetic,100000,5,OP_SUBTRACT,100000
arithmetic,100000,5,OP_MULTIPLY,100000
arithmetic,100000,5,OP_DIVIDE,100000
arithmetic,100000,5,OP_PRINT,1
arithmetic,100000,5,OP_JUMP_IF_FALSE,100001
arithmetic,100000,5,OP_LOOP,100000
arithmetic,100000,5,OP_RETURN,1
arithmetic,10000,1,OP_CONSTANT,50003
arithmetic,10000,1,OP_NIL,1
arithmetic,10000,1,OP_POP,60001
arithmetic,10000,1,OP_GET_GLOBAL,70003
arithmetic,10000,1,OP_DEFINE_GLOBAL,3
arithmetic,10000,1,OP_SET_GLOBAL,50000
arithmetic,10000,1,OP_LESS,10001
arithmetic,10000,1,OP_ADD,20000
arithmetic,10000,1,OP_SUBTRACT,10000
arithmetic,10000,1,OP_MULTIPLY,10000
arithmetic,10000,1,OP_DIVIDE,10000
arithmetic,10000,1,OP_PRINT,1
arithmetic,10000,1,OP_JUMP_IF_FALSE,10001
arithmetic,10000,1,OP_LOOP,10000
arithmetic,10000,1,OP_RETURN,1
arithmetic,10000,2,OP_CONSTANT,50003
arithmetic,10000,2,OP_NIL,1
arithmetic,10000,2,OP_POP,60001
arithmetic,10000,2,OP_GET_GLOBAL,70003
arithmetic,10000,2,OP_DEFINE_GLOBAL,3
arithmetic,10000,2,OP_SET_GLOBAL,50000
arithmetic,10000,2,OP_LESS,10001
arithmetic,10000,2,OP_ADD,20000
arithmetic,10000,2,OP_SUBTRACT,10000
arithmetic,10000,2,OP_MULTIPLY,10000
arithmetic,10000,2,OP_DIVIDE,10000
arithmetic,10000,2,OP_PRINT,1
arithmetic,10000,2,OP_JUMP_IF_FALSE,10001
arithmetic,10000,2,OP_LOOP,10000
arithmetic,10000,2,OP_RETURN,1
arithmetic,10000,3,OP_CONSTANT,50003
arithmetic,10000,3,OP_NIL,1
arithmetic,10000,3,OP_POP,60001
arithmetic,10000,3,OP_GET_GLOBAL,70003
arithmetic,10000,3,OP_DEFINE_GLOBAL,3
arithmetic,10000,3,OP_SET_GLOBAL,50000
arithmetic,10000,3,OP_LESS,10001
arithmetic,10000,3,OP_ADD,20000
arithmetic,10000,3,OP_SUBTRACT,10000
arithmetic,10000,3,OP_MULTIPLY,10000
arithmetic,10000,3,OP_DIVIDE,10000
arithmetic,10000,3,OP_PRINT,1
arithmetic,10000,3,OP_JUMP_IF_FALSE,10001
arithmetic,10000,3,OP_LOOP,10000
arithmetic,10000,3,OP_RETURN,1
arithmetic,10000,4,OP_CONSTANT,50003
arithmetic,10000,4,OP_NIL,1
arithmetic,10000,4,OP_POP,60001
arithmetic,10000,4,OP_GET_GLOBAL,70003
arithmetic,10000,4,OP_DEFINE_GLOBAL,3
arithmetic,10000,4,OP_SET_GLOBAL,50000
arithmetic,10000,4,OP_LESS,10001
arithmetic,10000,4,OP_ADD,20000
arithmetic,10000,4,OP_SUBTRACT,10000
arithmetic,10000,4,OP_MULTIPLY,10000
arithmetic,10000,4,OP_DIVIDE,10000
arithmetic,10000,4,OP_PRINT,1
arithmetic,10000,4,OP_JUMP_IF_FALSE,10001
arithmetic,10000,4,OP_LOOP,10000
arithmetic,10000,4,OP_RETURN,1
arithmetic,10000,5,OP_CONSTANT,50003
arithmetic,10000,5,OP_NIL,1
arithmetic,10000,5,OP_POP,60001
arithmetic,10000,5,OP_GET_GLOBAL,70003
arithmetic,10000,5,OP_DEFINE_GLOBAL,3
arithmetic,10000,5,OP_SET_GLOBAL,50000
arithmetic,10000,5,OP_LESS,10001
arithmetic,10000,5,OP_ADD,20000
arithmetic,10000,5,OP_SUBTRACT,10000
arithmetic,10000,5,OP_MULTIPLY,10000
arithmetic,10000,5,OP_DIVIDE,10000
arithmetic,10000,5,OP_PRINT,1
arithmetic,10000,5,OP_JUMP_IF_FALSE,10001
arithmetic,10000,5,OP_LOOP,10000
arithmetic,10000,5,OP_RETURN,1
closures,1000000,1,OP_CONSTANT,2000004
closures,1000000,1,OP_NIL,1
closures,1000000,1,OP_POP,4000002
closures,1000000,1,OP_GET_LOCAL,1
closures,1000000,1,OP_GET_GLOBAL,4000004
closures,1000000,1,OP_DEFINE_GLOBAL,4
closures,1000000,1,OP_SET_GLOBAL,1000000
closures,1000000,1,OP_GET_UPVALUE,2000002
closures,1000000,1,OP_SET_UPVALUE,1000001
closures,1000000,1,OP_LESS,1000001
closures,1000000,1,OP_ADD,2000001
closures,1000000,1,OP_PRINT,1
closures,1000000,1,OP_JUMP_IF_FALSE,1000001
closures,1000000,1,OP_LOOP,1000000
closures,1000000,1,OP_CALL,1000002
closures,1000000,1,OP_CLOSURE,2
closures,1000000,1,OP_RETURN,1000003
closures,1000000,2,OP_CONSTANT,2000004
closures,1000000,2,OP_NIL,1
closures,1000000,2,OP_POP,4000002
closures,1000000,2,OP_GET_LOCAL,1
closures,1000000,2,OP_GET_GLOBAL,4000004
closures,1000000,2,OP_DEFINE_GLOBAL,4
closures,1000000,2,OP_SET_GLOBAL,1000000
closures,1000000,2,OP_GET_UPVALUE,2000002
closures,1000000,2,OP_SET_UPVALUE,1000001
closures,1000000,2,OP_LESS,1000001
closures,1000000,2,OP_ADD,2000001
closures,1000000,2,OP_PRINT,1
closures,1000000,2,OP_JUMP_IF_FALSE,1000001
closures,1000000,2,OP_LOOP,1000000
closures,1000000,2,OP_CALL,1000002
closures,1000000,2,OP_CLOSURE,2
closures,1000000,2,OP_RETURN,1000003
closures,1000000,3,OP_CONSTANT,2000004
closures,1000000,3,OP_NIL,1
closures,1000000,3,OP_POP,4000002
closures,1000000,3,OP_GET_LOCAL,1
closures,1000000,3,OP_GET_GLOBAL,4000004
closures,1000000,3,OP_DEFINE_GLOBAL,4
closures,1000000,3,OP_SET_GLOBAL,1000000
closures,1000000,3,OP_GET_UPVALUE,2000002
closures,1000000,3,OP_SET_UPVALUE,1000001
closures,1000000,3,OP_LESS,1000001
closures,1000000,3,OP_ADD,2000001
closures,1000000,3,OP_PRINT,1
closures,1000000,3,OP_JUMP_IF_FALSE,1000001
closures,1000000,3,OP_LOOP,1000000
closures,1000000,3,OP_CALL,1000002
closures,1000000,3,OP_CLOSURE,2
closures,1000000,3,OP_RETURN,1000003
closures,1000000,4,OP_CONSTANT,2000004
closures,1000000,4,OP_NIL,1
closures,1000000,4,OP_POP,4000002
closures,1000000,4,OP_GET_LOCAL,1
closures,1000000,4,OP_GET_GLOBAL,4000004
closures,1000000,4,OP_DEFINE_GLOBAL,4
closures,1000000,4,OP_SET_GLOBAL,1000000
closures,1000000,4,OP_GET_UPVALUE,2000002
closures,1000000,4,OP_SET_UPVALUE,1000001
closures,1000000,4,OP_LESS,1000001
closures,1000000,4,OP_ADD,2000001
closures,1000000,4,OP_PRINT,1
closures,1000000,4,OP_JUMP_IF_FALSE,1000001
closures,1000000,4,OP_LOOP,1000000
closures,1000000,4,OP_CALL,1000002
closures,1000000,4,OP_CLOSURE,2
closures,1000000,4,OP_RETURN,1000003
closures,1000000,5,OP_CONSTANT,2000004
closures,1000000,5,OP_NIL,1
closures,1000000,5,OP_POP,4000002
closures,1000000,5,OP_GET_LOCAL,1
closures,1000000,5,OP_GET_GLOBAL,4000004
closures,1000000,5,OP_DEFINE_GLOBAL,4
closures,1000000,5,OP_SET_GLOBAL,1000000
closures,1000000,5,OP_GET_UPVALUE,2000002
closures,1000000,5,OP_SET_UPVALUE,1000001
closures,1000000,5,OP_LESS,1000001
closures,1000000,5,OP_ADD,2000001
closures,1000000,5,OP_PRINT,1
closures,1000000,5,OP_JUMP_IF_FALSE,1000001
closures,1000000,5,OP_LOOP,1000000
closures,1000000,5,OP_CALL,1000002
closures,1000000,5,OP_CLOSURE,2
closures,1000000,5,OP_RETURN,1000003
closures,100000,1,OP_CONSTANT,200004
closures,100000,1,OP_NIL,1
closures,100000,1,OP_POP,400002
closures,100000,1,OP_GET_LOCAL,1
closures,100000,1,OP_GET_GLOBAL,400004
closures,100000,1,OP_DEFINE_GLOBAL,4
closures,100000,1,OP_SET_GLOBAL,100000
closures,100000,1,OP_GET_UPVALUE,200002
closures,100000,1,OP_SET_UPVALUE,100001
closures,100000,1,OP_LESS,100001
closures,100000,1,OP_ADD,200001
closures,100000,1,OP_PRINT,1
closures,100000,1,OP_JUMP_IF_FALSE,100001
closures,100000,1,OP_LOOP,100000
closures,100000,1,OP_CALL,100002
closures,100000,1,OP_CLOSURE,2
closures,100000,1,OP_RETURN,100003
closures,100000,2,OP_CONSTANT,200004
closures,100000,2,OP_NIL,1
closures,100000,2,OP_POP,400002
closures,100000,2,OP_GET_LOCAL,1
closures,100000,2,OP_GET_GLOBAL,400004
closures,100000,2,OP_DEFINE_GLOBAL,4
closures,100000,2,OP_SET_GLOBAL,100000
closures,100000,2,OP_GET_UPVALUE,200002
closures,100000,2,OP_SET_UPVALUE,100001
closures,100000,2,OP_LESS,100001
closures,100000,2,OP_ADD,200001
closures,100000,2,OP_PRINT,1
closures,100000,2,OP_JUMP_IF_FALSE,100001
closures,100000,2,OP_LOOP,100000
closures,100000,2,OP_CALL,100002
closures,100000,2,OP_CLOSURE,2
closures,100000,2,OP_RETURN,100003
closures,100000,3,OP_CONSTANT,200004
closures,100000,3,OP_NIL,1
closures,100000,3,OP_POP,400002
closures,100000,3,OP_GET_LOCAL,1
closures,100000,3,OP_GET_GLOBAL,400004
closures,100000,3,OP_DEFINE_GLOBAL,4
closures,100000,3,OP_SET_GLOBAL,100000
closures,100000,3,OP_GET_UPVALUE,200002
closures,100000,3,OP_SET_UPVALUE,100001
closures,100000,3,OP_LESS,100001
closures,100000,3,OP_ADD,200001
closures,100000,3,OP_PRINT,1
closures,100000,3,OP_JUMP_IF_FALSE,100001
closures,100000,3,OP_LOOP,100000
closures,100000,3,OP_CALL,100002
closures,100000,3,OP_CLOSURE,2
closures,100000,3,OP_RETURN,100003
closures,100000,4,OP_CONSTANT,200004
closures,100000,4,OP_NIL,1
closures,100000,4,OP_POP,400002
closures,100000,4,OP_GET_LOCAL,1
closures,100000,4,OP_GET_GLOBAL,400004
closures,100000,4,OP_DEFINE_GLOBAL,4
closures,100000,4,OP_SET_GLOBAL,100000
closures,100000,4,OP_GET_UPVALUE,200002
closures,100000,4,OP_SET_UPVALUE,100001
closures,100000,4,OP_LESS,100001
closures,100000,4,OP_ADD,200001
closures,100000,4,OP_PRINT,1
closures,100000,4,OP_JUMP_IF_FALSE,100001
closures,100000,4,OP_LOOP,100000
closures,100000,4,OP_CALL,100002
closures,100000,4,OP_CLOSURE,2
closures,100000,4,OP_RETURN,100003
closures,100000,5,OP_CONSTANT,200004
closures,100000,5,OP_NIL,1
closures,100000,5,OP_POP,400002
closures,100000,5,OP_GET_LOCAL,1
closures,100000,5,OP_GET_GLOBAL,400004
closures,100000,5,OP_DEFINE_GLOBAL,4
closures,100000,5,OP_SET_GLOBAL,100000
closures,100000,5,OP_GET_UPVALUE,200002
closures,100000,5,OP_SET_UPVALUE,100001
closures,100000,5,OP_LESS,100001
closures,100000,5,OP_ADD,200001
closures,100000,5,OP_PRINT,1
closures,100000,5,OP_JUMP_IF_FALSE,100001
closures,100000,5,OP_LOOP,100000
closures,100000,5,OP_CALL,100002
closures,100000,5,OP_CLOSURE,2
closures,100000,5,OP_RETURN,100003
closures,10000,1,OP_CONSTANT,20004
closures,10000,1,OP_NIL,1
closures,10000,1,OP_POP,40002
closures,10000,1,OP_GET_LOCAL,1
closures,10000,1,OP_GET_GLOBAL,40004
closures,10000,1,OP_DEFINE_GLOBAL,4
closures,10000,1,OP_SET_GLOBAL,10000
closures,10000,1,OP_GET_UPVALUE,20002
closures,10000,1,OP_SET_UPVALUE,10001
closures,10000,1,OP_LESS,10001
closures,10000,1,OP_ADD,20001
closures,10000,1,OP_PRINT,1
closures,10000,1,OP_JUMP_IF_FALSE,10001
closures,10000,1,OP_LOOP,10000
closures,10000,1,OP_CALL,10002
closures,10000,1,OP_CLOSURE,2
closures,10000,1,OP_RETURN,10003
closures,10000,2,OP_CONSTANT,20004
closures,10000,2,OP_NIL,1
closures,10000,2,OP_POP,40002
closures,10000,2,OP_GET_LOCAL,1
closures,10000,2,OP_GET_GLOBAL,40004
closures,10000,2,OP_DEFINE_GLOBAL,4
closures,10000,2,OP_SET_GLOBAL,10000
closures,10000,2,OP_GET_UPVALUE,20002
closures,10000,2,OP_SET_UPVALUE,10001
closures,10000,2,OP_LESS,10001
closures,10000,2,OP_ADD,20001
closures,10000,2,OP_PRINT,1
closures,10000,2,OP_JUMP_IF_FALSE,10001
closures,10000,2,OP_LOOP,10000
closures,10000,2,OP_CALL,10002
closures,10000,2,OP_CLOSURE,2
closures,10000,2,OP_RETURN,10003
closures,10000,3,OP_CONSTANT,20004
closures,10000,3,OP_NIL,1
closures,10000,3,OP_POP,40002
closures,10000,3,OP_GET_LOCAL,1
closures,10000,3,OP_GET_GLOBAL,40004
closures,10000,3,OP_DEFINE_GLOBAL,4
closures,10000,3,OP_SET_GLOBAL,10000
closures,10000,3,OP_GET_UPVALUE,20002
closures,10000,3,OP_SET_UPVALUE,10001
closures,10000,3,OP_LESS,10001
closures,10000,3,OP_ADD,20001
closures,10000,3,OP_PRINT,1
closures,10000,3,OP_JUMP_IF_FALSE,10001
closures,10000,3,OP_LOOP,10000
closures,10000,3,OP_CALL,10002
closures,10000,3,OP_CLOSURE,2
closures,10000,3,OP_RETURN,10003
closures,10000,4,OP_CONSTANT,20004
closures,10000,4,OP_NIL,1
closures,10000,4,OP_POP,40002
closures,10000,4,OP_GET_LOCAL,1
closures,10000,4,OP_GET_GLOBAL,40004
closures,10000,4,OP_DEFINE_GLOBAL,4
closures,10000,4,OP_SET_GLOBAL,10000
closures,10000,4,OP_GET_UPVALUE,20002
closures,10000,4,OP_SET_UPVALUE,10001
closures,10000,4,OP_LESS,10001
closures,10000,4,OP_ADD,20001
closures,10000,4,OP_PRINT,1
closures,10000,4,OP_JUMP_IF_FALSE,10001
closures,10000,4,OP_LOOP,10000
closures,10000,4,OP_CALL,10002
closures,10000,4,OP_CLOSURE,2
closures,10000,4,OP_RETURN,10003
closures,10000,5,OP_CONSTANT,20004
closures,10000,5,OP_NIL,1
closures,10000,5,OP_POP,40002
closures,10000,5,OP_GET_LOCAL,1
closures,10000,5,OP_GET_GLOBAL,40004
closures,10000,5,OP_DEFINE_GLOBAL,4
closures,10000,5,OP_SET_GLOBAL,10000
closures,10000,5,OP_GET_UPVALUE,20002
closures,10000,5,OP_SET_UPVALUE,10001
closures,10000,5,OP_LESS,10001
closures,10000,5,OP_ADD,20001
closures,10000,5,OP_PRINT,1
closures,10000,5,OP_JUMP_IF_FALSE,10001
closures,10000,5,OP_LOOP,10000
closures,10000,5,OP_CALL,10002
closures,10000,5,OP_CLOSURE,2
closures,10000,5,OP_RETURN,10003
closures,1000,1,OP_CONSTANT,2004
closures,1000,1,OP_NIL,1
closures,1000,1,OP_POP,4002
closures,1000,1,OP_GET_LOCAL,1
closures,1000,1,OP_GET_GLOBAL,4004
closures,1000,1,OP_DEFINE_GLOBAL,4
closures,1000,1,OP_SET_GLOBAL,1000
closures,1000,1,OP_GET_UPVALUE,2002
closures,1000,1,OP_SET_UPVALUE,1001
closures,1000,1,OP_LESS,1001
closures,1000,1,OP_ADD,2001
closures,1000,1,OP_PRINT,1
closures,1000,1,OP_JUMP_IF_FALSE,1001
closures,1000,1,OP_LOOP,1000
closures,1000,1,OP_CALL,1002
closures,1000,1,OP_CLOSURE,2
closures,1000,1,OP_RETURN,1003
closures,1000,2,OP_CONSTANT,2004
closures,1000,2,OP_NIL,1
closures,1000,2,OP_POP,4002
closures,1000,2,OP_GET_LOCAL,1
closures,1000,2,OP_GET_GLOBAL,4004
closures,1000,2,OP_DEFINE_GLOBAL,4
closures,1000,2,OP_SET_GLOBAL,1000
closures,1000,2,OP_GET_UPVALUE,2002
closures,1000,2,OP_SET_UPVALUE,1001
closures,1000,2,OP_LESS,1001
closures,1000,2,OP_ADD,2001
closures,1000,2,OP_PRINT,1
closures,1000,2,OP_JUMP_IF_FALSE,1001
closures,1000,2,OP_LOOP,1000
closures,1000,2,OP_CALL,1002
closures,1000,2,OP_CLOSURE,2
closures,1000,2,OP_RETURN,1003
closures,1000,3,OP_CONSTANT,2004
closures,1000,3,OP_NIL,1
closures,1000,3,OP_POP,4002
closures,1000,3,OP_GET_LOCAL,1
closures,1000,3,OP_GET_GLOBAL,4004
closures,1000,3,OP_DEFINE_GLOBAL,4
closures,1000,3,OP_SET_GLOBAL,1000
closures,1000,3,OP_GET_UPVALUE,2002
closures,1000,3,OP_SET_UPVALUE,1001
closures,1000,3,OP_LESS,1001
closures,1000,3,OP_ADD,2001
closures,1000,3,OP_PRINT,1
closures,1000,3,OP_JUMP_IF_FALSE,1001
closures,1000,3,OP_LOOP,1000
closures,1000,3,OP_CALL,1002
closures,1000,3,OP_CLOSURE,2
closures,1000,3,OP_RETURN,1003
closures,1000,4,OP_CONSTANT,2004
closures,1000,4,OP_NIL,1
closures,1000,4,OP_POP,4002
closures,1000,4,OP_GET_LOCAL,1
closures,1000,4,OP_GET_GLOBAL,4004
closures,1000,4,OP_DEFINE_GLOBAL,4
closures,1000,4,OP_SET_GLOBAL,1000
closures,1000,4,OP_GET_UPVALUE,2002
closures,1000,4,OP_SET_UPVALUE,1001
closures,1000,4,OP_LESS,1001
closures,1000,4,OP_ADD,2001
closures,1000,4,OP_PRINT,1
closures,1000,4,OP_JUMP_IF_FALSE,1001
closures,1000,4,OP_LOOP,1000
closures,1000,4,OP_CALL,1002
closures,1000,4,OP_CLOSURE,2
closures,1000,4,OP_RETURN,1003
closures,1000,5,OP_CONSTANT,2004
closures,1000,5,OP_NIL,1
closures,1000,5,OP_POP,4002
closures,1000,5,OP_GET_LOCAL,1
closures,1000,5,OP_GET_GLOBAL,4004
closures,1000,5,OP_DEFINE_GLOBAL,4
closures,1000,5,OP_SET_GLOBAL,1000
closures,1000,5,OP_GET_UPVALUE,2002
closures,1000,5,OP_SET_UPVALUE,1001
closures,1000,5,OP_LESS,1001
closures,1000,5,OP_ADD,2001
closures,1000,5,OP_PRINT,1
closures,1000,5,OP_JUMP_IF_FALSE,1001
closures,1000,5,OP_LOOP,1000
closures,1000,5,OP_CALL,1002
closures,1000,5,OP_CLOSURE,2
closures,1000,5,OP_RETURN,1003
functions,1000000,1,OP_CONSTANT,1000003
functions,1000000,1,OP_NIL,1
functions,1000000,1,OP_POP,3000001
functions,1000000,1,OP_GET_LOCAL,2000000
functions,1000000,1,OP_GET_GLOBAL,6000003
functions,1000000,1,OP_DEFINE_GLOBAL,4
functions,1000000,1,OP_SET_GLOBAL,2000000
functions,1000000,1,OP_LESS,1000001
functions,1000000,1,OP_ADD,2000000
functions,1000000,1,OP_PRINT,1
functions,1000000,1,OP_JUMP_IF_FALSE,1000001
functions,1000000,1,OP_LOOP,1000000
functions,1000000,1,OP_CALL,1000000
functions,1000000,1,OP_CLOSURE,1
functions,1000000,1,OP_RETURN,1000001
functions,1000000,2,OP_CONSTANT,1000003
functions,1000000,2,OP_NIL,1
functions,1000000,2,OP_POP,3000001
functions,1000000,2,OP_GET_LOCAL,2000000
functions,1000000,2,OP_GET_GLOBAL,6000003
functions,1000000,2,OP_DEFINE_GLOBAL,4
functions,1000000,2,OP_SET_GLOBAL,2000000
functions,1000000,2,OP_LESS,1000001
functions,1000000,2,OP_ADD,2000000
functions,1000000,2,OP_PRINT,1
functions,1000000,2,OP_JUMP_IF_FALSE,1000001
functions,1000000,2,OP_LOOP,1000000
functions,1000000,2,OP_CALL,1000000
functions,1000000,2,OP_CLOSURE,1
functions,1000000,2,OP_RETURN,1000001
functions,1000000,3,OP_CONSTANT,1000003
functions,1000000,3,OP_NIL,1
functions,1000000,3,OP_POP,3000001
functions,1000000,3,OP_GET_LOCAL,2000000
functions,1000000,3,OP_GET_GLOBAL,6000003
functions,1000000,3,OP_DEFINE_GLOBAL,4
functions,1000000,3,OP_SET_GLOBAL,2000000
functions,1000000,3,OP_LESS,1000001
functions,1000000,3,OP_ADD,2000000
functions,1000000,3,OP_PRINT,1
functions,1000000,3,OP_JUMP_IF_FALSE,1000001
functions,1000000,3,OP_LOOP,1000000
functions,1000000,3,OP_CALL,1000000
functions,1000000,3,OP_CLOSURE,1
functions,1000000,3,OP_RETURN,1000001
functions,1000000,4,OP_CONSTANT,1000003
functions,1000000,4,OP_NIL,1
functions,1000000,4,OP_POP,3000001
functions,1000000,4,OP_GET_LOCAL,2000000
functions,1000000,4,OP_GET_GLOBAL,6000003
functions,1000000,4,OP_DEFINE_GLOBAL,4
functions,1000000,4,OP_SET_GLOBAL,2000000
functions,1000000,4,OP_LESS,1000001
functions,1000000,4,OP_ADD,2000000
functions,1000000,4,OP_PRINT,1
functions,1000000,4,OP_JUMP_IF_FALSE,1000001
functions,1000000,4,OP_LOOP,1000000
functions,1000000,4,OP_CALL,1000000
functions,1000000,4,OP_CLOSURE,1
functions,1000000,4,OP_RETURN,1000001
functions,1000000,5,OP_CONSTANT,1000003
functions,1000000,5,OP_NIL,1
functions,1000000,5,OP_POP,3000001
functions,1000000,5,OP_GET_LOCAL,2000000
functions,1000000,5,OP_GET_GLOBAL,6000003
functions,1000000,5,OP_DEFINE_GLOBAL,4
functions,1000000,5,OP_SET_GLOBAL,2000000
functions,1000000,5,OP_LESS,1000001
functions,1000000,5,OP_ADD,2000000
functions,1000000,5,OP_PRINT,1
functions,1000000,5,OP_JUMP_IF_FALSE,1000001
functions,1000000,5,OP_LOOP,1000000
functions,1000000,5,OP_CALL,1000000
functions,1000000,5,OP_CLOSURE,1
functions,1000000,5,OP_RETURN,1000001
functions,100000,1,OP_CONSTANT,100003
functions,100000,1,OP_NIL,1
functions,100000,1,OP_POP,300001
functions,100000,1,OP_GET_LOCAL,200000
functions,100000,1,OP_GET_GLOBAL,600003
functions,100000,1,OP_DEFINE_GLOBAL,4
functions,100000,1,OP_SET_GLOBAL,200000
functions,100000,1,OP_LESS,100001
functions,100000,1,OP_ADD,200000
functions,100000,1,OP_PRINT,1
functions,100000,1,OP_JUMP_IF_FALSE,100001
functions,100000,1,OP_LOOP,100000
functions,100000,1,OP_CALL,100000
functions,100000,1,OP_CLOSURE,1
functions,100000,1,OP_RETURN,100001
functions,100000,2,OP_CONSTANT,100003
functions,100000,2,OP_NIL,1
functions,100000,2,OP_POP,300001
functions,100000,2,OP_GET_LOCAL,200000
functions,100000,2,OP_GET_GLOBAL,600003
functions,100000,2,OP_DEFINE_GLOBAL,4
functions,100000,2,OP_SET_GLOBAL,200000
functions,100000,2,OP_LESS,100001
functions,100000,2,OP_ADD,200000
functions,100000,2,OP_PRINT,1
functions,100000,2,OP_JUMP_IF_FALSE,100001
functions,100000,2,OP_LOOP,100000
functions,100000,2,OP_CALL,100000
functions,100000,2,OP_CLOSURE,1
functions,100000,2,OP_RETURN,100001
functions,100000,3,OP_CONSTANT,100003
functions,100000,3,OP_NIL,1
functions,100000,3,OP_POP,300001
functions,100000,3,OP_GET_LOCAL,200000
functions,100000,3,OP_GET_GLOBAL,600003
functions,100000,3,OP_DEFINE_GLOBAL,4
functions,100000,3,OP_SET_GLOBAL,200000
functions,100000,3,OP_LESS,100001
functions,100000,3,OP_ADD,200000
functions,100000,3,OP_PRINT,1
functions,100000,3,OP_JUMP_IF_FALSE,100001
functions,100000,3,OP_LOOP,100000
functions,100000,3,OP_CALL,100000
functions,100000,3,OP_CLOSURE,1
functions,100000,3,OP_RETURN,100001
functions,100000,4,OP_CONSTANT,100003
functions,100000,4,OP_NIL,1
functions,100000,4,OP_POP,300001
functions,100000,4,OP_GET_LOCAL,200000
functions,100000,4,OP_GET_GLOBAL,600003
functions,100000,4,OP_DEFINE_GLOBAL,4
functions,100000,4,OP_SET_GLOBAL,200000
functions,100000,4,OP_LESS,100001
functions,100000,4,OP_ADD,200000
functions,100000,4,OP_PRINT,1
functions,100000,4,OP_JUMP_IF_FALSE,100001
functions,100000,4,OP_LOOP,100000
functions,100000,4,OP_CALL,100000
functions,100000,4,OP_CLOSURE,1
functions,100000,4,OP_RETURN,100001
functions,100000,5,OP_CONSTANT,100003
functions,100000,5,OP_NIL,1
functions,100000,5,OP_POP,300001
functions,100000,5,OP_GET_LOCAL,200000
functions,100000,5,OP_GET_GLOBAL,600003
functions,100000,5,OP_DEFINE_GLOBAL,4
functions,100000,5,OP_SET_GLOBAL,200000
functions,100000,5,OP_LESS,100001
functions,100000,5,OP_ADD,200000
functions,100000,5,OP_PRINT,1
functions,100000,5,OP_JUMP_IF_FALSE,100001
functions,100000,5,OP_LOOP,100000
functions,100000,5,OP_CALL,100000
functions,100000,5,OP_CLOSURE,1
functions,100000,5,OP_RETURN,100001
functions,10000,1,OP_CONSTANT,10003
functions,10000,1,OP_NIL,1
functions,10000,1,OP_POP,30001
functions,10000,1,OP_GET_LOCAL,20000
functions,10000,1,OP_GET_GLOBAL,60003
functions,10000,1,OP_DEFINE_GLOBAL,4
functions,10000,1,OP_SET_GLOBAL,20000
functions,10000,1,OP_LESS,10001
functions,10000,1,OP_ADD,20000
functions,10000,1,OP_PRINT,1
functions,10000,1,OP_JUMP_IF_FALSE,10001
functions,10000,1,OP_LOOP,10000
functions,10000,1,OP_CALL,10000
functions,10000,1,OP_CLOSURE,1
functions,10000,1,OP_RETURN,10001
functions,10000,2,OP_CONSTANT,10003
functions,10000,2,OP_NIL,1
functions,10000,2,OP_POP,30001
functions,10000,2,OP_GET_LOCAL,20000
functions,10000,2,OP_GET_GLOBAL,60003
functions,10000,2,OP_DEFINE_GLOBAL,4
functions,10000,2,OP_SET_GLOBAL,20000
functions,10000,2,OP_LESS,10001
functions,10000,2,OP_ADD,20000
functions,10000,2,OP_PRINT,1
functions,10000,2,OP_JUMP_IF_FALSE,10001
functions,10000,2,OP_LOOP,10000
functions,10000,2,OP_CALL,10000
functions,10000,2,OP_CLOSURE,1
functions,10000,2,OP_RETURN,10001
functions,10000,3,OP_CONSTANT,10003
functions,10000,3,OP_NIL,1
functions,10000,3,OP_POP,30001
functions,10000,3,OP_GET_LOCAL,20000
functions,10000,3,OP_GET_GLOBAL,60003
functions,10000,3,OP_DEFINE_GLOBAL,4
functions,10000,3,OP_SET_GLOBAL,20000
functions,10000,3,OP_LESS,10001
functions,10000,3,OP_ADD,20000
functions,10000,3,OP_PRINT,1
functions,10000,3,OP_JUMP_IF_FALSE,10001
functions,10000,3,OP_LOOP,10000
functions,10000,3,OP_CALL,10000
functions,10000,3,OP_CLOSURE,1
functions,10000,3,OP_RETURN,10001
functions,10000,4,OP_CONSTANT,10003
functions,10000,4,OP_NIL,1
functions,10000,4,OP_POP,30001
functions,10000,4,OP_GET_LOCAL,20000
functions,10000,4,OP_GET_GLOBAL,60003
functions,10000,4,OP_DEFINE_GLOBAL,4
functions,10000,4,OP_SET_GLOBAL,20000
functions,10000,4,OP_LESS,10001
functions,10000,4,OP_ADD,20000
functions,10000,4,OP_PRINT,1
functions,10000,4,OP_JUMP_IF_FALSE,10001
functions,10000,4,OP_LOOP,10000
functions,10000,4,OP_CALL,10000
functions,10000,4,OP_CLOSURE,1
functions,10000,4,OP_RETURN,10001
functions,10000,5,OP_CONSTANT,10003
functions,10000,5,OP_NIL,1
functions,10000,5,OP_POP,30001
functions,10000,5,OP_GET_LOCAL,20000
functions,10000,5,OP_GET_GLOBAL,60003
functions,10000,5,OP_DEFINE_GLOBAL,4
functions,10000,5,OP_SET_GLOBAL,20000
functions,10000,5,OP_LESS,10001
functions,10000,5,OP_ADD,20000
functions,10000,5,OP_PRINT,1
functions,10000,5,OP_JUMP_IF_FALSE,10001
functions,10000,5,OP_LOOP,10000
functions,10000,5,OP_CALL,10000
functions,10000,5,OP_CLOSURE,1
functions,10000,5,OP_RETURN,10001
functions,1000,1,OP_CONSTANT,1003
functions,1000,1,OP_NIL,1
functions,1000,1,OP_POP,3001
functions,1000,1,OP_GET_LOCAL,2000
functions,1000,1,OP_GET_GLOBAL,6003
functions,1000,1,OP_DEFINE_GLOBAL,4
functions,1000,1,OP_SET_GLOBAL,2000
functions,1000,1,OP_LESS,1001
functions,1000,1,OP_ADD,2000
functions,1000,1,OP_PRINT,1
functions,1000,1,OP_JUMP_IF_FALSE,1001
functions,1000,1,OP_LOOP,1000
functions,1000,1,OP_CALL,1000
functions,1000,1,OP_CLOSURE,1
functions,1000,1,OP_RETURN,1001
functions,1000,2,OP_CONSTANT,1003
functions,1000,2,OP_NIL,1
functions,1000,2,OP_POP,3001
functions,1000,2,OP_GET_LOCAL,2000
functions,1000,2,OP_GET_GLOBAL,6003
functions,1000,2,OP_DEFINE_GLOBAL,4
functions,1000,2,OP_SET_GLOBAL,2000
functions,1000,2,OP_LESS,1001
functions,1000,2,OP_ADD,2000
functions,1000,2,OP_PRINT,1
functions,1000,2,OP_JUMP_IF_FALSE,1001
functions,1000,2,OP_LOOP,1000
functions,1000,2,OP_CALL,1000
functions,1000,2,OP_CLOSURE,1
functions,1000,2,OP_RETURN,1001
functions,1000,3,OP_CONSTANT,1003
functions,1000,3,OP_NIL,1
functions,1000,3,OP_POP,3001
functions,1000,3,OP_GET_LOCAL,2000
functions,1000,3,OP_GET_GLOBAL,6003
functions,1000,3,OP_DEFINE_GLOBAL,4
functions,1000,3,OP_SET_GLOBAL,2000
functions,1000,3,OP_LESS,1001
functions,1000,3,OP_ADD,2000
functions,1000,3,OP_PRINT,1
functions,1000,3,OP_JUMP_IF_FALSE,1001
functions,1000,3,OP_LOOP,1000
functions,1000,3,OP_CALL,1000
functions,1000,3,OP_CLOSURE,1
functions,1000,3,OP_RETURN,1001
functions,1000,4,OP_CONSTANT,1003
functions,1000,4,OP_NIL,1
functions,1000,4,OP_POP,3001
functions,1000,4,OP_GET_LOCAL,2000
functions,1000,4,OP_GET_GLOBAL,6003
functions,1000,4,OP_DEFINE_GLOBAL,4
functions,1000,4,OP_SET_GLOBAL,2000
functions,1000,4,OP_LESS,1001
functions,1000,4,OP_ADD,2000
functions,1000,4,OP_PRINT,1
functions,1000,4,OP_JUMP_IF_FALSE,1001
functions,1000,4,OP_LOOP,1000
functions,1000,4,OP_CALL,1000
functions,1000,4,OP_CLOSURE,1
functions,1000,4,OP_RETURN,1001
functions,1000,5,OP_CONSTANT,1003
functions,1000,5,OP_NIL,1
functions,1000,5,OP_POP,3001
functions,1000,5,OP_GET_LOCAL,2000
functions,1000,5,OP_GET_GLOBAL,6003
functions,1000,5,OP_DEFINE_GLOBAL,4
functions,1000,5,OP_SET_GLOBAL,2000
functions,1000,5,OP_LESS,1001
functions,1000,5,OP_ADD,2000
functions,1000,5,OP_PRINT,1
functions,1000,5,OP_JUMP_IF_FALSE,1001
functions,1000,5,OP_LOOP,1000
functions,1000,5,OP_CALL,1000
functions,1000,5,OP_CLOSURE,1
functions,1000,5,OP_RETURN,1001
inheritance,1000000,1,OP_CONSTANT,3000003
inheritance,1000000,1,OP_NIL,1
inheritance,1000000,1,OP_POP,3000003
inheritance,1000000,1,OP_GET_LOCAL,1000000
inheritance,1000000,1,OP_GET_GLOBAL,5000008
inheritance,1000000,1,OP_DEFINE_GLOBAL,6
inheritance,1000000,1,OP_SET_GLOBAL,2000000
inheritance,1000000,1,OP_GET_UPVALUE,1000000
inheritance,1000000,1,OP_LESS,1000001
inheritance,1000000,1,OP_ADD,3000000
inheritance,1000000,1,OP_PRINT,1
inheritance,1000000,1,OP_JUMP_IF_FALSE,1000001
inheritance,1000000,1,OP_LOOP,1000000
inheritance,1000000,1,OP_CALL,1
inheritance,1000000,1,OP_INVOKE,1000000
inheritance,1000000,1,OP_SUPER_INVOKE,1000000
inheritance,1000000,1,OP_CLOSURE,2
inheritance,1000000,1,OP_CLOSE_UPVALUE,1
inheritance,1000000,1,OP_RETURN,2000001
inheritance,1000000,1,OP_CLASS,2
inheritance,1000000,1,OP_INHERIT,1
inheritance,1000000,1,OP_METHOD,2
inheritance,1000000,2,OP_CONSTANT,3000003
inheritance,1000000,2,OP_NIL,1
inheritance,1000000,2,OP_POP,3000003
inheritance,1000000,2,OP_GET_LOCAL,1000000
inheritance,1000000,2,OP_GET_GLOBAL,5000008
inheritance,1000000,2,OP_DEFINE_GLOBAL,6
inheritance,1000000,2,OP_SET_GLOBAL,2000000
inheritance,1000000,2,OP_GET_UPVALUE,1000000
inheritance,1000000,2,OP_LESS,1000001
inheritance,1000000,2,OP_ADD,3000000
inheritance,1000000,2,OP_PRINT,1
inheritance,1000000,2,OP_JUMP_IF_FALSE,1000001
inheritance,1000000,2,OP_LOOP,1000000
inheritance,1000000,2,OP_CALL,1
inheritance,1000000,2,OP_INVOKE,1000000
inheritance,1000000,2,OP_SUPER_INVOKE,1000000
inheritance,1000000,2,OP_CLOSURE,2
inheritance,1000000,2,OP_CLOSE_UPVALUE,1
inheritance,1000000,2,OP_RETURN,2000001
inheritance,1000000,2,OP_CLASS,2
inheritance,1000000,2,OP_INHERIT,1
inheritance,1000000,2,OP_METHOD,2
inheritance,1000000,3,OP_CONSTANT,3000003
inheritance,1000000,3,OP_NIL,1
inheritance,1000000,3,OP_POP,3000003
inheritance,1000000,3,OP_GET_LOCAL,1000000
inheritance,1000000,3,OP_GET_GLOBAL,5000008
inheritance,1000000,3,OP_DEFINE_GLOBAL,6
inheritance,1000000,3,OP_SET_GLOBAL,2000000
inheritance,1000000,3,OP_GET_UPVALUE,1000000
inheritance,1000000,3,OP_LESS,1000001
inheritance,1000000,3,OP_ADD,3000000
inheritance,1000000,3,OP_PRINT,1
inheritance,1000000,3,OP_JUMP_IF_FALSE,1000001
inheritance,1000000,3,OP_LOOP,1000000
inheritance,1000000,3,OP_CALL,1
inheritance,1000000,3,OP_INVOKE,1000000
inheritance,1000000,3,OP_SUPER_INVOKE,1000000
inheritance,1000000,3,OP_CLOSURE,2
inheritance,1000000,3,OP_CLOSE_UPVALUE,1
inheritance,1000000,3,OP_RETURN,2000001
inheritance,1000000,3,OP_CLASS,2
inheritance,1000000,3,OP_INHERIT,1
inheritance,1000000,3,OP_METHOD,2
inheritance,1000000,4,OP_CONSTANT,3000003
inheritance,1000000,4,OP_NIL,1
inheritance,1000000,4,OP_POP,3000003
inheritance,1000000,4,OP_GET_LOCAL,1000000
inheritance,1000000,4,OP_GET_GLOBAL,5000008
inheritance,1000000,4,OP_DEFINE_GLOBAL,6
inheritance,1000000,4,OP_SET_GLOBAL,2000000
inheritance,1000000,4,OP_GET_UPVALUE,1000000
inheritance,1000000,4,OP_LESS,1000001
inheritance,1000000,4,OP_ADD,3000000
inheritance,1000000,4,OP_PRINT,1
inheritance,1000000,4,OP_JUMP_IF_FALSE,1000001
inheritance,1000000,4,OP_LOOP,1000000
inheritance,1000000,4,OP_CALL,1
inheritance,1000000,4,OP_INVOKE,1000000
inheritance,1000000,4,OP_SUPER_INVOKE,1000000
inheritance,1000000,4,OP_CLOSURE,2
inheritance,1000000,4,OP_CLOSE_UPVALUE,1
inheritance,1000000,4,OP_RETURN,2000001
inheritance,1000000,4,OP_CLASS,2
inheritance,1000000,4,OP_INHERIT,1
inheritance,1000000,4,OP_METHOD,2
inheritance,1000000,5,OP_CONSTANT,3000003
inheritance,1000000,5,OP_NIL,1
inheritance,1000000,5,OP_POP,3000003
inheritance,1000000,5,OP_GET_LOCAL,1000000
inheritance,1000000,5,OP_GET_GLOBAL,5000008
inheritance,1000000,5,OP_DEFINE_GLOBAL,6
inheritance,1000000,5,OP_SET_GLOBAL,2000000
inheritance,1000000,5,OP_GET_UPVALUE,1000000
inheritance,1000000,5,OP_LESS,1000001
inheritance,1000000,5,OP_ADD,3000000
inheritance,1000000,5,OP_PRINT,1
inheritance,1000000,5,OP_JUMP_IF_FALSE,1000001
inheritance,1000000,5,OP_LOOP,1000000
inheritance,1000000,5,OP_CALL,1
inheritance,1000000,5,OP_INVOKE,1000000
inheritance,1000000,5,OP_SUPER_INVOKE,1000000
inheritance,1000000,5,OP_CLOSURE,2
inheritance,1000000,5,OP_CLOSE_UPVALUE,1
inheritance,1000000,5,OP_RETURN,2000001
inheritance,1000000,5,OP_CLASS,2
inheritance,1000000,5,OP_INHERIT,1
inheritance,1000000,5,OP_METHOD,2
inheritance,100000,1,OP_CONSTANT,300003
inheritance,100000,1,OP_NIL,1
inheritance,100000,1,OP_POP,300003
inheritance,100000,1,OP_GET_LOCAL,100000
inheritance,100000,1,OP_GET_GLOBAL,500008
inheritance,100000,1,OP_DEFINE_GLOBAL,6
inheritance,100000,1,OP_SET_GLOBAL,200000
inheritance,100000,1,OP_GET_UPVALUE,100000
inheritance,100000,1,OP_LESS,100001
inheritance,100000,1,OP_ADD,300000
inheritance,100000,1,OP_PRINT,1
inheritance,100000,1,OP_JUMP_IF_FALSE,100001
inheritance,100000,1,OP_LOOP,100000
inheritance,100000,1,OP_CALL,1
inheritance,100000,1,OP_INVOKE,100000
inheritance,100000,1,OP_SUPER_INVOKE,100000
inheritance,100000,1,OP_CLOSURE,2
inheritance,100000,1,OP_CLOSE_UPVALUE,1
inheritance,100000,1,OP_RETURN,200001
inheritance,100000,1,OP_CLASS,2
inheritance,100000,1,OP_INHERIT,1
inheritance,100000,1,OP_METHOD,2
inheritance,100000,2,OP_CONSTANT,300003
inheritance,100000,2,OP_NIL,1
inheritance,100000,2,OP_POP,300003
inheritance,100000,2,OP_GET_LOCAL,100000
inheritance,100000,2,OP_GET_GLOBAL,500008
inheritance,100000,2,OP_DEFINE_GLOBAL,6
inheritance,100000,2,OP_SET_GLOBAL,200000
inheritance,100000,2,OP_GET_UPVALUE,100000
inheritance,100000,2,OP_LESS,100001
inheritance,100000,2,OP_ADD,300000
inheritance,100000,2,OP_PRINT,1
inheritance,100000,2,OP_JUMP_IF_FALSE,100001
inheritance,100000,2,OP_LOOP,100000
inheritance,100000,2,OP_CALL,1
inheritance,100000,2,OP_INVOKE,100000
inheritance,100000,2,OP_SUPER_INVOKE,100000
inheritance,100000,2,OP_CLOSURE,2
inheritance,100000,2,OP_CLOSE_UPVALUE,1
inheritance,100000,2,OP_RETURN,200001
inheritance,100000,2,OP_CLASS,2
inheritance,100000,2,OP_INHERIT,1
inheritance,100000,2,OP_METHOD,2
inheritance,100000,3,OP_CONSTANT,300003
inheritance,100000,3,OP_NIL,1
inheritance,100000,3,OP_POP,300003
inheritance,100000,3,OP_GET_LOCAL,100000
inheritance,100000,3,OP_GET_GLOBAL,500008
inheritance,100000,3,OP_DEFINE_GLOBAL,6
inheritance,100000,3,OP_SET_GLOBAL,200000
inheritance,100000,3,OP_GET_UPVALUE,100000
inheritance,100000,3,OP_LESS,100001
inheritance,100000,3,OP_ADD,300000
inheritance,100000,3,OP_PRINT,1
inheritance,100000,3,OP_JUMP_IF_FALSE,100001
inheritance,100000,3,OP_LOOP,100000
inheritance,100000,3,OP_CALL,1
inheritance,100000,3,OP_INVOKE,100000
inheritance,100000,3,OP_SUPER_INVOKE,100000
inheritance,100000,3,OP_CLOSURE,2
inheritance,100000,3,OP_CLOSE_UPVALUE,1
inheritance,100000,3,OP_RETURN,200001
inheritance,100000,3,OP_CLASS,2
inheritance,100000,3,OP_INHERIT,1
inheritance,100000,3,OP_METHOD,2
inheritance,100000,4,OP_CONSTANT,300003
inheritance,100000,4,OP_NIL,1
inheritance,100000,4,OP_POP,300003
inheritance,100000,4,OP_GET_LOCAL,100000
inheritance,100000,4,OP_GET_GLOBAL,500008
inheritance,100000,4,OP_DEFINE_GLOBAL,6
inheritance,100000,4,OP_SET_GLOBAL,200000
inheritance,100000,4,OP_GET_UPVALUE,100000
inheritance,100000,4,OP_LESS,100001
inheritance,100000,4,OP_ADD,300000
inheritance,100000,4,OP_PRINT,1
inheritance,100000,4,OP_JUMP_IF_FALSE,100001
inheritance,100000,4,OP_LOOP,100000
inheritance,100000,4,OP_CALL,1
inheritance,100000,4,OP_INVOKE,100000
inheritance,100000,4,OP_SUPER_INVOKE,100000
inheritance,100000,4,OP_CLOSURE,2
inheritance,100000,4,OP_CLOSE_UPVALUE,1
inheritance,100000,4,OP_RETURN,200001
inheritance,100000,4,OP_CLASS,2
inheritance,100000,4,OP_INHERIT,1
inheritance,100000,4,OP_METHOD,2
inheritance,100000,5,OP_CONSTANT,300003
inheritance,100000,5,OP_NIL,1
inheritance,100000,5,OP_POP,300003
inheritance,100000,5,OP_GET_LOCAL,100000
inheritance,100000,5,OP_GET_GLOBAL,500008
inheritance,100000,5,OP_DEFINE_GLOBAL,6
inheritance,100000,5,OP_SET_GLOBAL,200000
inheritance,100000,5,OP_GET_UPVALUE,100000
inheritance,100000,5,OP_LESS,100001
inheritance,100000,5,OP_ADD,300000
inheritance,100000,5,OP_PRINT,1
inheritance,100000,5,OP_JUMP_IF_FALSE,100001
inheritance,100000,5,OP_LOOP,100000
inheritance,100000,5,OP_CALL,1
inheritance,100000,5,OP_INVOKE,100000
inheritance,100000,5,OP_SUPER_INVOKE,100000
inheritance,100000,5,OP_CLOSURE,2
inheritance,100000,5,OP_CLOSE_UPVALUE,1
inheritance,100000,5,OP_RETURN,200001
inheritance,100000,5,OP_CLASS,2
inheritance,100000,5,OP_INHERIT,1
inheritance,100000,5,OP_METHOD,2
inheritance,10000,1,OP_CONSTANT,30003
inheritance,10000,1,OP_NIL,1
inheritance,10000,1,OP_POP,30003
inheritance,10000,1,OP_GET_LOCAL,10000
inheritance,10000,1,OP_GET_GLOBAL,50008
inheritance,10000,1,OP_DEFINE_GLOBAL,6
inheritance,10000,1,OP_SET_GLOBAL,20000
inheritance,10000,1,OP_GET_UPVALUE,10000
inheritance,10000,1,OP_LESS,10001
inheritance,10000,1,OP_ADD,30000
inheritance,10000,1,OP_PRINT,1
inheritance,10000,1,OP_JUMP_IF_FALSE,10001
inheritance,10000,1,OP_LOOP,10000
inheritance,10000,1,OP_CALL,1
inheritance,10000,1,OP_INVOKE,10000
inheritance,10000,1,OP_SUPER_INVOKE,10000
inheritance,10000,1,OP_CLOSURE,2
inheritance,10000,1,OP_CLOSE_UPVALUE,1
inheritance,10000,1,OP_RETURN,20001
inheritance,10000,1,OP_CLASS,2
inheritance,10000,1,OP_INHERIT,1
inheritance,10000,1,OP_METHOD,2
inheritance,10000,2,OP_CONSTANT,30003
inheritance,10000,2,OP_NIL,1
inheritance,10000,2,OP_POP,30003
inheritance,10000,2,OP_GET_LOCAL,10000
inheritance,10000,2,OP_GET_GLOBAL,50008
inheritance,10000,2,OP_DEFINE_GLOBAL,6
inheritance,10000,2,OP_SET_GLOBAL,20000
inheritance,10000,2,OP_GET_UPVALUE,10000
inheritance,10000,2,OP_LESS,10001
inheritance,10000,2,OP_ADD,30000
inheritance,10000,2,OP_PRINT,1
inheritance,10000,2,OP_JUMP_IF_FALSE,10001
inheritance,10000,2,OP_LOOP,10000
inheritance,10000,2,OP_CALL,1
inheritance,10000,2,OP_INVOKE,10000
inheritance,10000,2,OP_SUPER_INVOKE,10000
inheritance,10000,2,OP_CLOSURE,2
inheritance,10000,2,OP_CLOSE_UPVALUE,1
inheritance,10000,2,OP_RETURN,20001
inheritance,10000,2,OP_CLASS,2
inheritance,10000,2,OP_INHERIT,1
inheritance,10000,2,OP_METHOD,2
inheritance,10000,3,OP_CONSTANT,30003
inheritance,10000,3,OP_NIL,1
inheritance,10000,3,OP_POP,30003
inheritance,10000,3,OP_GET_LOCAL,10000
inheritance,10000,3,OP_GET_GLOBAL,50008
inheritance,10000,3,OP_DEFINE_GLOBAL,6
inheritance,10000,3,OP_SET_GLOBAL,20000
inheritance,10000,3,OP_GET_UPVALUE,10000
inheritance,10000,3,OP_LESS,10001
inheritance,10000,3,OP_ADD,30000
inheritance,10000,3,OP_PRINT,1
inheritance,10000,3,OP_JUMP_IF_FALSE,10001
inheritance,10000,3,OP_LOOP,10000
inheritance,10000,3,OP_CALL,1
inheritance,10000,3,OP_INVOKE,10000
inheritance,10000,3,OP_SUPER_INVOKE,10000
inheritance,10000,3,OP_CLOSURE,2
inheritance,10000,3,OP_CLOSE_UPVALUE,1
inheritance,10000,3,OP_RETURN,20001
inheritance,10000,3,OP_CLASS,2
inheritance,10000,3,OP_INHERIT,1
inheritance,10000,3,OP_METHOD,2
inheritance,10000,4,OP_CONSTANT,30003
inheritance,10000,4,OP_NIL,1
inheritance,10000,4,OP_POP,30003
inheritance,10000,4,OP_GET_LOCAL,10000
inheritance,10000,4,OP_GET_GLOBAL,50008
inheritance,10000,4,OP_DEFINE_GLOBAL,6
inheritance,10000,4,OP_SET_GLOBAL,20000
inheritance,10000,4,OP_GET_UPVALUE,10000
inheritance,10000,4,OP_LESS,10001
inheritance,10000,4,OP_ADD,30000
inheritance,10000,4,OP_PRINT,1
inheritance,10000,4,OP_JUMP_IF_FALSE,10001
inheritance,10000,4,OP_LOOP,10000
inheritance,10000,4,OP_CALL,1
inheritance,10000,4,OP_INVOKE,10000
inheritance,10000,4,OP_SUPER_INVOKE,10000
inheritance,10000,4,OP_CLOSURE,2
inheritance,10000,4,OP_CLOSE_UPVALUE,1
inheritance,10000,4,OP_RETURN,20001
inheritance,10000,4,OP_CLASS,2
inheritance,10000,4,OP_INHERIT,1
inheritance,10000,4,OP_METHOD,2
inheritance,10000,5,OP_CONSTANT,30003
inheritance,10000,5,OP_NIL,1
inheritance,10000,5,OP_POP,30003
inheritance,10000,5,OP_GET_LOCAL,10000
inheritance,10000,5,OP_GET_GLOBAL,50008
inheritance,10000,5,OP_DEFINE_GLOBAL,6
inheritance,10000,5,OP_SET_GLOBAL,20000
inheritance,10000,5,OP_GET_UPVALUE,10000
inheritance,10000,5,OP_LESS,10001
inheritance,10000,5,OP_ADD,30000
inheritance,10000,5,OP_PRINT,1
inheritance,10000,5,OP_JUMP_IF_FALSE,10001
inheritance,10000,5,OP_LOOP,10000
inheritance,10000,5,OP_CALL,1
inheritance,10000,5,OP_INVOKE,10000
inheritance,10000,5,OP_SUPER_INVOKE,10000
inheritance,10000,5,OP_CLOSURE,2
inheritance,10000,5,OP_CLOSE_UPVALUE,1
inheritance,10000,5,OP_RETURN,20001
inheritance,10000,5,OP_CLASS,2
inheritance,10000,5,OP_INHERIT,1
inheritance,10000,5,OP_METHOD,2
inheritance,1000,1,OP_CONSTANT,3003
inheritance,1000,1,OP_NIL,1
inheritance,1000,1,OP_POP,3003
inheritance,1000,1,OP_GET_LOCAL,1000
inheritance,1000,1,OP_GET_GLOBAL,5008
inheritance,1000,1,OP_DEFINE_GLOBAL,6
inheritance,1000,1,OP_SET_GLOBAL,2000
inheritance,1000,1,OP_GET_UPVALUE,1000
inheritance,1000,1,OP_LESS,1001
inheritance,1000,1,OP_ADD,3000
inheritance,1000,1,OP_PRINT,1
inheritance,1000,1,OP_JUMP_IF_FALSE,1001
inheritance,1000,1,OP_LOOP,1000
inheritance,1000,1,OP_CALL,1
inheritance,1000,1,OP_INVOKE,1000
inheritance,1000,1,OP_SUPER_INVOKE,1000
inheritance,1000,1,OP_CLOSURE,2
inheritance,1000,1,OP_CLOSE_UPVALUE,1
inheritance,1000,1,OP_RETURN,2001
inheritance,1000,1,OP_CLASS,2
inheritance,1000,1,OP_INHERIT,1
inheritance,1000,1,OP_METHOD,2
inheritance,1000,2,OP_CONSTANT,3003
inheritance,1000,2,OP_NIL,1
inheritance,1000,2,OP_POP,3003
inheritance,1000,2,OP_GET_LOCAL,1000
inheritance,1000,2,OP_GET_GLOBAL,5008
inheritance,1000,2,OP_DEFINE_GLOBAL,6
inheritance,1000,2,OP_SET_GLOBAL,2000
inheritance,1000,2,OP_GET_UPVALUE,1000
inheritance,1000,2,OP_LESS,1001
inheritance,1000,2,OP_ADD,3000
inheritance,1000,2,OP_PRINT,1
inheritance,1000,2,OP_JUMP_IF_FALSE,1001
inheritance,1000,2,OP_LOOP,1000
inheritance,1000,2,OP_CALL,1
inheritance,1000,2,OP_INVOKE,1000
inheritance,1000,2,OP_SUPER_INVOKE,1000
inheritance,1000,2,OP_CLOSURE,2
inheritance,1000,2,OP_CLOSE_UPVALUE,1
inheritance,1000,2,OP_RETURN,2001
inheritance,1000,2,OP_CLASS,2
inheritance,1000,2,OP_INHERIT,1
inheritance,1000,2,OP_METHOD,2
inheritance,1000,3,OP_CONSTANT,3003
inheritance,1000,3,OP_NIL,1
inheritance,1000,3,OP_POP,3003
inheritance,1000,3,OP_GET_LOCAL,1000
inheritance,1000,3,OP_GET_GLOBAL,5008
inheritance,1000,3,OP_DEFINE_GLOBAL,6
inheritance,1000,3,OP_SET_GLOBAL,2000
inheritance,1000,3,OP_GET_UPVALUE,1000
inheritance,1000,3,OP_LESS,1001
inheritance,1000,3,OP_ADD,3000
inheritance,1000,3,OP_PRINT,1
inheritance,1000,3,OP_JUMP_IF_FALSE,1001
inheritance,1000,3,OP_LOOP,1000
inheritance,1000,3,OP_CALL,1
inheritance,1000,3,OP_INVOKE,1000
inheritance,1000,3,OP_SUPER_INVOKE,1000
inheritance,1000,3,OP_CLOSURE,2
inheritance,1000,3,OP_CLOSE_UPVALUE,1
inheritance,1000,3,OP_RETURN,2001
inheritance,1000,3,OP_CLASS,2
inheritance,1000,3,OP_INHERIT,1
inheritance,1000,3,OP_METHOD,2
inheritance,1000,4,OP_CONSTANT,3003
inheritance,1000,4,OP_NIL,1
inheritance,1000,4,OP_POP,3003
inheritance,1000,4,OP_GET_LOCAL,1000
inheritance,1000,4,OP_GET_GLOBAL,5008
inheritance,1000,4,OP_DEFINE_GLOBAL,6
inheritance,1000,4,OP_SET_GLOBAL,2000
inheritance,1000,4,OP_GET_UPVALUE,1000
inheritance,1000,4,OP_LESS,1001
inheritance,1000,4,OP_ADD,3000
inheritance,1000,4,OP_PRINT,1
inheritance,1000,4,OP_JUMP_IF_FALSE,1001
inheritance,1000,4,OP_LOOP,1000
inheritance,1000,4,OP_CALL,1
inheritance,1000,4,OP_INVOKE,1000
inheritance,1000,4,OP_SUPER_INVOKE,1000
inheritance,1000,4,OP_CLOSURE,2
inheritance,1000,4,OP_CLOSE_UPVALUE,1
inheritance,1000,4,OP_RETURN,2001
inheritance,1000,4,OP_CLASS,2
inheritance,1000,4,OP_INHERIT,1
inheritance,1000,4,OP_METHOD,2
inheritance,1000,5,OP_CONSTANT,3003
inheritance,1000,5,OP_NIL,1
inheritance,1000,5,OP_POP,3003
inheritance,1000,5,OP_GET_LOCAL,1000
inheritance,1000,5,OP_GET_GLOBAL,5008
inheritance,1000,5,OP_DEFINE_GLOBAL,6
inheritance,1000,5,OP_SET_GLOBAL,2000
inheritance,1000,5,OP_GET_UPVALUE,1000
inheritance,1000,5,OP_LESS,1001
inheritance,1000,5,OP_ADD,3000
inheritance,1000,5,OP_PRINT,1
inheritance,1000,5,OP_JUMP_IF_FALSE,1001
inheritance,1000,5,OP_LOOP,1000
inheritance,1000,5,OP_CALL,1
inheritance,1000,5,OP_INVOKE,1000
inheritance,1000,5,OP_SUPER_INVOKE,1000
inheritance,1000,5,OP_CLOSURE,2
inheritance,1000,5,OP_CLOSE_UPVALUE,1
inheritance,1000,5,OP_RETURN,2001
inheritance,1000,5,OP_CLASS,2
inheritance,1000,5,OP_INHERIT,1
inheritance,1000,5,OP_METHOD,2
loops,10000000,1,OP_CONSTANT,30000003
loops,10000000,1,OP_NIL,1
loops,10000000,1,OP_POP,40000001
loops,10000000,1,OP_GET_GLOBAL,60000003
loops,10000000,1,OP_DEFINE_GLOBAL,3
loops,10000000,1,OP_SET_GLOBAL,20000000
loops,10000000,1,OP_LESS,20000001
loops,10000000,1,OP_ADD,20000000
loops,10000000,1,OP_DIVIDE,10000000
loops,10000000,1,OP_PRINT,1
loops,10000000,1,OP_JUMP,5000000
loops,10000000,1,OP_JUMP_IF_FALSE,20000001
loops,10000000,1,OP_LOOP,10000000
loops,10000000,1,OP_RETURN,1
loops,10000000,2,OP_CONSTANT,30000003
loops,10000000,2,OP_NIL,1
loops,10000000,2,OP_POP,40000001
loops,10000000,2,OP_GET_GLOBAL,60000003
loops,10000000,2,OP_DEFINE_GLOBAL,3
loops,10000000,2,OP_SET_GLOBAL,20000000
loops,10000000,2,OP_LESS,20000001
loops,10000000,2,OP_ADD,20000000
loops,10000000,2,OP_DIVIDE,10000000
loops,10000000,2,OP_PRINT,1
loops,10000000,2,OP_JUMP,5000000
loops,10000000,2,OP_JUMP_IF_FALSE,20000001
loops,10000000,2,OP_LOOP,10000000
loops,10000000,2,OP_RETURN,1
loops,10000000,3,OP_CONSTANT,30000003
loops,10000000,3,OP_NIL,1
loops,10000000,3,OP_POP,40000001
loops,10000000,3,OP_GET_GLOBAL,60000003
loops,10000000,3,OP_DEFINE_GLOBAL,3
loops,10000000,3,OP_SET_GLOBAL,20000000
loops,10000000,3,OP_LESS,20000001
loops,10000000,3,OP_ADD,20000000
loops,10000000,3,OP_DIVIDE,10000000
loops,10000000,3,OP_PRINT,1
loops,10000000,3,OP_JUMP,5000000
loops,10000000,3,OP_JUMP_IF_FALSE,20000001
loops,10000000,3,OP_LOOP,10000000
loops,10000000,3,OP_RETURN,1
loops,10000000,4,OP_CONSTANT,30000003
loops,10000000,4,OP_NIL,1
loops,10000000,4,OP_POP,40000001
loops,10000000,4,OP_GET_GLOBAL,60000003
loops,10000000,4,OP_DEFINE_GLOBAL,3
loops,10000000,4,OP_SET_GLOBAL,20000000
loops,10000000,4,OP_LESS,20000001
loops,10000000,4,OP_ADD,20000000
loops,10000000,4,OP_DIVIDE,10000000
loops,10000000,4,OP_PRINT,1
loops,10000000,4,OP_JUMP,5000000
loops,10000000,4,OP_JUMP_IF_FALSE,20000001
loops,10000000,4,OP_LOOP,10000000
loops,10000000,4,OP_RETURN,1
loops,10000000,5,OP_CONSTANT,30000003
loops,10000000,5,OP_NIL,1
loops,10000000,5,OP_POP,40000001
loops,10000000,5,OP_GET_GLOBAL,60000003
loops,10000000,5,OP_DEFINE_GLOBAL,3
loops,10000000,5,OP_SET_GLOBAL,20000000
loops,10000000,5,OP_LESS,20000001
loops,10000000,5,OP_ADD,20000000
loops,10000000,5,OP_DIVIDE,10000000
loops,10000000,5,OP_PRINT,1
loops,10000000,5,OP_JUMP,5000000
loops,10000000,5,OP_JUMP_IF_FALSE,20000001
loops,10000000,5,OP_LOOP,10000000
loops,10000000,5,OP_RETURN,1
loops,1000000,1,OP_CONSTANT,3000003
loops,1000000,1,OP_NIL,1
loops,1000000,1,OP_POP,4000001
loops,1000000,1,OP_GET_GLOBAL,6000003
loops,1000000,1,OP_DEFINE_GLOBAL,3
loops,1000000,1,OP_SET_GLOBAL,2000000
loops,1000000,1,OP_LESS,2000001
loops,1000000,1,OP_ADD,2000000
loops,1000000,1,OP_DIVIDE,1000000
loops,1000000,1,OP_PRINT,1
loops,1000000,1,OP_JUMP,500000
loops,1000000,1,OP_JUMP_IF_FALSE,2000001
loops,1000000,1,OP_LOOP,1000000
loops,1000000,1,OP_RETURN,1
loops,1000000,2,OP_CONSTANT,3000003
loops,1000000,2,OP_NIL,1
loops,1000000,2,OP_POP,4000001
loops,1000000,2,OP_GET_GLOBAL,6000003
loops,1000000,2,OP_DEFINE_GLOBAL,3
loops,1000000,2,OP_SET_GLOBAL,2000000
loops,1000000,2,OP_LESS,2000001
loops,1000000,2,OP_ADD,2000000
loops,1000000,2,OP_DIVIDE,1000000
loops,1000000,2,OP_PRINT,1
loops,1000000,2,OP_JUMP,500000
loops,1000000,2,OP_JUMP_IF_FALSE,2000001
loops,1000000,2,OP_LOOP,1000000
loops,1000000,2,OP_RETURN,1
loops,1000000,3,OP_CONSTANT,3000003
loops,1000000,3,OP_NIL,1
loops,1000000,3,OP_POP,4000001
loops,1000000,3,OP_GET_GLOBAL,6000003
loops,1000000,3,OP_DEFINE_GLOBAL,3
loops,1000000,3,OP_SET_GLOBAL,2000000
loops,1000000,3,OP_LESS,2000001
loops,1000000,3,OP_ADD,2000000
loops,1000000,3,OP_DIVIDE,1000000
loops,1000000,3,OP_PRINT,1
loops,1000000,3,OP_JUMP,500000
loops,1000000,3,OP_JUMP_IF_FALSE,2000001
loops,1000000,3,OP_LOOP,1000000
loops,1000000,3,OP_RETURN,1
loops,1000000,4,OP_CONSTANT,3000003
loops,1000000,4,OP_NIL,1
loops,1000000,4,OP_POP,4000001
loops,1000000,4,OP_GET_GLOBAL,6000003
loops,1000000,4,OP_DEFINE_GLOBAL,3
loops,1000000,4,OP_SET_GLOBAL,2000000
loops,1000000,4,OP_LESS,2000001
loops,1000000,4,OP_ADD,2000000
loops,1000000,4,OP_DIVIDE,1000000
loops,1000000,4,OP_PRINT,1
loops,1000000,4,OP_JUMP,500000
loops,1000000,4,OP_JUMP_IF_FALSE,2000001
loops,1000000,4,OP_LOOP,1000000
loops,1000000,4,OP_RETURN,1
loops,1000000,5,OP_CONSTANT,3000003
loops,1000000,5,OP_NIL,1
loops,1000000,5,OP_POP,4000001
loops,1000000,5,OP_GET_GLOBAL,6000003
loops,1000000,5,OP_DEFINE_GLOBAL,3
loops,1000000,5,OP_SET_GLOBAL,2000000
loops,1000000,5,OP_LESS,2000001
loops,1000000,5,OP_ADD,2000000
loops,1000000,5,OP_DIVIDE,1000000
loops,1000000,5,OP_PRINT,1
loops,1000000,5,OP_JUMP,500000
loops,1000000,5,OP_JUMP_IF_FALSE,2000001
loops,1000000,5,OP_LOOP,1000000
loops,1000000,5,OP_RETURN,1
loops,100000,1,OP_CONSTANT,300003
loops,100000,1,OP_NIL,1
loops,100000,1,OP_POP,400001
loops,100000,1,OP_GET_GLOBAL,600003
loops,100000,1,OP_DEFINE_GLOBAL,3
loops,100000,1,OP_SET_GLOBAL,200000
loops,100000,1,OP_LESS,200001
loops,100000,1,OP_ADD,200000
loops,100000,1,OP_DIVIDE,100000
loops,100000,1,OP_PRINT,1
loops,100000,1,OP_JUMP,50000
loops,100000,1,OP_JUMP_IF_FALSE,200001
loops,100000,1,OP_LOOP,100000
loops,100000,1,OP_RETURN,1
loops,100000,2,OP_CONSTANT,300003
loops,100000,2,OP_NIL,1
loops,100000,2,OP_POP,400001
loops,100000,2,OP_GET_GLOBAL,600003
loops,100000,2,OP_DEFINE_GLOBAL,3
loops,100000,2,OP_SET_GLOBAL,200000
loops,100000,2,OP_LESS,200001
loops,100000,2,OP_ADD,200000
loops,100000,2,OP_DIVIDE,100000
loops,100000,2,OP_PRINT,1
loops,100000,2,OP_JUMP,50000
loops,100000,2,OP_JUMP_IF_FALSE,200001
loops,100000,2,OP_LOOP,100000
loops,100000,2,OP_RETURN,1
loops,100000,3,OP_CONSTANT,300003
loops,100000,3,OP_NIL,1
loops,100000,3,OP_POP,400001
loops,100000,3,OP_GET_GLOBAL,600003
loops,100000,3,OP_DEFINE_GLOBAL,3
loops,100000,3,OP_SET_GLOBAL,200000
loops,100000,3,OP_LESS,200001
loops,100000,3,OP_ADD,200000
loops,100000,3,OP_DIVIDE,100000
loops,100000,3,OP_PRINT,1
loops,100000,3,OP_JUMP,50000
loops,100000,3,OP_JUMP_IF_FALSE,200001
loops,100000,3,OP_LOOP,100000
loops,100000,3,OP_RETURN,1
loops,100000,4,OP_CONSTANT,300003
loops,100000,4,OP_NIL,1
loops,100000,4,OP_POP,400001
loops,100000,4,OP_GET_GLOBAL,600003
loops,100000,4,OP_DEFINE_GLOBAL,3
loops,100000,4,OP_SET_GLOBAL,200000
loops,100000,4,OP_LESS,200001
loops,100000,4,OP_ADD,200000
loops,100000,4,OP_DIVIDE,100000
loops,100000,4,OP_PRINT,1
loops,100000,4,OP_JUMP,50000
loops,100000,4,OP_JUMP_IF_FALSE,200001
loops,100000,4,OP_LOOP,100000
loops,100000,4,OP_RETURN,1
loops,100000,5,OP_CONSTANT,300003
loops,100000,5,OP_NIL,1
loops,100000,5,OP_POP,400001
loops,100000,5,OP_GET_GLOBAL,600003
loops,100000,5,OP_DEFINE_GLOBAL,3
loops,100000,5,OP_SET_GLOBAL,200000
loops,100000,5,OP_LESS,200001
loops,100000,5,OP_ADD,200000
loops,100000,5,OP_DIVIDE,100000
loops,100000,5,OP_PRINT,1
loops,100000,5,OP_JUMP,50000
loops,100000,5,OP_JUMP_IF_FALSE,200001
loops,100000,5,OP_LOOP,100000
loops,100000,5,OP_RETURN,1
loops,10000,1,OP_CONSTANT,30003
loops,10000,1,OP_NIL,1
loops,10000,1,OP_POP,40001
loops,10000,1,OP_GET_GLOBAL,60003
loops,10000,1,OP_DEFINE_GLOBAL,3
loops,10000,1,OP_SET_GLOBAL,20000
loops,10000,1,OP_LESS,20001
loops,10000,1,OP_ADD,20000
loops,10000,1,OP_DIVIDE,10000
loops,10000,1,OP_PRINT,1
loops,10000,1,OP_JUMP,5000
loops,10000,1,OP_JUMP_IF_FALSE,20001
loops,10000,1,OP_LOOP,10000
loops,10000,1,OP_RETURN,1
loops,10000,2,OP_CONSTANT,30003
loops,10000,2,OP_NIL,1
loops,10000,2,OP_POP,40001
loops,10000,2,OP_GET_GLOBAL,60003
loops,10000,2,OP_DEFINE_GLOBAL,3
loops,10000,2,OP_SET_GLOBAL,20000
loops,10000,2,OP_LESS,20001
loops,10000,2,OP_ADD,20000
loops,10000,2,OP_DIVIDE,10000
loops,10000,2,OP_PRINT,1
loops,10000,2,OP_JUMP,5000
loops,10000,2,OP_JUMP_IF_FALSE,20001
loops,10000,2,OP_LOOP,10000
loops,10000,2,OP_RETURN,1
loops,10000,3,OP_CONSTANT,30003
loops,10000,3,OP_NIL,1
loops,10000,3,OP_POP,40001
loops,10000,3,OP_GET_GLOBAL,60003
loops,10000,3,OP_DEFINE_GLOBAL,3
loops,10000,3,OP_SET_GLOBAL,20000
loops,10000,3,OP_LESS,20001
loops,10000,3,OP_ADD,20000
loops,10000,3,OP_DIVIDE,10000
loops,10000,3,OP_PRINT,1
loops,10000,3,OP_JUMP,5000
loops,10000,3,OP_JUMP_IF_FALSE,20001
loops,10000,3,OP_LOOP,10000
loops,10000,3,OP_RETURN,1
loops,10000,4,OP_CONSTANT,30003
loops,10000,4,OP_NIL,1
loops,10000,4,OP_POP,40001
loops,10000,4,OP_GET_GLOBAL,60003
loops,10000,4,OP_DEFINE_GLOBAL,3
loops,10000,4,OP_SET_GLOBAL,20000
loops,10000,4,OP_LESS,20001
loops,10000,4,OP_ADD,20000
loops,10000,4,OP_DIVIDE,10000
loops,10000,4,OP_PRINT,1
loops,10000,4,OP_JUMP,5000
loops,10000,4,OP_JUMP_IF_FALSE,20001
loops,10000,4,OP_LOOP,10000
loops,10000,4,OP_RETURN,1
loops,10000,5,OP_CONSTANT,30003
loops,10000,5,OP_NIL,1
loops,10000,5,OP_POP,40001
loops,10000,5,OP_GET_GLOBAL,60003
loops,10000,5,OP_DEFINE_GLOBAL,3
loops,10000,5,OP_SET_GLOBAL,20000
loops,10000,5,OP_LESS,20001
loops,10000,5,OP_ADD,20000
loops,10000,5,OP_DIVIDE,10000
loops,10000,5,OP_PRINT,1
loops,10000,5,OP_JUMP,5000
loops,10000,5,OP_JUMP_IF_FALSE,20001
loops,10000,5,OP_LOOP,10000
loops,10000,5,OP_RETURN,1
objects,1000000,1,OP_CONSTANT,2000003
objects,1000000,1,OP_NIL,1000001
objects,1000000,1,OP_POP,4000003
objects,1000000,1,OP_GET_LOCAL,2000003
objects,1000000,1,OP_GET_GLOBAL,4000005
objects,1000000,1,OP_DEFINE_GLOBAL,4
objects,1000000,1,OP_SET_GLOBAL,1000000
objects,1000000,1,OP_GET_PROPERTY,1000001
objects,1000000,1,OP_SET_PROPERTY,1000001
objects,1000000,1,OP_LESS,1000001
objects,1000000,1,OP_ADD,2000000
objects,1000000,1,OP_PRINT,1
objects,1000000,1,OP_JUMP_IF_FALSE,1000001
objects,1000000,1,OP_LOOP,1000000
objects,1000000,1,OP_CALL,1
objects,1000000,1,OP_INVOKE,1000001
objects,1000000,1,OP_CLOSURE,3
objects,1000000,1,OP_RETURN,1000003
objects,1000000,1,OP_CLASS,1
objects,1000000,1,OP_METHOD,3
objects,1000000,2,OP_CONSTANT,2000003
objects,1000000,2,OP_NIL,1000001
objects,1000000,2,OP_POP,4000003
objects,1000000,2,OP_GET_LOCAL,2000003
objects,1000000,2,OP_GET_GLOBAL,4000005
objects,1000000,2,OP_DEFINE_GLOBAL,4
objects,1000000,2,OP_SET_GLOBAL,1000000
objects,1000000,2,OP_GET_PROPERTY,1000001
objects,1000000,2,OP_SET_PROPERTY,1000001
objects,1000000,2,OP_LESS,1000001
objects,1000000,2,OP_ADD,2000000
objects,1000000,2,OP_PRINT,1
objects,1000000,2,OP_JUMP_IF_FALSE,1000001
objects,1000000,2,OP_LOOP,1000000
objects,1000000,2,OP_CALL,1
objects,1000000,2,OP_INVOKE,1000001
objects,1000000,2,OP_CLOSURE,3
objects,1000000,2,OP_RETURN,1000003
objects,1000000,2,OP_CLASS,1
objects,1000000,2,OP_METHOD,3
objects,1000000,3,OP_CONSTANT,2000003
objects,1000000,3,OP_NIL,1000001
objects,1000000,3,OP_POP,4000003
objects,1000000,3,OP_GET_LOCAL,2000003
objects,1000000,3,OP_GET_GLOBAL,4000005
objects,1000000,3,OP_DEFINE_GLOBAL,4
objects,1000000,3,OP_SET_GLOBAL,1000000
objects,1000000,3,OP_GET_PROPERTY,1000001
objects,1000000,3,OP_SET_PROPERTY,1000001
objects,1000000,3,OP_LESS,1000001
objects,1000000,3,OP_ADD,2000000
objects,1000000,3,OP_PRINT,1
objects,1000000,3,OP_JUMP_IF_FALSE,1000001
objects,1000000,3,OP_LOOP,1000000
objects,1000000,3,OP_CALL,1
objects,1000000,3,OP_INVOKE,1000001
objects,1000000,3,OP_CLOSURE,3
objects,1000000,3,OP_RETURN,1000003
objects,1000000,3,OP_CLASS,1
objects,1000000,3,OP_METHOD,3
objects,1000000,4,OP_CONSTANT,2000003
objects,1000000,4,OP_NIL,1000001
objects,1000000,4,OP_POP,4000003
objects,1000000,4,OP_GET_LOCAL,2000003
objects,1000000,4,OP_GET_GLOBAL,4000005
objects,1000000,4,OP_DEFINE_GLOBAL,4
objects,1000000,4,OP_SET_GLOBAL,1000000
objects,1000000,4,OP_GET_PROPERTY,1000001
objects,1000000,4,OP_SET_PROPERTY,1000001
objects,1000000,4,OP_LESS,1000001
objects,1000000,4,OP_ADD,2000000
objects,1000000,4,OP_PRINT,1
objects,1000000,4,OP_JUMP_IF_FALSE,1000001
objects,1000000,4,OP_LOOP,1000000
objects,1000000,4,OP_CALL,1
objects,1000000,4,OP_INVOKE,1000001
objects,1000000,4,OP_CLOSURE,3
objects,1000000,4,OP_RETURN,1000003
objects,1000000,4,OP_CLASS,1
objects,1000000,4,OP_METHOD,3
objects,1000000,5,OP_CONSTANT,2000003
objects,1000000,5,OP_NIL,1000001
objects,1000000,5,OP_POP,4000003
objects,1000000,5,OP_GET_LOCAL,2000003
objects,1000000,5,OP_GET_GLOBAL,4000005
objects,1000000,5,OP_DEFINE_GLOBAL,4
objects,1000000,5,OP_SET_GLOBAL,1000000
objects,1000000,5,OP_GET_PROPERTY,1000001
objects,1000000,5,OP_SET_PROPERTY,1000001
objects,1000000,5,OP_LESS,1000001
objects,1000000,5,OP_ADD,2000000
objects,1000000,5,OP_PRINT,1
objects,1000000,5,OP_JUMP_IF_FALSE,1000001
objects,1000000,5,OP_LOOP,1000000
objects,1000000,5,OP_CALL,1
objects,1000000,5,OP_INVOKE,1000001
objects,1000000,5,OP_CLOSURE,3
objects,1000000,5,OP_RETURN,1000003
objects,1000000,5,OP_CLASS,1
objects,1000000,5,OP_METHOD,3
objects,100000,1,OP_CONSTANT,200003
objects,100000,1,OP_NIL,100001
objects,100000,1,OP_POP,400003
objects,100000,1,OP_GET_LOCAL,200003
objects,100000,1,OP_GET_GLOBAL,400005
objects,100000,1,OP_DEFINE_GLOBAL,4
objects,100000,1,OP_SET_GLOBAL,100000
objects,100000,1,OP_GET_PROPERTY,100001
objects,100000,1,OP_SET_PROPERTY,100001
objects,100000,1,OP_LESS,100001
objects,100000,1,OP_ADD,200000
objects,100000,1,OP_PRINT,1
objects,100000,1,OP_JUMP_IF_FALSE,100001
objects,100000,1,OP_LOOP,100000
objects,100000,1,OP_CALL,1
objects,100000,1,OP_INVOKE,100001
objects,100000,1,OP_CLOSURE,3
objects,100000,1,OP_RETURN,100003
objects,100000,1,OP_CLASS,1
objects,100000,1,OP_METHOD,3
objects,100000,2,OP_CONSTANT,200003
objects,100000,2,OP_NIL,100001
objects,100000,2,OP_POP,400003
objects,100000,2,OP_GET_LOCAL,200003
objects,100000,2,OP_GET_GLOBAL,400005
objects,100000,2,OP_DEFINE_GLOBAL,4
objects,100000,2,OP_SET_GLOBAL,100000
objects,100000,2,OP_GET_PROPERTY,100001
objects,100000,2,OP_SET_PROPERTY,100001
objects,100000,2,OP_LESS,100001
objects,100000,2,OP_ADD,200000
objects,100000,2,OP_PRINT,1
objects,100000,2,OP_JUMP_IF_FALSE,100001
objects,100000,2,OP_LOOP,100000
objects,100000,2,OP_CALL,1
objects,100000,2,OP_INVOKE,100001
objects,100000,2,OP_CLOSURE,3
objects,100000,2,OP_RETURN,100003
objects,100000,2,OP_CLASS,1
objects,100000,2,OP_METHOD,3
objects,100000,3,OP_CONSTANT,200003
objects,100000,3,OP_NIL,100001
objects,100000,3,OP_POP,400003
objects,100000,3,OP_GET_LOCAL,200003
objects,100000,3,OP_GET_GLOBAL,400005
objects,100000,3,OP_DEFINE_GLOBAL,4
objects,100000,3,OP_SET_GLOBAL,100000
objects,100000,3,OP_GET_PROPERTY,100001
objects,100000,3,OP_SET_PROPERTY,100001
objects,100000,3,OP_LESS,100001
objects,100000,3,OP_ADD,200000
objects,100000,3,OP_PRINT,1
objects,100000,3,OP_JUMP_IF_FALSE,100001
objects,100000,3,OP_LOOP,100000
objects,100000,3,OP_CALL,1
objects,100000,3,OP_INVOKE,100001
objects,100000,3,OP_CLOSURE,3
objects,100000,3,OP_RETURN,100003
objects,100000,3,OP_CLASS,1
objects,100000,3,OP_METHOD,3
objects,100000,4,OP_CONSTANT,200003
objects,100000,4,OP_NIL,100001
objects,100000,4,OP_POP,400003
objects,100000,4,OP_GET_LOCAL,200003
objects,100000,4,OP_GET_GLOBAL,400005
objects,100000,4,OP_DEFINE_GLOBAL,4
objects,100000,4,OP_SET_GLOBAL,100000
objects,100000,4,OP_GET_PROPERTY,100001
objects,100000,4,OP_SET_PROPERTY,100001
objects,100000,4,OP_LESS,100001
objects,100000,4,OP_ADD,200000
objects,100000,4,OP_PRINT,1
objects,100000,4,OP_JUMP_IF_FALSE,100001
objects,100000,4,OP_LOOP,100000
objects,100000,4,OP_CALL,1
objects,100000,4,OP_INVOKE,100001
objects,100000,4,OP_CLOSURE,3
objects,100000,4,OP_RETURN,100003
objects,100000,4,OP_CLASS,1
objects,100000,4,OP_METHOD,3
objects,100000,5,OP_CONSTANT,200003
objects,100000,5,OP_NIL,100001
objects,100000,5,OP_POP,400003
objects,100000,5,OP_GET_LOCAL,200003
objects,100000,5,OP_GET_GLOBAL,400005
objects,100000,5,OP_DEFINE_GLOBAL,4
objects,100000,5,OP_SET_GLOBAL,100000
objects,100000,5,OP_GET_PROPERTY,100001
objects,100000,5,OP_SET_PROPERTY,100001
objects,100000,5,OP_LESS,100001
objects,100000,5,OP_ADD,200000
objects,100000,5,OP_PRINT,1
objects,100000,5,OP_JUMP_IF_FALSE,100001
objects,100000,5,OP_LOOP,100000
objects,100000,5,OP_CALL,1
objects,100000,5,OP_INVOKE,100001
objects,100000,5,OP_CLOSURE,3
objects,100000,5,OP_RETURN,100003
objects,100000,5,OP_CLASS,1
objects,100000,5,OP_METHOD,3
objects,10000,1,OP_CONSTANT,20003
objects,10000,1,OP_NIL,10001
objects,10000,1,OP_POP,40003
objects,10000,1,OP_GET_LOCAL,20003
objects,10000,1,OP_GET_GLOBAL,40005
objects,10000,1,OP_DEFINE_GLOBAL,4
objects,10000,1,OP_SET_GLOBAL,10000
objects,10000,1,OP_GET_PROPERTY,10001
objects,10000,1,OP_SET_PROPERTY,10001
objects,10000,1,OP_LESS,10001
objects,10000,1,OP_ADD,20000
objects,10000,1,OP_PRINT,1
objects,10000,1,OP_JUMP_IF_FALSE,10001
objects,10000,1,OP_LOOP,10000
objects,10000,1,OP_CALL,1
objects,10000,1,OP_INVOKE,10001
objects,10000,1,OP_CLOSURE,3
objects,10000,1,OP_RETURN,10003
objects,10000,1,OP_CLASS,1
objects,10000,1,OP_METHOD,3
objects,10000,2,OP_CONSTANT,20003
objects,10000,2,OP_NIL,10001
objects,10000,2,OP_POP,40003
objects,10000,2,OP_GET_LOCAL,20003
objects,10000,2,OP_GET_GLOBAL,40005
objects,10000,2,OP_DEFINE_GLOBAL,4
objects,10000,2,OP_SET_GLOBAL,10000
objects,10000,2,OP_GET_PROPERTY,10001
objects,10000,2,OP_SET_PROPERTY,10001
objects,10000,2,OP_LESS,10001
objects,10000,2,OP_ADD,20000
objects,10000,2,OP_PRINT,1
objects,10000,2,OP_JUMP_IF_FALSE,10001
objects,10000,2,OP_LOOP,10000
objects,10000,2,OP_CALL,1
objects,10000,2,OP_INVOKE,10001
objects,10000,2,OP_CLOSURE,3
objects,10000,2,OP_RETURN,10003
objects,10000,2,OP_CLASS,1
objects,10000,2,OP_METHOD,3
objects,10000,3,OP_CONSTANT,20003
objects,10000,3,OP_NIL,10001
objects,10000,3,OP_POP,40003
objects,10000,3,OP_GET_LOCAL,20003
objects,10000,3,OP_GET_GLOBAL,40005
objects,10000,3,OP_DEFINE_GLOBAL,4
objects,10000,3,OP_SET_GLOBAL,10000
objects,10000,3,OP_GET_PROPERTY,10001
objects,10000,3,OP_SET_PROPERTY,10001
objects,10000,3,OP_LESS,10001
objects,10000,3,OP_ADD,20000
objects,10000,3,OP_PRINT,1
objects,10000,3,OP_JUMP_IF_FALSE,10001
objects,10000,3,OP_LOOP,10000
objects,10000,3,OP_CALL,1
objects,10000,3,OP_INVOKE,10001
objects,10000,3,OP_CLOSURE,3
objects,10000,3,OP_RETURN,10003
objects,10000,3,OP_CLASS,1
objects,10000,3,OP_METHOD,3
objects,10000,4,OP_CONSTANT,20003
objects,10000,4,OP_NIL,10001
objects,10000,4,OP_POP,40003
objects,10000,4,OP_GET_LOCAL,20003
objects,10000,4,OP_GET_GLOBAL,40005
objects,10000,4,OP_DEFINE_GLOBAL,4
objects,10000,4,OP_SET_GLOBAL,10000
objects,10000,4,OP_GET_PROPERTY,10001
objects,10000,4,OP_SET_PROPERTY,10001
objects,10000,4,OP_LESS,10001
objects,10000,4,OP_ADD,20000
objects,10000,4,OP_PRINT,1
objects,10000,4,OP_JUMP_IF_FALSE,10001
objects,10000,4,OP_LOOP,10000
objects,10000,4,OP_CALL,1
objects,10000,4,OP_INVOKE,10001
objects,10000,4,OP_CLOSURE,3
objects,10000,4,OP_RETURN,10003
objects,10000,4,OP_CLASS,1
objects,10000,4,OP_METHOD,3
objects,10000,5,OP_CONSTANT,20003
objects,10000,5,OP_NIL,10001
objects,10000,5,OP_POP,40003
objects,10000,5,OP_GET_LOCAL,20003
objects,10000,5,OP_GET_GLOBAL,40005
objects,10000,5,OP_DEFINE_GLOBAL,4
objects,10000,5,OP_SET_GLOBAL,10000
objects,10000,5,OP_GET_PROPERTY,10001
objects,10000,5,OP_SET_PROPERTY,10001
objects,10000,5,OP_LESS,10001
objects,10000,5,OP_ADD,20000
objects,10000,5,OP_PRINT,1
objects,10000,5,OP_JUMP_IF_FALSE,10001
objects,10000,5,OP_LOOP,10000
objects,10000,5,OP_CALL,1
objects,10000,5,OP_INVOKE,10001
objects,10000,5,OP_CLOSURE,3
objects,10000,5,OP_RETURN,10003
objects,10000,5,OP_CLASS,1
objects,10000,5,OP_METHOD,3
objects,1000,1,OP_CONSTANT,2003
objects,1000,1,OP_NIL,1001
objects,1000,1,OP_POP,4003
objects,1000,1,OP_GET_LOCAL,2003
objects,1000,1,OP_GET_GLOBAL,4005
objects,1000,1,OP_DEFINE_GLOBAL,4
objects,1000,1,OP_SET_GLOBAL,1000
objects,1000,1,OP_GET_PROPERTY,1001
objects,1000,1,OP_SET_PROPERTY,1001
objects,1000,1,OP_LESS,1001
objects,1000,1,OP_ADD,2000
objects,1000,1,OP_PRINT,1
objects,1000,1,OP_JUMP_IF_FALSE,1001
objects,1000,1,OP_LOOP,1000
objects,1000,1,OP_CALL,1
objects,1000,1,OP_INVOKE,1001
objects,1000,1,OP_CLOSURE,3
objects,1000,1,OP_RETURN,1003
objects,1000,1,OP_CLASS,1
objects,1000,1,OP_METHOD,3
objects,1000,2,OP_CONSTANT,2003
objects,1000,2,OP_NIL,1001
objects,1000,2,OP_POP,4003
objects,1000,2,OP_GET_LOCAL,2003
objects,1000,2,OP_GET_GLOBAL,4005
objects,1000,2,OP_DEFINE_GLOBAL,4
objects,1000,2,OP_SET_GLOBAL,1000
objects,1000,2,OP_GET_PROPERTY,1001
objects,1000,2,OP_SET_PROPERTY,1001
objects,1000,2,OP_LESS,1001
objects,1000,2,OP_ADD,2000
objects,1000,2,OP_PRINT,1
objects,1000,2,OP_JUMP_IF_FALSE,1001
objects,1000,2,OP_LOOP,1000
objects,1000,2,OP_CALL,1
objects,1000,2,OP_INVOKE,1001
objects,1000,2,OP_CLOSURE,3
objects,1000,2,OP_RETURN,1003
objects,1000,2,OP_CLASS,1
objects,1000,2,OP_METHOD,3
objects,1000,3,OP_CONSTANT,2003
objects,1000,3,OP_NIL,1001
objects,1000,3,OP_POP,4003
objects,1000,3,OP_GET_LOCAL,2003
objects,1000,3,OP_GET_GLOBAL,4005
objects,1000,3,OP_DEFINE_GLOBAL,4
objects,1000,3,OP_SET_GLOBAL,1000
objects,1000,3,OP_GET_PROPERTY,1001
objects,1000,3,OP_SET_PROPERTY,1001
objects,1000,3,OP_LESS,1001
objects,1000,3,OP_ADD,2000
objects,1000,3,OP_PRINT,1
objects,1000,3,OP_JUMP_IF_FALSE,1001
objects,1000,3,OP_LOOP,1000
objects,1000,3,OP_CALL,1
objects,1000,3,OP_INVOKE,1001
objects,1000,3,OP_CLOSURE,3
objects,1000,3,OP_RETURN,1003
objects,1000,3,OP_CLASS,1
objects,1000,3,OP_METHOD,3
objects,1000,4,OP_CONSTANT,2003
objects,1000,4,OP_NIL,1001
objects,1000,4,OP_POP,4003
objects,1000,4,OP_GET_LOCAL,2003
objects,1000,4,OP_GET_GLOBAL,4005
objects,1000,4,OP_DEFINE_GLOBAL,4
objects,1000,4,OP_SET_GLOBAL,1000
objects,1000,4,OP_GET_PROPERTY,1001
objects,1000,4,OP_SET_PROPERTY,1001
objects,1000,4,OP_LESS,1001
objects,1000,4,OP_ADD,2000
objects,1000,4,OP_PRINT,1
objects,1000,4,OP_JUMP_IF_FALSE,1001
objects,1000,4,OP_LOOP,1000
objects,1000,4,OP_CALL,1
objects,1000,4,OP_INVOKE,1001
objects,1000,4,OP_CLOSURE,3
objects,1000,4,OP_RETURN,1003
objects,1000,4,OP_CLASS,1
objects,1000,4,OP_METHOD,3
objects,1000,5,OP_CONSTANT,2003
objects,1000,5,OP_NIL,1001
objects,1000,5,OP_POP,4003
objects,1000,5,OP_GET_LOCAL,2003
objects,1000,5,OP_GET_GLOBAL,4005
objects,1000,5,OP_DEFINE_GLOBAL,4
objects,1000,5,OP_SET_GLOBAL,1000
objects,1000,5,OP_GET_PROPERTY,1001
objects,1000,5,OP_SET_PROPERTY,1001
objects,1000,5,OP_LESS,1001
objects,1000,5,OP_ADD,2000
objects,1000,5,OP_PRINT,1
objects,1000,5,OP_JUMP_IF_FALSE,1001
objects,1000,5,OP_LOOP,1000
objects,1000,5,OP_CALL,1
objects,1000,5,OP_INVOKE,1001
objects,1000,5,OP_CLOSURE,3
objects,1000,5,OP_RETURN,1003
objects,1000,5,OP_CLASS,1
objects,1000,5,OP_METHOD,3
recursion,20,1,OP_CONSTANT,43782
recursion,20,1,OP_NIL,1
recursion,20,1,OP_POP,21891
recursion,20,1,OP_GET_LOCAL,54727
recursion,20,1,OP_GET_GLOBAL,21892
recursion,20,1,OP_DEFINE_GLOBAL,2
recursion,20,1,OP_GREATER,21891
recursion,20,1,OP_ADD,10945
recursion,20,1,OP_SUBTRACT,21890
recursion,20,1,OP_NOT,21891
recursion,20,1,OP_PRINT,1
recursion,20,1,OP_JUMP_IF_FALSE,21891
recursion,20,1,OP_CALL,21891
recursion,20,1,OP_CLOSURE,1
recursion,20,1,OP_RETURN,21892
recursion,20,2,OP_CONSTANT,43782
recursion,20,2,OP_NIL,1
recursion,20,2,OP_POP,21891
recursion,20,2,OP_GET_LOCAL,54727
recursion,20,2,OP_GET_GLOBAL,21892
recursion,20,2,OP_DEFINE_GLOBAL,2
recursion,20,2,OP_GREATER,21891
recursion,20,2,OP_ADD,10945
recursion,20,2,OP_SUBTRACT,21890
recursion,20,2,OP_NOT,21891
recursion,20,2,OP_PRINT,1
recursion,20,2,OP_JUMP_IF_FALSE,21891
recursion,20,2,OP_CALL,21891
recursion,20,2,OP_CLOSURE,1
recursion,20,2,OP_RETURN,21892
recursion,20,3,OP_CONSTANT,43782
recursion,20,3,OP_NIL,1
recursion,20,3,OP_POP,21891
recursion,20,3,OP_GET_LOCAL,54727
recursion,20,3,OP_GET_GLOBAL,21892
recursion,20,3,OP_DEFINE_GLOBAL,2
recursion,20,3,OP_GREATER,21891
recursion,20,3,OP_ADD,10945
recursion,20,3,OP_SUBTRACT,21890
recursion,20,3,OP_NOT,21891
recursion,20,3,OP_PRINT,1
recursion,20,3,OP_JUMP_IF_FALSE,21891
recursion,20,3,OP_CALL,21891
recursion,20,3,OP_CLOSURE,1
recursion,20,3,OP_RETURN,21892
recursion,20,4,OP_CONSTANT,43782
recursion,20,4,OP_NIL,1
recursion,20,4,OP_POP,21891
recursion,20,4,OP_GET_LOCAL,54727
recursion,20,4,OP_GET_GLOBAL,21892
recursion,20,4,OP_DEFINE_GLOBAL,2
recursion,20,4,OP_GREATER,21891
recursion,20,4,OP_ADD,10945
recursion,20,4,OP_SUBTRACT,21890
recursion,20,4,OP_NOT,21891
recursion,20,4,OP_PRINT,1
recursion,20,4,OP_JUMP_IF_FALSE,21891
recursion,20,4,OP_CALL,21891
recursion,20,4,OP_CLOSURE,1
recursion,20,4,OP_RETURN,21892
recursion,20,5,OP_CONSTANT,43782
recursion,20,5,OP_NIL,1
recursion,20,5,OP_POP,21891
recursion,20,5,OP_GET_LOCAL,54727
recursion,20,5,OP_GET_GLOBAL,21892
recursion,20,5,OP_DEFINE_GLOBAL,2
recursion,20,5,OP_GREATER,21891
recursion,20,5,OP_ADD,10945
recursion,20,5,OP_SUBTRACT,21890
recursion,20,5,OP_NOT,21891
recursion,20,5,OP_PRINT,1
recursion,20,5,OP_JUMP_IF_FALSE,21891
recursion,20,5,OP_CALL,21891
recursion,20,5,OP_CLOSURE,1
recursion,20,5,OP_RETURN,21892
recursion,25,1,OP_CONSTANT,485570
recursion,25,1,OP_NIL,1
recursion,25,1,OP_POP,242785
recursion,25,1,OP_GET_LOCAL,606962
recursion,25,1,OP_GET_GLOBAL,242786
recursion,25,1,OP_DEFINE_GLOBAL,2
recursion,25,1,OP_GREATER,242785
recursion,25,1,OP_ADD,121392
recursion,25,1,OP_SUBTRACT,242784
recursion,25,1,OP_NOT,242785
recursion,25,1,OP_PRINT,1
recursion,25,1,OP_JUMP_IF_FALSE,242785
recursion,25,1,OP_CALL,242785
recursion,25,1,OP_CLOSURE,1
recursion,25,1,OP_RETURN,242786
recursion,25,2,OP_CONSTANT,485570
recursion,25,2,OP_NIL,1
recursion,25,2,OP_POP,242785
recursion,25,2,OP_GET_LOCAL,606962
recursion,25,2,OP_GET_GLOBAL,242786
recursion,25,2,OP_DEFINE_GLOBAL,2
recursion,25,2,OP_GREATER,242785
recursion,25,2,OP_ADD,121392
recursion,25,2,OP_SUBTRACT,242784
recursion,25,2,OP_NOT,242785
recursion,25,2,OP_PRINT,1
recursion,25,2,OP_JUMP_IF_FALSE,242785
recursion,25,2,OP_CALL,242785
recursion,25,2,OP_CLOSURE,1
recursion,25,2,OP_RETURN,242786
recursion,25,3,OP_CONSTANT,485570
recursion,25,3,OP_NIL,1
recursion,25,3,OP_POP,242785
recursion,25,3,OP_GET_LOCAL,606962
recursion,25,3,OP_GET_GLOBAL,242786
recursion,25,3,OP_DEFINE_GLOBAL,2
recursion,25,3,OP_GREATER,242785
recursion,25,3,OP_ADD,121392
recursion,25,3,OP_SUBTRACT,242784
recursion,25,3,OP_NOT,242785
recursion,25,3,OP_PRINT,1
recursion,25,3,OP_JUMP_IF_FALSE,242785
recursion,25,3,OP_CALL,242785
recursion,25,3,OP_CLOSURE,1
recursion,25,3,OP_RETURN,242786
recursion,25,4,OP_CONSTANT,485570
recursion,25,4,OP_NIL,1
recursion,25,4,OP_POP,242785
recursion,25,4,OP_GET_LOCAL,606962
recursion,25,4,OP_GET_GLOBAL,242786
recursion,25,4,OP_DEFINE_GLOBAL,2
recursion,25,4,OP_GREATER,242785
recursion,25,4,OP_ADD,121392
recursion,25,4,OP_SUBTRACT,242784
recursion,25,4,OP_NOT,242785
recursion,25,4,OP_PRINT,1
recursion,25,4,OP_JUMP_IF_FALSE,242785
recursion,25,4,OP_CALL,242785
recursion,25,4,OP_CLOSURE,1
recursion,25,4,OP_RETURN,242786
recursion,25,5,OP_CONSTANT,485570
recursion,25,5,OP_NIL,1
recursion,25,5,OP_POP,242785
recursion,25,5,OP_GET_LOCAL,606962
recursion,25,5,OP_GET_GLOBAL,242786
recursion,25,5,OP_DEFINE_GLOBAL,2
recursion,25,5,OP_GREATER,242785
recursion,25,5,OP_ADD,121392
recursion,25,5,OP_SUBTRACT,242784
recursion,25,5,OP_NOT,242785
recursion,25,5,OP_PRINT,1
recursion,25,5,OP_JUMP_IF_FALSE,242785
recursion,25,5,OP_CALL,242785
recursion,25,5,OP_CLOSURE,1
recursion,25,5,OP_RETURN,242786
recursion,30,1,OP_CONSTANT,5385074
recursion,30,1,OP_NIL,1
recursion,30,1,OP_POP,2692537
recursion,30,1,OP_GET_LOCAL,6731342
recursion,30,1,OP_GET_GLOBAL,2692538
recursion,30,1,OP_DEFINE_GLOBAL,2
recursion,30,1,OP_GREATER,2692537
recursion,30,1,OP_ADD,1346268
recursion,30,1,OP_SUBTRACT,2692536
recursion,30,1,OP_NOT,2692537
recursion,30,1,OP_PRINT,1
recursion,30,1,OP_JUMP_IF_FALSE,2692537
recursion,30,1,OP_CALL,2692537
recursion,30,1,OP_CLOSURE,1
recursion,30,1,OP_RETURN,2692538
recursion,30,2,OP_CONSTANT,5385074
recursion,30,2,OP_NIL,1
recursion,30,2,OP_POP,2692537
recursion,30,2,OP_GET_LOCAL,6731342
recursion,30,2,OP_GET_GLOBAL,2692538
recursion,30,2,OP_DEFINE_GLOBAL,2
recursion,30,2,OP_GREATER,2692537
recursion,30,2,OP_ADD,1346268
recursion,30,2,OP_SUBTRACT,2692536
recursion,30,2,OP_NOT,2692537
recursion,30,2,OP_PRINT,1
recursion,30,2,OP_JUMP_IF_FALSE,2692537
recursion,30,2,OP_CALL,2692537
recursion,30,2,OP_CLOSURE,1
recursion,30,2,OP_RETURN,2692538
recursion,30,3,OP_CONSTANT,5385074
recursion,30,3,OP_NIL,1
recursion,30,3,OP_POP,2692537
recursion,30,3,OP_GET_LOCAL,6731342
recursion,30,3,OP_GET_GLOBAL,2692538
recursion,30,3,OP_DEFINE_GLOBAL,2
recursion,30,3,OP_GREATER,2692537
recursion,30,3,OP_ADD,1346268
recursion,30,3,OP_SUBTRACT,2692536
recursion,30,3,OP_NOT,2692537
recursion,30,3,OP_PRINT,1
recursion,30,3,OP_JUMP_IF_FALSE,2692537
recursion,30,3,OP_CALL,2692537
recursion,30,3,OP_CLOSURE,1
recursion,30,3,OP_RETURN,2692538
recursion,30,4,OP_CONSTANT,5385074
recursion,30,4,OP_NIL,1
recursion,30,4,OP_POP,2692537
recursion,30,4,OP_GET_LOCAL,6731342
recursion,30,4,OP_GET_GLOBAL,2692538
recursion,30,4,OP_DEFINE_GLOBAL,2
recursion,30,4,OP_GREATER,2692537
recursion,30,4,OP_ADD,1346268
recursion,30,4,OP_SUBTRACT,2692536
recursion,30,4,OP_NOT,2692537
recursion,30,4,OP_PRINT,1
recursion,30,4,OP_JUMP_IF_FALSE,2692537
recursion,30,4,OP_CALL,2692537
recursion,30,4,OP_CLOSURE,1
recursion,30,4,OP_RETURN,2692538
recursion,30,5,OP_CONSTANT,5385074
recursion,30,5,OP_NIL,1
recursion,30,5,OP_POP,2692537
recursion,30,5,OP_GET_LOCAL,6731342
recursion,30,5,OP_GET_GLOBAL,2692538
recursion,30,5,OP_DEFINE_GLOBAL,2
recursion,30,5,OP_GREATER,2692537
recursion,30,5,OP_ADD,1346268
recursion,30,5,OP_SUBTRACT,2692536
recursion,30,5,OP_NOT,2692537
recursion,30,5,OP_PRINT,1
recursion,30,5,OP_JUMP_IF_FALSE,2692537
recursion,30,5,OP_CALL,2692537
recursion,30,5,OP_CLOSURE,1
recursion,30,5,OP_RETURN,2692538
recursion,35,1,OP_CONSTANT,59721406
recursion,35,1,OP_NIL,1
recursion,35,1,OP_POP,29860703
recursion,35,1,OP_GET_LOCAL,74651757
recursion,35,1,OP_GET_GLOBAL,29860704
recursion,35,1,OP_DEFINE_GLOBAL,2
recursion,35,1,OP_GREATER,29860703
recursion,35,1,OP_ADD,14930351
recursion,35,1,OP_SUBTRACT,29860702
recursion,35,1,OP_NOT,29860703
recursion,35,1,OP_PRINT,1
recursion,35,1,OP_JUMP_IF_FALSE,29860703
recursion,35,1,OP_CALL,29860703
recursion,35,1,OP_CLOSURE,1
recursion,35,1,OP_RETURN,29860704
recursion,35,2,OP_CONSTANT,59721406
recursion,35,2,OP_NIL,1
recursion,35,2,OP_POP,29860703
recursion,35,2,OP_GET_LOCAL,74651757
recursion,35,2,OP_GET_GLOBAL,29860704
recursion,35,2,OP_DEFINE_GLOBAL,2
recursion,35,2,OP_GREATER,29860703
recursion,35,2,OP_ADD,14930351
recursion,35,2,OP_SUBTRACT,29860702
recursion,35,2,OP_NOT,29860703
recursion,35,2,OP_PRINT,1
recursion,35,2,OP_JUMP_IF_FALSE,29860703
recursion,35,2,OP_CALL,29860703
recursion,35,2,OP_CLOSURE,1
recursion,35,2,OP_RETURN,29860704
recursion,35,3,OP_CONSTANT,59721406
recursion,35,3,OP_NIL,1
recursion,35,3,OP_POP,29860703
recursion,35,3,OP_GET_LOCAL,74651757
recursion,35,3,OP_GET_GLOBAL,29860704
recursion,35,3,OP_DEFINE_GLOBAL,2
recursion,35,3,OP_GREATER,29860703
recursion,35,3,OP_ADD,14930351
recursion,35,3,OP_SUBTRACT,29860702
recursion,35,3,OP_NOT,29860703
recursion,35,3,OP_PRINT,1
recursion,35,3,OP_JUMP_IF_FALSE,29860703
recursion,35,3,OP_CALL,29860703
recursion,35,3,OP_CLOSURE,1
recursion,35,3,OP_RETURN,29860704
recursion,35,4,OP_CONSTANT,59721406
recursion,35,4,OP_NIL,1
recursion,35,4,OP_POP,29860703
recursion,35,4,OP_GET_LOCAL,74651757
recursion,35,4,OP_GET_GLOBAL,29860704
recursion,35,4,OP_DEFINE_GLOBAL,2
recursion,35,4,OP_GREATER,29860703
recursion,35,4,OP_ADD,14930351
recursion,35,4,OP_SUBTRACT,29860702
recursion,35,4,OP_NOT,29860703
recursion,35,4,OP_PRINT,1
recursion,35,4,OP_JUMP_IF_FALSE,29860703
recursion,35,4,OP_CALL,29860703
recursion,35,4,OP_CLOSURE,1
recursion,35,4,OP_RETURN,29860704
recursion,35,5,OP_CONSTANT,59721406
recursion,35,5,OP_NIL,1
recursion,35,5,OP_POP,29860703
recursion,35,5,OP_GET_LOCAL,74651757
recursion,35,5,OP_GET_GLOBAL,29860704
recursion,35,5,OP_DEFINE_GLOBAL,2
recursion,35,5,OP_GREATER,29860703
recursion,35,5,OP_ADD,14930351
recursion,35,5,OP_SUBTRACT,29860702
recursion,35,5,OP_NOT,29860703
recursion,35,5,OP_PRINT,1
recursion,35,5,OP_JUMP_IF_FALSE,29860703
recursion,35,5,OP_CALL,29860703
recursion,35,5,OP_CLOSURE,1
recursion,35,5,OP_RETURN,29860704
