benchmark,input_size,opcode,mean_count,std_count,min_count,max_count,percentage_of_opcodes
allocation,1000,OP_ADD,1000.0,0.0,1000,1000,4.757600266425615
allocation,1000,OP_CALL,1000.0,0.0,1000,1000,4.757600266425615
allocation,1000,OP_CLASS,1.0,0.0,1,1,0.004757600266425615
allocation,1000,OP_CLOSURE,1.0,0.0,1,1,0.004757600266425615
allocation,1000,OP_CONSTANT,1003.0,0.0,1003,1003,4.771873067224892
allocation,1000,OP_DEFINE_GLOBAL,3.0,0.0,3,3,0.014272800799276845
allocation,1000,OP_GET_GLOBAL,5003.0,0.0,5003,5003,23.80227413292735
allocation,1000,OP_GET_LOCAL,3000.0,0.0,3000,3000,14.272800799276844
allocation,1000,OP_JUMP_IF_FALSE,1001.0,0.0,1001,1001,4.7623578666920405
allocation,1000,OP_LESS,1001.0,0.0,1001,1001,4.7623578666920405
allocation,1000,OP_LOOP,1000.0,0.0,1000,1000,4.757600266425615
allocation,1000,OP_METHOD,1.0,0.0,1,1,0.004757600266425615
allocation,1000,OP_NIL,1.0,0.0,1,1,0.004757600266425615
allocation,1000,OP_POP,4002.0,0.0,4002,4002,19.03991626623531
allocation,1000,OP_PRINT,1.0,0.0,1,1,0.004757600266425615
allocation,1000,OP_RETURN,1001.0,0.0,1001,1001,4.7623578666920405
allocation,1000,OP_SET_GLOBAL,1000.0,0.0,1000,1000,4.757600266425615
allocation,1000,OP_SET_PROPERTY,1000.0,0.0,1000,1000,4.757600266425615
allocation,10000,OP_ADD,10000.0,0.0,10000,10000,4.76147396187964
allocation,10000,OP_CALL,10000.0,0.0,10000,10000,4.76147396187964
allocation,10000,OP_CLASS,1.0,0.0,1,1,0.00047614739618796395
allocation,10000,OP_CLOSURE,1.0,0.0,1,1,0.00047614739618796395
allocation,10000,OP_CONSTANT,10003.0,0.0,10003,10003,4.762902404068203
allocation,10000,OP_DEFINE_GLOBAL,3.0,0.0,3,3,0.001428442188563892
allocation,10000,OP_GET_GLOBAL,50003.0,0.0,50003,50003,23.80879825158676
allocation,10000,OP_GET_LOCAL,30000.0,0.0,30000,30000,14.284421885638917
allocation,10000,OP_JUMP_IF_FALSE,10001.0,0.0,10001,10001,4.761950109275827
allocation,10000,OP_LESS,10001.0,0.0,10001,10001,4.761950109275827
allocation,10000,OP_LOOP,10000.0,0.0,10000,10000,4.76147396187964
allocation,10000,OP_METHOD,1.0,0.0,1,1,0.00047614739618796395
allocation,10000,OP_NIL,1.0,0.0,1,1,0.00047614739618796395
allocation,10000,OP_POP,40002.0,0.0,40002,40002,19.046848142310935
allocation,10000,OP_PRINT,1.0,0.0,1,1,0.00047614739618796395
allocation,10000,OP_RETURN,10001.0,0.0,10001,10001,4.761950109275827
allocation,10000,OP_SET_GLOBAL,10000.0,0.0,10000,10000,4.76147396187964
allocation,10000,OP_SET_PROPERTY,10000.0,0.0,10000,10000,4.76147396187964
allocation,100000,OP_ADD,100000.0,0.0,100000,100000,4.761861678394339
allocation,100000,OP_CALL,100000.0,0.0,100000,100000,4.761861678394339
allocation,100000,OP_CLASS,1.0,0.0,1,1,4.761861678394338e-05
allocation,100000,OP_CLOSURE,1.0,0.0,1,1,4.761861678394338e-05
allocation,100000,OP_CONSTANT,100003.0,0.0,100003,100003,4.76200453424469
allocation,100000,OP_DEFINE_GLOBAL,3.0,0.0,3,3,0.00014285585035183016
allocation,100000,OP_GET_GLOBAL,500003.0,0.0,500003,500003,23.809451247822043
allocation,100000,OP_GET_LOCAL,300000.0,0.0,300000,300000,14.285585035183015
allocation,100000,OP_JUMP_IF_FALSE,100001.0,0.0,100001,100001,4.7619092970111225
allocation,100000,OP_LESS,100001.0,0.0,100001,100001,4.7619092970111225
allocation,100000,OP_LOOP,100000.0,0.0,100000,100000,4.761861678394339
allocation,100000,OP_METHOD,1.0,0.0,1,1,4.761861678394338e-05
allocation,100000,OP_NIL,1.0,0.0,1,1,4.761861678394338e-05
allocation,100000,OP_POP,400002.0,0.0,400002,400002,19.04754195081092
allocation,100000,OP_PRINT,1.0,0.0,1,1,4.761861678394338e-05
allocation,100000,OP_RETURN,100001.0,0.0,100001,100001,4.7619092970111225
allocation,100000,OP_SET_GLOBAL,100000.0,0.0,100000,100000,4.761861678394339
allocation,100000,OP_SET_PROPERTY,100000.0,0.0,100000,100000,4.761861678394339
allocation,1000000,OP_ADD,1000000.0,0.0,1000000,1000000,4.7619004535186376
allocation,1000000,OP_CALL,1000000.0,0.0,1000000,1000000,4.7619004535186376
allocation,1000000,OP_CLASS,1.0,0.0,1,1,4.761900453518637e-06
allocation,1000000,OP_CLOSURE,1.0,0.0,1,1,4.761900453518637e-06
allocation,1000000,OP_CONSTANT,1000003.0,0.0,1000003,1000003,4.761914739219998
allocation,1000000,OP_DEFINE_GLOBAL,3.0,0.0,3,3,1.4285701360555912e-05
allocation,1000000,OP_GET_GLOBAL,5000003.0,0.0,5000003,5000003,23.809516553294547
allocation,1000000,OP_GET_LOCAL,3000000.0,0.0,3000000,3000000,14.28570136055591
allocation,1000000,OP_JUMP_IF_FALSE,1000001.0,0.0,1000001,1000001,4.76190521541909
allocation,1000000,OP_LESS,1000001.0,0.0,1000001,1000001,4.76190521541909
allocation,1000000,OP_LOOP,1000000.0,0.0,1000000,1000000,4.7619004535186376
allocation,1000000,OP_METHOD,1.0,0.0,1,1,4.761900453518637e-06
allocation,1000000,OP_NIL,1.0,0.0,1,1,4.761900453518637e-06
allocation,1000000,OP_POP,4000002.0,0.0,4000002,4000002,19.047611337875455
allocation,1000000,OP_PRINT,1.0,0.0,1,1,4.761900453518637e-06
allocation,1000000,OP_RETURN,1000001.0,0.0,1000001,1000001,4.76190521541909
allocation,1000000,OP_SET_GLOBAL,1000000.0,0.0,1000000,1000000,4.7619004535186376
allocation,1000000,OP_SET_PROPERTY,1000000.0,0.0,1000000,1000000,4.7619004535186376
arithmetic,10000,OP_ADD,20000.0,0.0,20000,20000,6.45130074351241
arithmetic,10000,OP_CONSTANT,50003.0,0.0,50003,50003,16.129219553892554
arithmetic,10000,OP_DEFINE_GLOBAL,3.0,0.0,3,3,0.0009676951115268616
arithmetic,10000,OP_DIVIDE,10000.0,0.0,10000,10000,3.225650371756205
arithmetic,10000,OP_GET_GLOBAL,70003.0,0.0,70003,70003,22.580520297404963
arithmetic,10000,OP_JUMP_IF_FALSE,10001.0,0.0,10001,10001,3.225972936793381
arithmetic,10000,OP_LESS,10001.0,0.0,10001,10001,3.225972936793381
arithmetic,10000,OP_LOOP,10000.0,0.0,10000,10000,3.225650371756205
arithmetic,10000,OP_MULTIPLY,10000.0,0.0,10000,10000,3.225650371756205
arithmetic,10000,OP_NIL,1.0,0.0,1,1,0.00032256503717562057
arithmetic,10000,OP_POP,60001.0,0.0,60001,60001,19.354224795574407
arithmetic,10000,OP_PRINT,1.0,0.0,1,1,0.00032256503717562057
arithmetic,10000,OP_RETURN,1.0,0.0,1,1,0.00032256503717562057
arithmetic,10000,OP_SET_GLOBAL,50000.0,0.0,50000,50000,16.128251858781027
arithmetic,10000,OP_SUBTRACT,10000.0,0.0,10000,10000,3.225650371756205
arithmetic,100000,OP_ADD,200000.0,0.0,200000,200000,6.451581685895068
arithmetic,100000,OP_CONSTANT,500003.0,0.0,500003,500003,16.12905098846296
arithmetic,100000,OP_DEFINE_GLOBAL,3.0,0.0,3,3,9.677372528842601e-05
arithmetic,100000,OP_DIVIDE,100000.0,0.0,100000,100000,3.225790842947534
arithmetic,100000,OP_GET_GLOBAL,700003.0,0.0,700003,700003,22.58063267435803
arithmetic,100000,OP_JUMP_IF_FALSE,100001.0,0.0,100001,100001,3.2258231008559637
arithmetic,100000,OP_LESS,100001.0,0.0,100001,100001,3.2258231008559637
arithmetic,100000,OP_LOOP,100000.0,0.0,100000,100000,3.225790842947534
arithmetic,100000,OP_MULTIPLY,100000.0,0.0,100000,100000,3.225790842947534
arithmetic,100000,OP_NIL,1.0,0.0,1,1,3.225790842947534e-05
arithmetic,100000,OP_POP,600001.0,0.0,600001,600001,19.354777315593637
arithmetic,100000,OP_PRINT,1.0,0.0,1,1,3.225790842947534e-05
arithmetic,100000,OP_RETURN,1.0,0.0,1,1,3.225790842947534e-05
arithmetic,100000,OP_SET_GLOBAL,500000.0,0.0,500000,500000,16.12895421473767
arithmetic,100000,OP_SUBTRACT,100000.0,0.0,100000,100000,3.225790842947534
arithmetic,1000000,OP_ADD,2000000.0,0.0,2000000,2000000,6.451609781479138
arithmetic,1000000,OP_CONSTANT,5000003.0,0.0,5000003,5000003,16.12903413111252
arithmetic,1000000,OP_DEFINE_GLOBAL,3.0,0.0,3,3,9.677414672218708e-06
arithmetic,1000000,OP_DIVIDE,1000000.0,0.0,1000000,1000000,3.225804890739569
arithmetic,1000000,OP_GET_GLOBAL,7000003.0,0.0,7000003,7000003,22.580643912591654
arithmetic,1000000,OP_JUMP_IF_FALSE,1000001.0,0.0,1000001,1000001,3.2258081165444596
arithmetic,1000000,OP_LESS,1000001.0,0.0,1000001,1000001,3.2258081165444596
arithmetic,1000000,OP_LOOP,1000000.0,0.0,1000000,1000000,3.225804890739569
arithmetic,1000000,OP_MULTIPLY,1000000.0,0.0,1000000,1000000,3.225804890739569
arithmetic,1000000,OP_NIL,1.0,0.0,1,1,3.225804890739569e-06
arithmetic,1000000,OP_POP,6000001.0,0.0,6000001,6000001,19.354832570242305
arithmetic,1000000,OP_PRINT,1.0,0.0,1,1,3.225804890739569e-06
arithmetic,1000000,OP_RETURN,1.0,0.0,1,1,3.225804890739569e-06
arithmetic,1000000,OP_SET_GLOBAL,5000000.0,0.0,5000000,5000000,16.129024453697845
arithmetic,1000000,OP_SUBTRACT,1000000.0,0.0,1000000,1000000,3.225804890739569
arithmetic,10000000,OP_ADD,20000000.0,0.0,20000000,20000000,6.451612591051004
arithmetic,10000000,OP_CONSTANT,50000003.0,0.0,50000003,50000003,16.129032445369397
arithmetic,10000000,OP_DEFINE_GLOBAL,3.0,0.0,3,3,9.677418886576505e-07
arithmetic,10000000,OP_DIVIDE,10000000.0,0.0,10000000,10000000,3.225806295525502
arithmetic,10000000,OP_GET_GLOBAL,70000003.0,0.0,70000003,70000003,22.580645036420403
arithmetic,10000000,OP_JUMP_IF_FALSE,10000001.0,0.0,10000001,10000001,3.2258066181061316
arithmetic,10000000,OP_LESS,10000001.0,0.0,10000001,10000001,3.2258066181061316
arithmetic,10000000,OP_LOOP,10000000.0,0.0,10000000,10000000,3.225806295525502
arithmetic,10000000,OP_MULTIPLY,10000000.0,0.0,10000000,10000000,3.225806295525502
arithmetic,10000000,OP_NIL,1.0,0.0,1,1,3.2258062955255016e-07
arithmetic,10000000,OP_POP,60000001.0,0.0,60000001,60000001,19.35483809573364
arithmetic,10000000,OP_PRINT,1.0,0.0,1,1,3.2258062955255016e-07
arithmetic,10000000,OP_RETURN,1.0,0.0,1,1,3.2258062955255016e-07
arithmetic,10000000,OP_SET_GLOBAL,50000000.0,0.0,50000000,50000000,16.12903147762751
arithmetic,10000000,OP_SUBTRACT,10000000.0,0.0,10000000,10000000,3.225806295525502
closures,1000,OP_ADD,2001.0,0.0,2001,2001,9.514978601997147
closures,1000,OP_CALL,1002.0,0.0,1002,1002,4.764621968616263
closures,1000,OP_CLOSURE,2.0,0.0,2,2,0.009510223490252021
closures,1000,OP_CONSTANT,2004.0,0.0,2004,2004,9.529243937232525
closures,1000,OP_DEFINE_GLOBAL,4.0,0.0,4,4,0.019020446980504042
closures,1000,OP_GET_GLOBAL,4004.0,0.0,4004,4004,19.039467427484546
closures,1000,OP_GET_LOCAL,1.0,0.0,1,1,0.004755111745126011
closures,1000,OP_GET_UPVALUE,2002.0,0.0,2002,2002,9.519733713742273
closures,1000,OP_JUMP_IF_FALSE,1001.0,0.0,1001,1001,4.759866856871136
closures,1000,OP_LESS,1001.0,0.0,1001,1001,4.759866856871136
closures,1000,OP_LOOP,1000.0,0.0,1000,1000,4.75511174512601
closures,1000,OP_NIL,1.0,0.0,1,1,0.004755111745126011
closures,1000,OP_POP,4002.0,0.0,4002,4002,19.029957203994293
closures,1000,OP_PRINT,1.0,0.0,1,1,0.004755111745126011
closures,1000,OP_RETURN,1003.0,0.0,1003,1003,4.769377080361389
closures,1000,OP_SET_GLOBAL,1000.0,0.0,1000,1000,4.75511174512601
closures,1000,OP_SET_UPVALUE,1001.0,0.0,1001,1001,4.759866856871136
closures,10000,OP_ADD,20001.0,0.0,20001,20001,9.52292529638623
closures,10000,OP_CALL,10002.0,0.0,10002,10002,4.76217683188116
closures,10000,OP_CLOSURE,2.0,0.0,2,2,0.0009522449173927534
closures,10000,OP_CONSTANT,20004.0,0.0,20004,20004,9.52435366376232
closures,10000,OP_DEFINE_GLOBAL,4.0,0.0,4,4,0.0019044898347855069
closures,10000,OP_GET_GLOBAL,40004.0,0.0,40004,40004,19.046802837689857
closures,10000,OP_GET_LOCAL,1.0,0.0,1,1,0.0004761224586963767
closures,10000,OP_GET_UPVALUE,20002.0,0.0,20002,20002,9.523401418844928
closures,10000,OP_JUMP_IF_FALSE,10001.0,0.0,10001,10001,4.761700709422464
closures,10000,OP_LESS,10001.0,0.0,10001,10001,4.761700709422464
closures,10000,OP_LOOP,10000.0,0.0,10000,10000,4.761224586963767
closures,10000,OP_NIL,1.0,0.0,1,1,0.0004761224586963767
closures,10000,OP_POP,40002.0,0.0,40002,40002,19.04585059277246
closures,10000,OP_PRINT,1.0,0.0,1,1,0.0004761224586963767
closures,10000,OP_RETURN,10003.0,0.0,10003,10003,4.762652954339856
closures,10000,OP_SET_GLOBAL,10000.0,0.0,10000,10000,4.761224586963767
closures,10000,OP_SET_UPVALUE,10001.0,0.0,10001,10001,4.761700709422464
closures,100000,OP_ADD,200001.0,0.0,200001,200001,9.523721089698718
closures,100000,OP_CALL,100002.0,0.0,100002,100002,4.761931972400394
closures,100000,OP_CLOSURE,2.0,0.0,2,2,9.523673471331362e-05
closures,100000,OP_CONSTANT,200004.0,0.0,200004,200004,9.523863944800787
closures,100000,OP_DEFINE_GLOBAL,4.0,0.0,4,4,0.00019047346942662724
closures,100000,OP_GET_GLOBAL,400004.0,0.0,400004,400004,19.04753741613215
closures,100000,OP_GET_LOCAL,1.0,0.0,1,1,4.761836735665681e-05
closures,100000,OP_GET_UPVALUE,200002.0,0.0,200002,200002,9.523768708066076
closures,100000,OP_JUMP_IF_FALSE,100001.0,0.0,100001,100001,4.761884354033038
closures,100000,OP_LESS,100001.0,0.0,100001,100001,4.761884354033038
closures,100000,OP_LOOP,100000.0,0.0,100000,100000,4.761836735665681
closures,100000,OP_NIL,1.0,0.0,1,1,4.761836735665681e-05
closures,100000,OP_POP,400002.0,0.0,400002,400002,19.047442179397436
closures,100000,OP_PRINT,1.0,0.0,1,1,4.761836735665681e-05
closures,100000,OP_RETURN,100003.0,0.0,100003,100003,4.761979590767751
closures,100000,OP_SET_GLOBAL,100000.0,0.0,100000,100000,4.761836735665681
closures,100000,OP_SET_UPVALUE,100001.0,0.0,100001,100001,4.761884354033038
closures,1000000,OP_ADD,2000001.0,0.0,2000001,2000001,9.523800680284742
closures,1000000,OP_CALL,1000002.0,0.0,1000002,1000002,4.761907482989311
closures,1000000,OP_CLOSURE,2.0,0.0,2,2,9.523795918386782e-06
closures,1000000,OP_CONSTANT,2000004.0,0.0,2000004,2000004,9.523814965978621
closures,1000000,OP_DEFINE_GLOBAL,4.0,0.0,4,4,1.9047591836773565e-05
closures,1000000,OP_GET_GLOBAL,4000004.0,0.0,4000004,4000004,19.047610884365405
closures,1000000,OP_GET_LOCAL,1.0,0.0,1,1,4.761897959193391e-06
closures,1000000,OP_GET_UPVALUE,2000002.0,0.0,2000002,2000002,9.523805442182702
closures,1000000,OP_JUMP_IF_FALSE,1000001.0,0.0,1000001,1000001,4.761902721091351
closures,1000000,OP_LESS,1000001.0,0.0,1000001,1000001,4.761902721091351
closures,1000000,OP_LOOP,1000000.0,0.0,1000000,1000000,4.761897959193392
closures,1000000,OP_NIL,1.0,0.0,1,1,4.761897959193391e-06
closures,1000000,OP_POP,4000002.0,0.0,4000002,4000002,19.047601360569484
closures,1000000,OP_PRINT,1.0,0.0,1,1,4.761897959193391e-06
closures,1000000,OP_RETURN,1000003.0,0.0,1000003,1000003,4.761912244887269
closures,1000000,OP_SET_GLOBAL,1000000.0,0.0,1000000,1000000,4.761897959193392
closures,1000000,OP_SET_UPVALUE,1000001.0,0.0,1000001,1000001,4.761902721091351
functions,1000,OP_ADD,2000.0,0.0,2000,2000,9.516106009420945
functions,1000,OP_CALL,1000.0,0.0,1000,1000,4.758053004710472
functions,1000,OP_CLOSURE,1.0,0.0,1,1,0.004758053004710472
functions,1000,OP_CONSTANT,1003.0,0.0,1003,1003,4.772327163724603
functions,1000,OP_DEFINE_GLOBAL,4.0,0.0,4,4,0.01903221201884189
functions,1000,OP_GET_GLOBAL,6003.0,0.0,6003,6003,28.562592187276962
functions,1000,OP_GET_LOCAL,2000.0,0.0,2000,2000,9.516106009420945
functions,1000,OP_JUMP_IF_FALSE,1001.0,0.0,1001,1001,4.762811057715183
functions,1000,OP_LESS,1001.0,0.0,1001,1001,4.762811057715183
functions,1000,OP_LOOP,1000.0,0.0,1000,1000,4.758053004710472
functions,1000,OP_NIL,1.0,0.0,1,1,0.004758053004710472
functions,1000,OP_POP,3001.0,0.0,3001,3001,14.278917067136126
functions,1000,OP_PRINT,1.0,0.0,1,1,0.004758053004710472
functions,1000,OP_RETURN,1001.0,0.0,1001,1001,4.762811057715183
functions,1000,OP_SET_GLOBAL,2000.0,0.0,2000,2000,9.516106009420945
functions,10000,OP_ADD,20000.0,0.0,20000,20000,9.523038611160048
functions,10000,OP_CALL,10000.0,0.0,10000,10000,4.761519305580024
functions,10000,OP_CLOSURE,1.0,0.0,1,1,0.00047615193055800247
functions,10000,OP_CONSTANT,10003.0,0.0,10003,10003,4.762947761371699
functions,10000,OP_DEFINE_GLOBAL,4.0,0.0,4,4,0.0019046077222320099
functions,10000,OP_GET_GLOBAL,60003.0,0.0,60003,60003,28.570544289271822
functions,10000,OP_GET_LOCAL,20000.0,0.0,20000,20000,9.523038611160048
functions,10000,OP_JUMP_IF_FALSE,10001.0,0.0,10001,10001,4.761995457510582
functions,10000,OP_LESS,10001.0,0.0,10001,10001,4.761995457510582
functions,10000,OP_LOOP,10000.0,0.0,10000,10000,4.761519305580024
functions,10000,OP_NIL,1.0,0.0,1,1,0.00047615193055800247
functions,10000,OP_POP,30001.0,0.0,30001,30001,14.285034068670633
functions,10000,OP_PRINT,1.0,0.0,1,1,0.00047615193055800247
functions,10000,OP_RETURN,10001.0,0.0,10001,10001,4.761995457510582
functions,10000,OP_SET_GLOBAL,20000.0,0.0,20000,20000,9.523038611160048
functions,100000,OP_ADD,200000.0,0.0,200000,200000,9.523732426927973
functions,100000,OP_CALL,100000.0,0.0,100000,100000,4.761866213463986
functions,100000,OP_CLOSURE,1.0,0.0,1,1,4.761866213463986e-05
functions,100000,OP_CONSTANT,100003.0,0.0,100003,100003,4.76200906945039
functions,100000,OP_DEFINE_GLOBAL,4.0,0.0,4,4,0.00019047464853855944
functions,100000,OP_GET_GLOBAL,600003.0,0.0,600003,600003,28.571340136770324
functions,100000,OP_GET_LOCAL,200000.0,0.0,200000,200000,9.523732426927973
functions,100000,OP_JUMP_IF_FALSE,100001.0,0.0,100001,100001,4.761913832126121
functions,100000,OP_LESS,100001.0,0.0,100001,100001,4.761913832126121
functions,100000,OP_LOOP,100000.0,0.0,100000,100000,4.761866213463986
functions,100000,OP_NIL,1.0,0.0,1,1,4.761866213463986e-05
functions,100000,OP_POP,300001.0,0.0,300001,300001,14.285646259054094
functions,100000,OP_PRINT,1.0,0.0,1,1,4.761866213463986e-05
functions,100000,OP_RETURN,100001.0,0.0,100001,100001,4.761913832126121
functions,100000,OP_SET_GLOBAL,200000.0,0.0,200000,200000,9.523732426927973
functions,1000000,OP_ADD,2000000.0,0.0,2000000,2000000,9.523801814065198
functions,1000000,OP_CALL,1000000.0,0.0,1000000,1000000,4.761900907032599
functions,1000000,OP_CLOSURE,1.0,0.0,1,1,4.761900907032599e-06
functions,1000000,OP_CONSTANT,1000003.0,0.0,1000003,1000003,4.76191519273532
functions,1000000,OP_DEFINE_GLOBAL,4.0,0.0,4,4,1.9047603628130396e-05
functions,1000000,OP_GET_GLOBAL,6000003.0,0.0,6000003,6000003,28.571419727898316
functions,1000000,OP_GET_LOCAL,2000000.0,0.0,2000000,2000000,9.523801814065198
functions,1000000,OP_JUMP_IF_FALSE,1000001.0,0.0,1000001,1000001,4.761905668933506
functions,1000000,OP_LESS,1000001.0,0.0,1000001,1000001,4.761905668933506
functions,1000000,OP_LOOP,1000000.0,0.0,1000000,1000000,4.761900907032599
functions,1000000,OP_NIL,1.0,0.0,1,1,4.761900907032599e-06
functions,1000000,OP_POP,3000001.0,0.0,3000001,3000001,14.285707482998705
functions,1000000,OP_PRINT,1.0,0.0,1,1,4.761900907032599e-06
functions,1000000,OP_RETURN,1000001.0,0.0,1000001,1000001,4.761905668933506
functions,1000000,OP_SET_GLOBAL,2000000.0,0.0,2000000,2000000,9.523801814065198
inheritance,1000,OP_ADD,3000.0,0.0,3000,3000,11.983702165055526
inheritance,1000,OP_CALL,1.0,0.0,1,1,0.003994567388351841
inheritance,1000,OP_CLASS,2.0,0.0,2,2,0.007989134776703682
inheritance,1000,OP_CLOSE_UPVALUE,1.0,0.0,1,1,0.003994567388351841
inheritance,1000,OP_CLOSURE,2.0,0.0,2,2,0.007989134776703682
inheritance,1000,OP_CONSTANT,3003.0,0.0,3003,3003,11.99568586722058
inheritance,1000,OP_DEFINE_GLOBAL,6.0,0.0,6,6,0.02396740433011105
inheritance,1000,OP_GET_GLOBAL,5008.0,0.0,5008,5008,20.004793480866024
inheritance,1000,OP_GET_LOCAL,1000.0,0.0,1000,1000,3.9945673883518413
inheritance,1000,OP_GET_UPVALUE,1000.0,0.0,1000,1000,3.9945673883518413
inheritance,1000,OP_INHERIT,1.0,0.0,1,1,0.003994567388351841
inheritance,1000,OP_INVOKE,1000.0,0.0,1000,1000,3.9945673883518413
inheritance,1000,OP_JUMP_IF_FALSE,1001.0,0.0,1001,1001,3.9985619557401932
inheritance,1000,OP_LESS,1001.0,0.0,1001,1001,3.9985619557401932
inheritance,1000,OP_LOOP,1000.0,0.0,1000,1000,3.9945673883518413
inheritance,1000,OP_METHOD,2.0,0.0,2,2,0.007989134776703682
inheritance,1000,OP_NIL,1.0,0.0,1,1,0.003994567388351841
inheritance,1000,OP_POP,3003.0,0.0,3003,3003,11.99568586722058
inheritance,1000,OP_PRINT,1.0,0.0,1,1,0.003994567388351841
inheritance,1000,OP_RETURN,2001.0,0.0,2001,2001,7.993129344092035
inheritance,1000,OP_SET_GLOBAL,2000.0,0.0,2000,2000,7.989134776703683
inheritance,1000,OP_SUPER_INVOKE,1000.0,0.0,1000,1000,3.9945673883518413
inheritance,10000,OP_ADD,30000.0,0.0,30000,30000,11.998368221921819
inheritance,10000,OP_CALL,1.0,0.0,1,1,0.00039994560739739396
inheritance,10000,OP_CLASS,2.0,0.0,2,2,0.0007998912147947879
inheritance,10000,OP_CLOSE_UPVALUE,1.0,0.0,1,1,0.00039994560739739396
inheritance,10000,OP_CLOSURE,2.0,0.0,2,2,0.0007998912147947879
inheritance,10000,OP_CONSTANT,30003.0,0.0,30003,30003,11.99956805874401
inheritance,10000,OP_DEFINE_GLOBAL,6.0,0.0,6,6,0.0023996736443843637
inheritance,10000,OP_GET_GLOBAL,50008.0,0.0,50008,50008,20.000479934728876
inheritance,10000,OP_GET_LOCAL,10000.0,0.0,10000,10000,3.9994560739739393
inheritance,10000,OP_GET_UPVALUE,10000.0,0.0,10000,10000,3.9994560739739393
inheritance,10000,OP_INHERIT,1.0,0.0,1,1,0.00039994560739739396
inheritance,10000,OP_INVOKE,10000.0,0.0,10000,10000,3.9994560739739393
inheritance,10000,OP_JUMP_IF_FALSE,10001.0,0.0,10001,10001,3.999856019581337
inheritance,10000,OP_LESS,10001.0,0.0,10001,10001,3.999856019581337
inheritance,10000,OP_LOOP,10000.0,0.0,10000,10000,3.9994560739739393
inheritance,10000,OP_METHOD,2.0,0.0,2,2,0.0007998912147947879
inheritance,10000,OP_NIL,1.0,0.0,1,1,0.00039994560739739396
inheritance,10000,OP_POP,30003.0,0.0,30003,30003,11.99956805874401
inheritance,10000,OP_PRINT,1.0,0.0,1,1,0.00039994560739739396
inheritance,10000,OP_RETURN,20001.0,0.0,20001,20001,7.999312093555276
inheritance,10000,OP_SET_GLOBAL,20000.0,0.0,20000,20000,7.998912147947879
inheritance,10000,OP_SUPER_INVOKE,10000.0,0.0,10000,10000,3.9994560739739393
inheritance,100000,OP_ADD,300000.0,0.0,300000,300000,11.99983680221949
inheritance,100000,OP_CALL,1.0,0.0,1,1,3.99994560073983e-05
inheritance,100000,OP_CLASS,2.0,0.0,2,2,7.99989120147966e-05
inheritance,100000,OP_CLOSE_UPVALUE,1.0,0.0,1,1,3.99994560073983e-05
inheritance,100000,OP_CLOSURE,2.0,0.0,2,2,7.99989120147966e-05
inheritance,100000,OP_CONSTANT,300003.0,0.0,300003,300003,11.999956800587512
inheritance,100000,OP_DEFINE_GLOBAL,6.0,0.0,6,6,0.0002399967360443898
inheritance,100000,OP_GET_GLOBAL,500008.0,0.0,500008,500008,20.00004799934721
inheritance,100000,OP_GET_LOCAL,100000.0,0.0,100000,100000,3.99994560073983
inheritance,100000,OP_GET_UPVALUE,100000.0,0.0,100000,100000,3.99994560073983
inheritance,100000,OP_INHERIT,1.0,0.0,1,1,3.99994560073983e-05
inheritance,100000,OP_INVOKE,100000.0,0.0,100000,100000,3.99994560073983
inheritance,100000,OP_JUMP_IF_FALSE,100001.0,0.0,100001,100001,3.999985600195837
inheritance,100000,OP_LESS,100001.0,0.0,100001,100001,3.999985600195837
inheritance,100000,OP_LOOP,100000.0,0.0,100000,100000,3.99994560073983
inheritance,100000,OP_METHOD,2.0,0.0,2,2,7.99989120147966e-05
inheritance,100000,OP_NIL,1.0,0.0,1,1,3.99994560073983e-05
inheritance,100000,OP_POP,300003.0,0.0,300003,300003,11.999956800587512
inheritance,100000,OP_PRINT,1.0,0.0,1,1,3.99994560073983e-05
inheritance,100000,OP_RETURN,200001.0,0.0,200001,200001,7.999931200935667
inheritance,100000,OP_SET_GLOBAL,200000.0,0.0,200000,200000,7.99989120147966
inheritance,100000,OP_SUPER_INVOKE,100000.0,0.0,100000,100000,3.99994560073983
inheritance,1000000,OP_ADD,3000000.0,0.0,3000000,3000000,11.999983680022195
inheritance,1000000,OP_CALL,1.0,0.0,1,1,3.999994560007398e-06
inheritance,1000000,OP_CLASS,2.0,0.0,2,2,7.999989120014797e-06
inheritance,1000000,OP_CLOSE_UPVALUE,1.0,0.0,1,1,3.999994560007398e-06
inheritance,1000000,OP_CLOSURE,2.0,0.0,2,2,7.999989120014797e-06
inheritance,1000000,OP_CONSTANT,3000003.0,0.0,3000003,3000003,11.999995680005874
inheritance,1000000,OP_DEFINE_GLOBAL,6.0,0.0,6,6,2.399996736004439e-05
inheritance,1000000,OP_GET_GLOBAL,5000008.0,0.0,5000008,5000008,20.000004799993473
inheritance,1000000,OP_GET_LOCAL,1000000.0,0.0,1000000,1000000,3.9999945600073987
inheritance,1000000,OP_GET_UPVALUE,1000000.0,0.0,1000000,1000000,3.9999945600073987
inheritance,1000000,OP_INHERIT,1.0,0.0,1,1,3.999994560007398e-06
inheritance,1000000,OP_INVOKE,1000000.0,0.0,1000000,1000000,3.9999945600073987
inheritance,1000000,OP_JUMP_IF_FALSE,1000001.0,0.0,1000001,1000001,3.9999985600019583
inheritance,1000000,OP_LESS,1000001.0,0.0,1000001,1000001,3.9999985600019583
inheritance,1000000,OP_LOOP,1000000.0,0.0,1000000,1000000,3.9999945600073987
inheritance,1000000,OP_METHOD,2.0,0.0,2,2,7.999989120014797e-06
inheritance,1000000,OP_NIL,1.0,0.0,1,1,3.999994560007398e-06
inheritance,1000000,OP_POP,3000003.0,0.0,3000003,3000003,11.999995680005874
inheritance,1000000,OP_PRINT,1.0,0.0,1,1,3.999994560007398e-06
inheritance,1000000,OP_RETURN,2000001.0,0.0,2000001,2000001,7.999993120009356
inheritance,1000000,OP_SET_GLOBAL,2000000.0,0.0,2000000,2000000,7.9999891200147975
inheritance,1000000,OP_SUPER_INVOKE,1000000.0,0.0,1000000,1000000,3.9999945600073987
loops,10000,OP_ADD,20000.0,0.0,20000,20000,8.510095100312746
loops,10000,OP_CONSTANT,30003.0,0.0,30003,30003,12.766419164734167
loops,10000,OP_DEFINE_GLOBAL,3.0,0.0,3,3,0.0012765142650469118
loops,10000,OP_DIVIDE,10000.0,0.0,10000,10000,4.255047550156373
loops,10000,OP_GET_GLOBAL,60003.0,0.0,60003,60003,25.531561815203286
loops,10000,OP_JUMP,5000.0,0.0,5000,5000,2.1275237750781866
loops,10000,OP_JUMP_IF_FALSE,20001.0,0.0,20001,20001,8.51052060506776
loops,10000,OP_LESS,20001.0,0.0,20001,20001,8.51052060506776
loops,10000,OP_LOOP,10000.0,0.0,10000,10000,4.255047550156373
loops,10000,OP_NIL,1.0,0.0,1,1,0.0004255047550156373
loops,10000,OP_POP,40001.0,0.0,40001,40001,17.020615705380507
loops,10000,OP_PRINT,1.0,0.0,1,1,0.0004255047550156373
loops,10000,OP_RETURN,1.0,0.0,1,1,0.0004255047550156373
loops,10000,OP_SET_GLOBAL,20000.0,0.0,20000,20000,8.510095100312746
loops,100000,OP_ADD,200000.0,0.0,200000,200000,8.510583974995905
loops,100000,OP_CONSTANT,300003.0,0.0,300003,300003,12.76600362125348
loops,100000,OP_DEFINE_GLOBAL,3.0,0.0,3,3,0.00012765875962493856
loops,100000,OP_DIVIDE,100000.0,0.0,100000,100000,4.2552919874979525
loops,100000,OP_GET_GLOBAL,600003.0,0.0,600003,600003,25.531879583747337
loops,100000,OP_JUMP,50000.0,0.0,50000,50000,2.1276459937489762
loops,100000,OP_JUMP_IF_FALSE,200001.0,0.0,200001,200001,8.510626527915779
loops,100000,OP_LESS,200001.0,0.0,200001,200001,8.510626527915779
loops,100000,OP_LOOP,100000.0,0.0,100000,100000,4.2552919874979525
loops,100000,OP_NIL,1.0,0.0,1,1,4.255291987497952e-05
loops,100000,OP_POP,400001.0,0.0,400001,400001,17.021210502911682
loops,100000,OP_PRINT,1.0,0.0,1,1,4.255291987497952e-05
loops,100000,OP_RETURN,1.0,0.0,1,1,4.255291987497952e-05
loops,100000,OP_SET_GLOBAL,200000.0,0.0,200000,200000,8.510583974995905
loops,1000000,OP_ADD,2000000.0,0.0,2000000,2000000,8.51063286555349
loops,1000000,OP_CONSTANT,3000003.0,0.0,3000003,3000003,12.765962064279535
loops,1000000,OP_DEFINE_GLOBAL,3.0,0.0,3,3,1.2765949298330234e-05
loops,1000000,OP_DIVIDE,1000000.0,0.0,1000000,1000000,4.255316432776745
loops,1000000,OP_GET_GLOBAL,6000003.0,0.0,6000003,6000003,25.531911362609765
loops,1000000,OP_JUMP,500000.0,0.0,500000,500000,2.1276582163883724
loops,1000000,OP_JUMP_IF_FALSE,2000001.0,0.0,2000001,2000001,8.510637120869923
loops,1000000,OP_LESS,2000001.0,0.0,2000001,2000001,8.510637120869923
loops,1000000,OP_LOOP,1000000.0,0.0,1000000,1000000,4.255316432776745
loops,1000000,OP_NIL,1.0,0.0,1,1,4.2553164327767445e-06
loops,1000000,OP_POP,4000001.0,0.0,4000001,4000001,17.021269986423412
loops,1000000,OP_PRINT,1.0,0.0,1,1,4.2553164327767445e-06
loops,1000000,OP_RETURN,1.0,0.0,1,1,4.2553164327767445e-06
loops,1000000,OP_SET_GLOBAL,2000000.0,0.0,2000000,2000000,8.51063286555349
loops,10000000,OP_ADD,20000000.0,0.0,20000000,20000000,8.510637754640143
loops,10000000,OP_CONSTANT,30000003.0,0.0,30000003,30000003,12.765957908555878
loops,10000000,OP_DEFINE_GLOBAL,3.0,0.0,3,3,1.2765956631960215e-06
loops,10000000,OP_DIVIDE,10000000.0,0.0,10000000,10000000,4.255318877320072
loops,10000000,OP_GET_GLOBAL,60000003.0,0.0,60000003,60000003,25.531914540516095
loops,10000000,OP_JUMP,5000000.0,0.0,5000000,5000000,2.127659438660036
loops,10000000,OP_JUMP_IF_FALSE,20000001.0,0.0,20000001,20000001,8.51063818017203
loops,10000000,OP_LESS,20000001.0,0.0,20000001,20000001,8.51063818017203
loops,10000000,OP_LOOP,10000000.0,0.0,10000000,10000000,4.255318877320072
loops,10000000,OP_NIL,1.0,0.0,1,1,4.2553188773200713e-07
loops,10000000,OP_POP,40000001.0,0.0,40000001,40000001,17.021275934812174
loops,10000000,OP_PRINT,1.0,0.0,1,1,4.2553188773200713e-07
loops,10000000,OP_RETURN,1.0,0.0,1,1,4.2553188773200713e-07
loops,10000000,OP_SET_GLOBAL,20000000.0,0.0,20000000,20000000,8.510637754640143
objects,1000,OP_ADD,2000.0,0.0,2000,2000,8.682062858135092
objects,1000,OP_CALL,1.0,0.0,1,1,0.004341031429067546
objects,1000,OP_CLASS,1.0,0.0,1,1,0.004341031429067546
objects,1000,OP_CLOSURE,3.0,0.0,3,3,0.013023094287202639
objects,1000,OP_CONSTANT,2003.0,0.0,2003,2003,8.695085952422296
objects,1000,OP_DEFINE_GLOBAL,4.0,0.0,4,4,0.017364125716270183
objects,1000,OP_GET_GLOBAL,4005.0,0.0,4005,4005,17.38583087341552
objects,1000,OP_GET_LOCAL,2003.0,0.0,2003,2003,8.695085952422296
objects,1000,OP_GET_PROPERTY,1001.0,0.0,1001,1001,4.3453724604966135
objects,1000,OP_INVOKE,1001.0,0.0,1001,1001,4.3453724604966135
objects,1000,OP_JUMP_IF_FALSE,1001.0,0.0,1001,1001,4.3453724604966135
objects,1000,OP_LESS,1001.0,0.0,1001,1001,4.3453724604966135
objects,1000,OP_LOOP,1000.0,0.0,1000,1000,4.341031429067546
objects,1000,OP_METHOD,3.0,0.0,3,3,0.013023094287202639
objects,1000,OP_NIL,1001.0,0.0,1001,1001,4.3453724604966135
objects,1000,OP_POP,4003.0,0.0,4003,4003,17.37714881055739
objects,1000,OP_PRINT,1.0,0.0,1,1,0.004341031429067546
objects,1000,OP_RETURN,1003.0,0.0,1003,1003,4.354054523354749
objects,1000,OP_SET_GLOBAL,1000.0,0.0,1000,1000,4.341031429067546
objects,1000,OP_SET_PROPERTY,1001.0,0.0,1001,1001,4.3453724604966135
objects,10000,OP_ADD,20000.0,0.0,20000,20000,8.69429132831383
objects,10000,OP_CALL,1.0,0.0,1,1,0.0004347145664156914
objects,10000,OP_CLASS,1.0,0.0,1,1,0.0004347145664156914
objects,10000,OP_CLOSURE,3.0,0.0,3,3,0.0013041436992470743
objects,10000,OP_CONSTANT,20003.0,0.0,20003,20003,8.695595472013077
objects,10000,OP_DEFINE_GLOBAL,4.0,0.0,4,4,0.0017388582656627657
objects,10000,OP_GET_GLOBAL,40005.0,0.0,40005,40005,17.390756229459736
objects,10000,OP_GET_LOCAL,20003.0,0.0,20003,20003,8.695595472013077
objects,10000,OP_GET_PROPERTY,10001.0,0.0,10001,10001,4.34758037872333
objects,10000,OP_INVOKE,10001.0,0.0,10001,10001,4.34758037872333
objects,10000,OP_JUMP_IF_FALSE,10001.0,0.0,10001,10001,4.34758037872333
objects,10000,OP_LESS,10001.0,0.0,10001,10001,4.34758037872333
objects,10000,OP_LOOP,10000.0,0.0,10000,10000,4.347145664156915
objects,10000,OP_METHOD,3.0,0.0,3,3,0.0013041436992470743
objects,10000,OP_NIL,10001.0,0.0,10001,10001,4.34758037872333
objects,10000,OP_POP,40003.0,0.0,40003,40003,17.389886800326906
objects,10000,OP_PRINT,1.0,0.0,1,1,0.0004347145664156914
objects,10000,OP_RETURN,10003.0,0.0,10003,10003,4.348449807856162
objects,10000,OP_SET_GLOBAL,10000.0,0.0,10000,10000,4.347145664156915
objects,10000,OP_SET_PROPERTY,10001.0,0.0,10001,10001,4.34758037872333
objects,100000,OP_ADD,200000.0,0.0,200000,200000,8.695516070183249
objects,100000,OP_CALL,1.0,0.0,1,1,4.347758035091625e-05
objects,100000,OP_CLASS,1.0,0.0,1,1,4.347758035091625e-05
objects,100000,OP_CLOSURE,3.0,0.0,3,3,0.00013043274105274875
objects,100000,OP_CONSTANT,200003.0,0.0,200003,200003,8.695646502924301
objects,100000,OP_DEFINE_GLOBAL,4.0,0.0,4,4,0.000173910321403665
objects,100000,OP_GET_GLOBAL,400005.0,0.0,400005,400005,17.391249528268254
objects,100000,OP_GET_LOCAL,200003.0,0.0,200003,200003,8.695646502924301
objects,100000,OP_GET_PROPERTY,100001.0,0.0,100001,100001,4.347801512671976
objects,100000,OP_INVOKE,100001.0,0.0,100001,100001,4.347801512671976
objects,100000,OP_JUMP_IF_FALSE,100001.0,0.0,100001,100001,4.347801512671976
objects,100000,OP_LESS,100001.0,0.0,100001,100001,4.347801512671976
objects,100000,OP_LOOP,100000.0,0.0,100000,100000,4.3477580350916245
objects,100000,OP_METHOD,3.0,0.0,3,3,0.00013043274105274875
objects,100000,OP_NIL,100001.0,0.0,100001,100001,4.347801512671976
objects,100000,OP_POP,400003.0,0.0,400003,400003,17.39116257310755
objects,100000,OP_PRINT,1.0,0.0,1,1,4.347758035091625e-05
objects,100000,OP_RETURN,100003.0,0.0,100003,100003,4.347888467832677
objects,100000,OP_SET_GLOBAL,100000.0,0.0,100000,100000,4.3477580350916245
objects,100000,OP_SET_PROPERTY,100001.0,0.0,100001,100001,4.347801512671976
objects,1000000,OP_ADD,2000000.0,0.0,2000000,2000000,8.695638563348336
objects,1000000,OP_CALL,1.0,0.0,1,1,4.347819281674167e-06
objects,1000000,OP_CLASS,1.0,0.0,1,1,4.347819281674167e-06
objects,1000000,OP_CLOSURE,3.0,0.0,3,3,1.3043457845022503e-05
objects,1000000,OP_CONSTANT,2000003.0,0.0,2000003,2000003,8.69565160680618
objects,1000000,OP_DEFINE_GLOBAL,4.0,0.0,4,4,1.739127712669667e-05
objects,1000000,OP_GET_GLOBAL,4000005.0,0.0,4000005,4000005,17.39129886579308
objects,1000000,OP_GET_LOCAL,2000003.0,0.0,2000003,2000003,8.69565160680618
objects,1000000,OP_GET_PROPERTY,1000001.0,0.0,1000001,1000001,4.347823629493449
objects,1000000,OP_INVOKE,1000001.0,0.0,1000001,1000001,4.347823629493449
objects,1000000,OP_JUMP_IF_FALSE,1000001.0,0.0,1000001,1000001,4.347823629493449
objects,1000000,OP_LESS,1000001.0,0.0,1000001,1000001,4.347823629493449
objects,1000000,OP_LOOP,1000000.0,0.0,1000000,1000000,4.347819281674168
objects,1000000,OP_METHOD,3.0,0.0,3,3,1.3043457845022503e-05
objects,1000000,OP_NIL,1000001.0,0.0,1000001,1000001,4.347823629493449
objects,1000000,OP_POP,4000003.0,0.0,4000003,4000003,17.391290170154516
objects,1000000,OP_PRINT,1.0,0.0,1,1,4.347819281674167e-06
objects,1000000,OP_RETURN,1000003.0,0.0,1000003,1000003,4.347832325132013
objects,1000000,OP_SET_GLOBAL,1000000.0,0.0,1000000,1000000,4.347819281674168
objects,1000000,OP_SET_PROPERTY,1000001.0,0.0,1000001,1000001,4.347823629493449
recursion,20,OP_ADD,10945.0,0.0,10945,10945,3.8459105795044066
recursion,20,OP_CALL,21891.0,0.0,21891,21891,7.692172544169115
recursion,20,OP_CLOSURE,1.0,0.0,1,1,0.0003513851603019101
recursion,20,OP_CONSTANT,43782.0,0.0,43782,43782,15.38434508833823
recursion,20,OP_DEFINE_GLOBAL,2.0,0.0,2,2,0.0007027703206038202
recursion,20,OP_GET_GLOBAL,21892.0,0.0,21892,21892,7.692523929329416
recursion,20,OP_GET_LOCAL,54727.0,0.0,54727,54727,19.230255667842634
recursion,20,OP_GREATER,21891.0,0.0,21891,21891,7.692172544169115
recursion,20,OP_JUMP_IF_FALSE,21891.0,0.0,21891,21891,7.692172544169115
recursion,20,OP_NIL,1.0,0.0,1,1,0.0003513851603019101
recursion,20,OP_NOT,21891.0,0.0,21891,21891,7.692172544169115
recursion,20,OP_POP,21891.0,0.0,21891,21891,7.692172544169115
recursion,20,OP_PRINT,1.0,0.0,1,1,0.0003513851603019101
recursion,20,OP_RETURN,21892.0,0.0,21892,21892,7.692523929329416
recursion,20,OP_SUBTRACT,21890.0,0.0,21890,21890,7.691821159008813
recursion,25,OP_ADD,121392.0,0.0,121392,121392,3.8461319113747185
recursion,25,OP_CALL,242785.0,0.0,242785,242785,7.692295506319288
recursion,25,OP_CLOSURE,1.0,0.0,1,1,3.168356985118227e-05
recursion,25,OP_CONSTANT,485570.0,0.0,485570,485570,15.384591012638577
recursion,25,OP_DEFINE_GLOBAL,2.0,0.0,2,2,6.336713970236454e-05
recursion,25,OP_GET_GLOBAL,242786.0,0.0,242786,242786,7.69232718988914
recursion,25,OP_GET_LOCAL,606962.0,0.0,606962,606962,19.230722924013293
recursion,25,OP_GREATER,242785.0,0.0,242785,242785,7.692295506319288
recursion,25,OP_JUMP_IF_FALSE,242785.0,0.0,242785,242785,7.692295506319288
recursion,25,OP_NIL,1.0,0.0,1,1,3.168356985118227e-05
recursion,25,OP_NOT,242785.0,0.0,242785,242785,7.692295506319288
recursion,25,OP_POP,242785.0,0.0,242785,242785,7.692295506319288
recursion,25,OP_PRINT,1.0,0.0,1,1,3.168356985118227e-05
recursion,25,OP_RETURN,242786.0,0.0,242786,242786,7.69232718988914
recursion,25,OP_SUBTRACT,242784.0,0.0,242784,242784,7.692263822749437
recursion,30,OP_ADD,1346268.0,0.0,1346268,1346268,3.8461518683006077
recursion,30,OP_CALL,2692537.0,0.0,2692537,2692537,7.692306593500338
recursion,30,OP_CLOSURE,1.0,0.0,1,1,2.8568991228348345e-06
recursion,30,OP_CONSTANT,5385074.0,0.0,5385074,5385074,15.384613187000676
recursion,30,OP_DEFINE_GLOBAL,2.0,0.0,2,2,5.713798245669669e-06
recursion,30,OP_GET_GLOBAL,2692538.0,0.0,2692538,2692538,7.692309450399461
recursion,30,OP_GET_LOCAL,6731342.0,0.0,6731342,6731342,19.230765055301283
recursion,30,OP_GREATER,2692537.0,0.0,2692537,2692537,7.692306593500338
recursion,30,OP_JUMP_IF_FALSE,2692537.0,0.0,2692537,2692537,7.692306593500338
recursion,30,OP_NIL,1.0,0.0,1,1,2.8568991228348345e-06
recursion,30,OP_NOT,2692537.0,0.0,2692537,2692537,7.692306593500338
recursion,30,OP_POP,2692537.0,0.0,2692537,2692537,7.692306593500338
recursion,30,OP_PRINT,1.0,0.0,1,1,2.8568991228348345e-06
recursion,30,OP_RETURN,2692538.0,0.0,2692538,2692538,7.692309450399461
recursion,30,OP_SUBTRACT,2692536.0,0.0,2692536,2692536,7.6923037366012155
recursion,35,OP_ADD,14930351.0,0.0,14930351,14930351,3.8461536678109676
recursion,35,OP_CALL,29860703.0,0.0,29860703,29860703,7.692307593228316
recursion,35,OP_CLOSURE,1.0,0.0,1,1,2.5760637963641766e-07
recursion,35,OP_CONSTANT,59721406.0,0.0,59721406,59721406,15.384615186456632
recursion,35,OP_DEFINE_GLOBAL,2.0,0.0,2,2,5.152127592728353e-07
recursion,35,OP_GET_GLOBAL,29860704.0,0.0,29860704,29860704,7.692307850834696
recursion,35,OP_GET_LOCAL,74651757.0,0.0,74651757,74651757,19.2307688542676
recursion,35,OP_GREATER,29860703.0,0.0,29860703,29860703,7.692307593228316
recursion,35,OP_JUMP_IF_FALSE,29860703.0,0.0,29860703,29860703,7.692307593228316
recursion,35,OP_NIL,1.0,0.0,1,1,2.5760637963641766e-07
recursion,35,OP_NOT,29860703.0,0.0,29860703,29860703,7.692307593228316
recursion,35,OP_POP,29860703.0,0.0,29860703,29860703,7.692307593228316
recursion,35,OP_PRINT,1.0,0.0,1,1,2.5760637963641766e-07
recursion,35,OP_RETURN,29860704.0,0.0,29860704,29860704,7.692307850834696
recursion,35,OP_SUBTRACT,29860702.0,0.0,29860702,29860702,7.692307335621935
