benchmark,input_size,rank,opcode,mean_count,percentage_of_total
allocation,1000,1,OP_GET_GLOBAL,5003.0,23.80227413292735
allocation,1000,2,OP_POP,4002.0,19.03991626623531
allocation,1000,3,OP_GET_LOCAL,3000.0,14.272800799276844
allocation,1000,4,OP_CONSTANT,1003.0,4.771873067224892
allocation,1000,5,OP_LESS,1001.0,4.7623578666920405
allocation,1000,6,OP_JUMP_IF_FALSE,1001.0,4.7623578666920405
allocation,1000,7,OP_RETURN,1001.0,4.7623578666920405
allocation,1000,8,OP_ADD,1000.0,4.757600266425615
allocation,1000,9,OP_CALL,1000.0,4.757600266425615
allocation,1000,10,OP_SET_GLOBAL,1000.0,4.757600266425615
allocation,10000,1,OP_GET_GLOBAL,50003.0,23.80879825158676
allocation,10000,2,OP_POP,40002.0,19.046848142310935
allocation,10000,3,OP_GET_LOCAL,30000.0,14.284421885638917
allocation,10000,4,OP_CONSTANT,10003.0,4.762902404068203
allocation,10000,5,OP_LESS,10001.0,4.761950109275827
allocation,10000,6,OP_JUMP_IF_FALSE,10001.0,4.761950109275827
allocation,10000,7,OP_RETURN,10001.0,4.761950109275827
allocation,10000,8,OP_ADD,10000.0,4.76147396187964
allocation,10000,9,OP_CALL,10000.0,4.76147396187964
allocation,10000,10,OP_SET_GLOBAL,10000.0,4.76147396187964
allocation,100000,1,OP_GET_GLOBAL,500003.0,23.809451247822043
allocation,100000,2,OP_POP,400002.0,19.04754195081092
allocation,100000,3,OP_GET_LOCAL,300000.0,14.285585035183015
allocation,100000,4,OP_CONSTANT,100003.0,4.76200453424469
allocation,100000,5,OP_LESS,100001.0,4.7619092970111225
allocation,100000,6,OP_JUMP_IF_FALSE,100001.0,4.7619092970111225
allocation,100000,7,OP_RETURN,100001.0,4.7619092970111225
allocation,100000,8,OP_ADD,100000.0,4.761861678394339
allocation,100000,9,OP_CALL,100000.0,4.761861678394339
allocation,100000,10,OP_SET_GLOBAL,100000.0,4.761861678394339
allocation,1000000,1,OP_GET_GLOBAL,5000003.0,23.809516553294547
allocation,1000000,2,OP_POP,4000002.0,19.047611337875455
allocation,1000000,3,OP_GET_LOCAL,3000000.0,14.28570136055591
allocation,1000000,4,OP_CONSTANT,1000003.0,4.761914739219998
allocation,1000000,5,OP_LESS,1000001.0,4.76190521541909
allocation,1000000,6,OP_JUMP_IF_FALSE,1000001.0,4.76190521541909
allocation,1000000,7,OP_RETURN,1000001.0,4.76190521541909
allocation,1000000,8,OP_ADD,1000000.0,4.7619004535186376
allocation,1000000,9,OP_CALL,1000000.0,4.7619004535186376
allocation,1000000,10,OP_SET_GLOBAL,1000000.0,4.7619004535186376
arithmetic,10000,1,OP_GET_GLOBAL,70003.0,22.580520297404963
arithmetic,10000,2,OP_POP,60001.0,19.354224795574407
arithmetic,10000,3,OP_CONSTANT,50003.0,16.129219553892554
arithmetic,10000,4,OP_SET_GLOBAL,50000.0,16.128251858781027
arithmetic,10000,5,OP_ADD,20000.0,6.45130074351241
arithmetic,10000,6,OP_LESS,10001.0,3.225972936793381
arithmetic,10000,7,OP_JUMP_IF_FALSE,10001.0,3.225972936793381
arithmetic,10000,8,OP_SUBTRACT,10000.0,3.225650371756205
arithmetic,10000,9,OP_DIVIDE,10000.0,3.225650371756205
arithmetic,10000,10,OP_MULTIPLY,10000.0,3.225650371756205
arithmetic,100000,1,OP_GET_GLOBAL,700003.0,22.58063267435803
arithmetic,100000,2,OP_POP,600001.0,19.354777315593637
arithmetic,100000,3,OP_CONSTANT,500003.0,16.12905098846296
arithmetic,100000,4,OP_SET_GLOBAL,500000.0,16.12895421473767
arithmetic,100000,5,OP_ADD,200000.0,6.451581685895068
arithmetic,100000,6,OP_LESS,100001.0,3.2258231008559637
arithmetic,100000,7,OP_JUMP_IF_FALSE,100001.0,3.2258231008559637
arithmetic,100000,8,OP_SUBTRACT,100000.0,3.225790842947534
arithmetic,100000,9,OP_DIVIDE,100000.0,3.225790842947534
arithmetic,100000,10,OP_MULTIPLY,100000.0,3.225790842947534
arithmetic,1000000,1,OP_GET_GLOBAL,7000003.0,22.580643912591654
arithmetic,1000000,2,OP_POP,6000001.0,19.354832570242305
arithmetic,1000000,3,OP_CONSTANT,5000003.0,16.12903413111252
arithmetic,1000000,4,OP_SET_GLOBAL,5000000.0,16.129024453697845
arithmetic,1000000,5,OP_ADD,2000000.0,6.451609781479138
arithmetic,1000000,6,OP_LESS,1000001.0,3.2258081165444596
arithmetic,1000000,7,OP_JUMP_IF_FALSE,1000001.0,3.2258081165444596
arithmetic,1000000,8,OP_SUBTRACT,1000000.0,3.225804890739569
arithmetic,1000000,9,OP_DIVIDE,1000000.0,3.225804890739569
arithmetic,1000000,10,OP_MULTIPLY,1000000.0,3.225804890739569
arithmetic,10000000,1,OP_GET_GLOBAL,70000003.0,22.580645036420403
arithmetic,10000000,2,OP_POP,60000001.0,19.35483809573364
arithmetic,10000000,3,OP_CONSTANT,50000003.0,16.129032445369397
arithmetic,10000000,4,OP_SET_GLOBAL,50000000.0,16.12903147762751
arithmetic,10000000,5,OP_ADD,20000000.0,6.451612591051004
arithmetic,10000000,6,OP_LESS,10000001.0,3.2258066181061316
arithmetic,10000000,7,OP_JUMP_IF_FALSE,10000001.0,3.2258066181061316
arithmetic,10000000,8,OP_SUBTRACT,10000000.0,3.225806295525502
arithmetic,10000000,9,OP_DIVIDE,10000000.0,3.225806295525502
arithmetic,10000000,10,OP_MULTIPLY,10000000.0,3.225806295525502
closures,1000,1,OP_GET_GLOBAL,4004.0,19.039467427484546
closures,1000,2,OP_POP,4002.0,19.029957203994293
closures,1000,3,OP_CONSTANT,2004.0,9.529243937232525
closures,1000,4,OP_GET_UPVALUE,2002.0,9.519733713742273
closures,1000,5,OP_ADD,2001.0,9.514978601997147
closures,1000,6,OP_RETURN,1003.0,4.769377080361389
closures,1000,7,OP_CALL,1002.0,4.764621968616263
closures,1000,8,OP_JUMP_IF_FALSE,1001.0,4.759866856871136
closures,1000,9,OP_SET_UPVALUE,1001.0,4.759866856871136
closures,1000,10,OP_LESS,1001.0,4.759866856871136
closures,10000,1,OP_GET_GLOBAL,40004.0,19.046802837689857
closures,10000,2,OP_POP,40002.0,19.04585059277246
closures,10000,3,OP_CONSTANT,20004.0,9.52435366376232
closures,10000,4,OP_GET_UPVALUE,20002.0,9.523401418844928
closures,10000,5,OP_ADD,20001.0,9.52292529638623
closures,10000,6,OP_RETURN,10003.0,4.762652954339856
closures,10000,7,OP_CALL,10002.0,4.76217683188116
closures,10000,8,OP_JUMP_IF_FALSE,10001.0,4.761700709422464
closures,10000,9,OP_SET_UPVALUE,10001.0,4.761700709422464
closures,10000,10,OP_LESS,10001.0,4.761700709422464
closures,100000,1,OP_GET_GLOBAL,400004.0,19.04753741613215
closures,100000,2,OP_POP,400002.0,19.047442179397436
closures,100000,3,OP_CONSTANT,200004.0,9.523863944800787
closures,100000,4,OP_GET_UPVALUE,200002.0,9.523768708066076
closures,100000,5,OP_ADD,200001.0,9.523721089698718
closures,100000,6,OP_RETURN,100003.0,4.761979590767751
closures,100000,7,OP_CALL,100002.0,4.761931972400394
closures,100000,8,OP_JUMP_IF_FALSE,100001.0,4.761884354033038
closures,100000,9,OP_SET_UPVALUE,100001.0,4.761884354033038
closures,100000,10,OP_LESS,100001.0,4.761884354033038
closures,1000000,1,OP_GET_GLOBAL,4000004.0,19.047610884365405
closures,1000000,2,OP_POP,4000002.0,19.047601360569484
closures,1000000,3,OP_CONSTANT,2000004.0,9.523814965978621
closures,1000000,4,OP_GET_UPVALUE,2000002.0,9.523805442182702
closures,1000000,5,OP_ADD,2000001.0,9.523800680284742
closures,1000000,6,OP_RETURN,1000003.0,4.761912244887269
closures,1000000,7,OP_CALL,1000002.0,4.761907482989311
closures,1000000,8,OP_JUMP_IF_FALSE,1000001.0,4.761902721091351
closures,1000000,9,OP_SET_UPVALUE,1000001.0,4.761902721091351
closures,1000000,10,OP_LESS,1000001.0,4.761902721091351
functions,1000,1,OP_GET_GLOBAL,6003.0,28.562592187276962
functions,1000,2,OP_POP,3001.0,14.278917067136126
functions,1000,3,OP_GET_LOCAL,2000.0,9.516106009420945
functions,1000,4,OP_SET_GLOBAL,2000.0,9.516106009420945
functions,1000,5,OP_ADD,2000.0,9.516106009420945
functions,1000,6,OP_CONSTANT,1003.0,4.772327163724603
functions,1000,7,OP_JUMP_IF_FALSE,1001.0,4.762811057715183
functions,1000,8,OP_RETURN,1001.0,4.762811057715183
functions,1000,9,OP_LESS,1001.0,4.762811057715183
functions,1000,10,OP_CALL,1000.0,4.758053004710472
functions,10000,1,OP_GET_GLOBAL,60003.0,28.570544289271822
functions,10000,2,OP_POP,30001.0,14.285034068670633
functions,10000,3,OP_GET_LOCAL,20000.0,9.523038611160048
functions,10000,4,OP_SET_GLOBAL,20000.0,9.523038611160048
functions,10000,5,OP_ADD,20000.0,9.523038611160048
functions,10000,6,OP_CONSTANT,10003.0,4.762947761371699
functions,10000,7,OP_JUMP_IF_FALSE,10001.0,4.761995457510582
functions,10000,8,OP_RETURN,10001.0,4.761995457510582
functions,10000,9,OP_LESS,10001.0,4.761995457510582
functions,10000,10,OP_CALL,10000.0,4.761519305580024
functions,100000,1,OP_GET_GLOBAL,600003.0,28.571340136770324
functions,100000,2,OP_POP,300001.0,14.285646259054094
functions,100000,3,OP_GET_LOCAL,200000.0,9.523732426927973
functions,100000,4,OP_SET_GLOBAL,200000.0,9.523732426927973
functions,100000,5,OP_ADD,200000.0,9.523732426927973
functions,100000,6,OP_CONSTANT,100003.0,4.76200906945039
functions,100000,7,OP_JUMP_IF_FALSE,100001.0,4.761913832126121
functions,100000,8,OP_RETURN,100001.0,4.761913832126121
functions,100000,9,OP_LESS,100001.0,4.761913832126121
functions,100000,10,OP_CALL,100000.0,4.761866213463986
functions,1000000,1,OP_GET_GLOBAL,6000003.0,28.571419727898316
functions,1000000,2,OP_POP,3000001.0,14.285707482998705
functions,1000000,3,OP_GET_LOCAL,2000000.0,9.523801814065198
functions,1000000,4,OP_SET_GLOBAL,2000000.0,9.523801814065198
functions,1000000,5,OP_ADD,2000000.0,9.523801814065198
functions,1000000,6,OP_CONSTANT,1000003.0,4.76191519273532
functions,1000000,7,OP_JUMP_IF_FALSE,1000001.0,4.761905668933506
functions,1000000,8,OP_RETURN,1000001.0,4.761905668933506
functions,1000000,9,OP_LESS,1000001.0,4.761905668933506
functions,1000000,10,OP_CALL,1000000.0,4.761900907032599
inheritance,1000,1,OP_GET_GLOBAL,5008.0,20.004793480866024
inheritance,1000,2,OP_CONSTANT,3003.0,11.99568586722058
inheritance,1000,3,OP_POP,3003.0,11.99568586722058
inheritance,1000,4,OP_ADD,3000.0,11.983702165055526
inheritance,1000,5,OP_RETURN,2001.0,7.993129344092035
inheritance,1000,6,OP_SET_GLOBAL,2000.0,7.989134776703683
inheritance,1000,7,OP_JUMP_IF_FALSE,1001.0,3.9985619557401932
inheritance,1000,8,OP_LESS,1001.0,3.9985619557401932
inheritance,1000,9,OP_GET_UPVALUE,1000.0,3.9945673883518413
inheritance,1000,10,OP_GET_LOCAL,1000.0,3.9945673883518413
inheritance,10000,1,OP_GET_GLOBAL,50008.0,20.000479934728876
inheritance,10000,2,OP_CONSTANT,30003.0,11.99956805874401
inheritance,10000,3,OP_POP,30003.0,11.99956805874401
inheritance,10000,4,OP_ADD,30000.0,11.998368221921819
inheritance,10000,5,OP_RETURN,20001.0,7.999312093555276
inheritance,10000,6,OP_SET_GLOBAL,20000.0,7.998912147947879
inheritance,10000,7,OP_JUMP_IF_FALSE,10001.0,3.999856019581337
inheritance,10000,8,OP_LESS,10001.0,3.999856019581337
inheritance,10000,9,OP_GET_UPVALUE,10000.0,3.9994560739739393
inheritance,10000,10,OP_GET_LOCAL,10000.0,3.9994560739739393
inheritance,100000,1,OP_GET_GLOBAL,500008.0,20.00004799934721
inheritance,100000,2,OP_CONSTANT,300003.0,11.999956800587512
inheritance,100000,3,OP_POP,300003.0,11.999956800587512
inheritance,100000,4,OP_ADD,300000.0,11.99983680221949
inheritance,100000,5,OP_RETURN,200001.0,7.999931200935667
inheritance,100000,6,OP_SET_GLOBAL,200000.0,7.99989120147966
inheritance,100000,7,OP_JUMP_IF_FALSE,100001.0,3.999985600195837
inheritance,100000,8,OP_LESS,100001.0,3.999985600195837
inheritance,100000,9,OP_GET_UPVALUE,100000.0,3.99994560073983
inheritance,100000,10,OP_GET_LOCAL,100000.0,3.99994560073983
inheritance,1000000,1,OP_GET_GLOBAL,5000008.0,20.000004799993473
inheritance,1000000,2,OP_CONSTANT,3000003.0,11.999995680005874
inheritance,1000000,3,OP_POP,3000003.0,11.999995680005874
inheritance,1000000,4,OP_ADD,3000000.0,11.999983680022195
inheritance,1000000,5,OP_RETURN,2000001.0,7.999993120009356
inheritance,1000000,6,OP_SET_GLOBAL,2000000.0,7.9999891200147975
inheritance,1000000,7,OP_JUMP_IF_FALSE,1000001.0,3.9999985600019583
inheritance,1000000,8,OP_LESS,1000001.0,3.9999985600019583
inheritance,1000000,9,OP_GET_UPVALUE,1000000.0,3.9999945600073987
inheritance,1000000,10,OP_GET_LOCAL,1000000.0,3.9999945600073987
loops,10000,1,OP_GET_GLOBAL,60003.0,25.531561815203286
loops,10000,2,OP_POP,40001.0,17.020615705380507
loops,10000,3,OP_CONSTANT,30003.0,12.766419164734167
loops,10000,4,OP_JUMP_IF_FALSE,20001.0,8.51052060506776
loops,10000,5,OP_LESS,20001.0,8.51052060506776
loops,10000,6,OP_ADD,20000.0,8.510095100312746
loops,10000,7,OP_SET_GLOBAL,20000.0,8.510095100312746
loops,10000,8,OP_LOOP,10000.0,4.255047550156373
loops,10000,9,OP_DIVIDE,10000.0,4.255047550156373
loops,10000,10,OP_JUMP,5000.0,2.1275237750781866
loops,100000,1,OP_GET_GLOBAL,600003.0,25.531879583747337
loops,100000,2,OP_POP,400001.0,17.021210502911682
loops,100000,3,OP_CONSTANT,300003.0,12.76600362125348
loops,100000,4,OP_JUMP_IF_FALSE,200001.0,8.510626527915779
loops,100000,5,OP_LESS,200001.0,8.510626527915779
loops,100000,6,OP_ADD,200000.0,8.510583974995905
loops,100000,7,OP_SET_GLOBAL,200000.0,8.510583974995905
loops,100000,8,OP_LOOP,100000.0,4.2552919874979525
loops,100000,9,OP_DIVIDE,100000.0,4.2552919874979525
loops,100000,10,OP_JUMP,50000.0,2.1276459937489762
loops,1000000,1,OP_GET_GLOBAL,6000003.0,25.531911362609765
loops,1000000,2,OP_POP,4000001.0,17.021269986423412
loops,1000000,3,OP_CONSTANT,3000003.0,12.765962064279535
loops,1000000,4,OP_JUMP_IF_FALSE,2000001.0,8.510637120869923
loops,1000000,5,OP_LESS,2000001.0,8.510637120869923
loops,1000000,6,OP_ADD,2000000.0,8.51063286555349
loops,1000000,7,OP_SET_GLOBAL,2000000.0,8.51063286555349
loops,1000000,8,OP_LOOP,1000000.0,4.255316432776745
loops,1000000,9,OP_DIVIDE,1000000.0,4.255316432776745
loops,1000000,10,OP_JUMP,500000.0,2.1276582163883724
loops,10000000,1,OP_GET_GLOBAL,60000003.0,25.531914540516095
loops,10000000,2,OP_POP,40000001.0,17.021275934812174
loops,10000000,3,OP_CONSTANT,30000003.0,12.765957908555878
loops,10000000,4,OP_JUMP_IF_FALSE,20000001.0,8.51063818017203
loops,10000000,5,OP_LESS,20000001.0,8.51063818017203
loops,10000000,6,OP_ADD,20000000.0,8.510637754640143
loops,10000000,7,OP_SET_GLOBAL,20000000.0,8.510637754640143
loops,10000000,8,OP_LOOP,10000000.0,4.255318877320072
loops,10000000,9,OP_DIVIDE,10000000.0,4.255318877320072
loops,10000000,10,OP_JUMP,5000000.0,2.127659438660036
objects,1000,1,OP_GET_GLOBAL,4005.0,17.38583087341552
objects,1000,2,OP_POP,4003.0,17.37714881055739
objects,1000,3,OP_CONSTANT,2003.0,8.695085952422296
objects,1000,4,OP_GET_LOCAL,2003.0,8.695085952422296
objects,1000,5,OP_ADD,2000.0,8.682062858135092
objects,1000,6,OP_RETURN,1003.0,4.354054523354749
objects,1000,7,OP_NIL,1001.0,4.3453724604966135
objects,1000,8,OP_LESS,1001.0,4.3453724604966135
objects,1000,9,OP_SET_PROPERTY,1001.0,4.3453724604966135
objects,1000,10,OP_INVOKE,1001.0,4.3453724604966135
objects,10000,1,OP_GET_GLOBAL,40005.0,17.390756229459736
objects,10000,2,OP_POP,40003.0,17.389886800326906
objects,10000,3,OP_CONSTANT,20003.0,8.695595472013077
objects,10000,4,OP_GET_LOCAL,20003.0,8.695595472013077
objects,10000,5,OP_ADD,20000.0,8.69429132831383
objects,10000,6,OP_RETURN,10003.0,4.348449807856162
objects,10000,7,OP_NIL,10001.0,4.34758037872333
objects,10000,8,OP_LESS,10001.0,4.34758037872333
objects,10000,9,OP_SET_PROPERTY,10001.0,4.34758037872333
objects,10000,10,OP_INVOKE,10001.0,4.34758037872333
objects,100000,1,OP_GET_GLOBAL,400005.0,17.391249528268254
objects,100000,2,OP_POP,400003.0,17.39116257310755
objects,100000,3,OP_CONSTANT,200003.0,8.695646502924301
objects,100000,4,OP_GET_LOCAL,200003.0,8.695646502924301
objects,100000,5,OP_ADD,200000.0,8.695516070183249
objects,100000,6,OP_RETURN,100003.0,4.347888467832677
objects,100000,7,OP_NIL,100001.0,4.347801512671976
objects,100000,8,OP_LESS,100001.0,4.347801512671976
objects,100000,9,OP_SET_PROPERTY,100001.0,4.347801512671976
objects,100000,10,OP_INVOKE,100001.0,4.347801512671976
objects,1000000,1,OP_GET_GLOBAL,4000005.0,17.39129886579308
objects,1000000,2,OP_POP,4000003.0,17.391290170154516
objects,1000000,3,OP_CONSTANT,2000003.0,8.69565160680618
objects,1000000,4,OP_GET_LOCAL,2000003.0,8.69565160680618
objects,1000000,5,OP_ADD,2000000.0,8.695638563348336
objects,1000000,6,OP_RETURN,1000003.0,4.347832325132013
objects,1000000,7,OP_NIL,1000001.0,4.347823629493449
objects,1000000,8,OP_LESS,1000001.0,4.347823629493449
objects,1000000,9,OP_SET_PROPERTY,1000001.0,4.347823629493449
objects,1000000,10,OP_INVOKE,1000001.0,4.347823629493449
recursion,20,1,OP_GET_LOCAL,54727.0,19.230255667842634
recursion,20,2,OP_CONSTANT,43782.0,15.38434508833823
recursion,20,3,OP_GET_GLOBAL,21892.0,7.692523929329416
recursion,20,4,OP_RETURN,21892.0,7.692523929329416
recursion,20,5,OP_CALL,21891.0,7.692172544169115
recursion,20,6,OP_GREATER,21891.0,7.692172544169115
recursion,20,7,OP_NOT,21891.0,7.692172544169115
recursion,20,8,OP_POP,21891.0,7.692172544169115
recursion,20,9,OP_JUMP_IF_FALSE,21891.0,7.692172544169115
recursion,20,10,OP_SUBTRACT,21890.0,7.691821159008813
recursion,25,1,OP_GET_LOCAL,606962.0,19.230722924013293
recursion,25,2,OP_CONSTANT,485570.0,15.384591012638577
recursion,25,3,OP_GET_GLOBAL,242786.0,7.69232718988914
recursion,25,4,OP_RETURN,242786.0,7.69232718988914
recursion,25,5,OP_CALL,242785.0,7.692295506319288
recursion,25,6,OP_GREATER,242785.0,7.692295506319288
recursion,25,7,OP_NOT,242785.0,7.692295506319288
recursion,25,8,OP_POP,242785.0,7.692295506319288
recursion,25,9,OP_JUMP_IF_FALSE,242785.0,7.692295506319288
recursion,25,10,OP_SUBTRACT,242784.0,7.692263822749437
recursion,30,1,OP_GET_LOCAL,6731342.0,19.230765055301283
recursion,30,2,OP_CONSTANT,5385074.0,15.384613187000676
recursion,30,3,OP_GET_GLOBAL,2692538.0,7.692309450399461
recursion,30,4,OP_RETURN,2692538.0,7.692309450399461
recursion,30,5,OP_CALL,2692537.0,7.692306593500338
recursion,30,6,OP_GREATER,2692537.0,7.692306593500338
recursion,30,7,OP_NOT,2692537.0,7.692306593500338
recursion,30,8,OP_POP,2692537.0,7.692306593500338
recursion,30,9,OP_JUMP_IF_FALSE,2692537.0,7.692306593500338
recursion,30,10,OP_SUBTRACT,2692536.0,7.6923037366012155
recursion,35,1,OP_GET_LOCAL,74651757.0,19.2307688542676
recursion,35,2,OP_CONSTANT,59721406.0,15.384615186456632
recursion,35,3,OP_GET_GLOBAL,29860704.0,7.692307850834696
recursion,35,4,OP_RETURN,29860704.0,7.692307850834696
recursion,35,5,OP_CALL,29860703.0,7.692307593228316
recursion,35,6,OP_GREATER,29860703.0,7.692307593228316
recursion,35,7,OP_NOT,29860703.0,7.692307593228316
recursion,35,8,OP_POP,29860703.0,7.692307593228316
recursion,35,9,OP_JUMP_IF_FALSE,29860703.0,7.692307593228316
recursion,35,10,OP_SUBTRACT,29860702.0,7.692307335621935
