benchmark,metric_a,metric_b,pearson_r
arithmetic,n,exec_ms,0.9950755079643683
arithmetic,n,opcodes,1.0000000000000004
arithmetic,n,gc_count,
arithmetic,n,gc_ms,
arithmetic,n,peak_heap_bytes,
arithmetic,n,bytes_allocated,
arithmetic,n,bytes_freed,
arithmetic,exec_ms,n,0.9950755079643683
arithmetic,exec_ms,opcodes,0.9950755079643682
arithmetic,exec_ms,gc_count,
arithmetic,exec_ms,gc_ms,
arithmetic,exec_ms,peak_heap_bytes,
arithmetic,exec_ms,bytes_allocated,
arithmetic,exec_ms,bytes_freed,
arithmetic,opcodes,n,1.0000000000000004
arithmetic,opcodes,exec_ms,0.9950755079643682
arithmetic,opcodes,gc_count,
arithmetic,opcodes,gc_ms,
arithmetic,opcodes,peak_heap_bytes,
arithmetic,opcodes,bytes_allocated,
arithmetic,opcodes,bytes_freed,
arithmetic,gc_count,n,
arithmetic,gc_count,exec_ms,
arithmetic,gc_count,opcodes,
arithmetic,gc_count,gc_ms,
arithmetic,gc_count,peak_heap_bytes,
arithmetic,gc_count,bytes_allocated,
arithmetic,gc_count,bytes_freed,
arithmetic,gc_ms,n,
arithmetic,gc_ms,exec_ms,
arithmetic,gc_ms,opcodes,
arithmetic,gc_ms,gc_count,
arithmetic,gc_ms,peak_heap_bytes,
arithmetic,gc_ms,bytes_allocated,
arithmetic,gc_ms,bytes_freed,
arithmetic,peak_heap_bytes,n,
arithmetic,peak_heap_bytes,exec_ms,
arithmetic,peak_heap_bytes,opcodes,
arithmetic,peak_heap_bytes,gc_count,
arithmetic,peak_heap_bytes,gc_ms,
arithmetic,peak_heap_bytes,bytes_allocated,
arithmetic,peak_heap_bytes,bytes_freed,
arithmetic,bytes_allocated,n,
arithmetic,bytes_allocated,exec_ms,
arithmetic,bytes_allocated,opcodes,
arithmetic,bytes_allocated,gc_count,
arithmetic,bytes_allocated,gc_ms,
arithmetic,bytes_allocated,peak_heap_bytes,
arithmetic,bytes_allocated,bytes_freed,
arithmetic,bytes_freed,n,
arithmetic,bytes_freed,exec_ms,
arithmetic,bytes_freed,opcodes,
arithmetic,bytes_freed,gc_count,
arithmetic,bytes_freed,gc_ms,
arithmetic,bytes_freed,peak_heap_bytes,
arithmetic,bytes_freed,bytes_allocated,
classes,n,exec_ms,0.9929654070062169
classes,n,opcodes,0.9999999999999998
classes,n,gc_count,0.9999999997480505
classes,n,gc_ms,0.9124464920732958
classes,n,peak_heap_bytes,
classes,n,bytes_allocated,0.9999999999999994
classes,n,bytes_freed,0.9999999997180903
classes,exec_ms,n,0.9929654070062169
classes,exec_ms,opcodes,0.992965407006218
classes,exec_ms,gc_count,0.9929659041369543
classes,exec_ms,gc_ms,0.9184778394440257
classes,exec_ms,peak_heap_bytes,
classes,exec_ms,bytes_allocated,0.9929654070062176
classes,exec_ms,bytes_freed,0.9929659118185096
classes,opcodes,n,0.9999999999999998
classes,opcodes,exec_ms,0.992965407006218
classes,opcodes,gc_count,0.9999999997480511
classes,opcodes,gc_ms,0.9124464920732965
classes,opcodes,peak_heap_bytes,
classes,opcodes,bytes_allocated,0.9999999999999999
classes,opcodes,bytes_freed,0.9999999997180902
classes,gc_count,n,0.9999999997480505
classes,gc_count,exec_ms,0.9929659041369543
classes,gc_count,opcodes,0.9999999997480511
classes,gc_count,gc_ms,0.9124467912456643
classes,gc_count,peak_heap_bytes,
classes,gc_count,bytes_allocated,0.9999999997480502
classes,gc_count,bytes_freed,0.9999999999958671
classes,gc_ms,n,0.9124464920732958
classes,gc_ms,exec_ms,0.9184778394440257
classes,gc_ms,opcodes,0.9124464920732965
classes,gc_ms,gc_count,0.9124467912456643
classes,gc_ms,peak_heap_bytes,
classes,gc_ms,bytes_allocated,0.9124464920732959
classes,gc_ms,bytes_freed,0.9124467410511335
classes,peak_heap_bytes,n,
classes,peak_heap_bytes,exec_ms,
classes,peak_heap_bytes,opcodes,
classes,peak_heap_bytes,gc_count,
classes,peak_heap_bytes,gc_ms,
classes,peak_heap_bytes,bytes_allocated,
classes,peak_heap_bytes,bytes_freed,
classes,bytes_allocated,n,0.9999999999999994
classes,bytes_allocated,exec_ms,0.9929654070062176
classes,bytes_allocated,opcodes,0.9999999999999999
classes,bytes_allocated,gc_count,0.9999999997480502
classes,bytes_allocated,gc_ms,0.9124464920732959
classes,bytes_allocated,peak_heap_bytes,
classes,bytes_allocated,bytes_freed,0.9999999997180898
classes,bytes_freed,n,0.9999999997180903
classes,bytes_freed,exec_ms,0.9929659118185096
classes,bytes_freed,opcodes,0.9999999997180902
classes,bytes_freed,gc_count,0.9999999999958671
classes,bytes_freed,gc_ms,0.9124467410511335
classes,bytes_freed,peak_heap_bytes,
classes,bytes_freed,bytes_allocated,0.9999999997180898
closures,n,exec_ms,0.9839475477723864
closures,n,opcodes,1.0
closures,n,gc_count,0.9999931281024234
closures,n,gc_ms,0.912307731147791
closures,n,peak_heap_bytes,0.21412389043811283
closures,n,bytes_allocated,0.9999999999999998
closures,n,bytes_freed,0.999739149866395
closures,exec_ms,n,0.9839475477723864
closures,exec_ms,opcodes,0.9839475477723862
closures,exec_ms,gc_count,0.9839368199860348
closures,exec_ms,gc_ms,0.9265205928247443
closures,exec_ms,peak_heap_bytes,0.21168668371071614
closures,exec_ms,bytes_allocated,0.983947547772386
closures,exec_ms,bytes_freed,0.9837927725486981
closures,opcodes,n,1.0
closures,opcodes,exec_ms,0.9839475477723862
closures,opcodes,gc_count,0.999993128102423
closures,opcodes,gc_ms,0.9123077311477906
closures,opcodes,peak_heap_bytes,0.21412389043811292
closures,opcodes,bytes_allocated,1.0
closures,opcodes,bytes_freed,0.9997391498663949
closures,gc_count,n,0.9999931281024234
closures,gc_count,exec_ms,0.9839368199860348
closures,gc_count,opcodes,0.999993128102423
closures,gc_count,gc_ms,0.9122327211190102
closures,gc_count,peak_heap_bytes,0.21050176050810604
closures,gc_count,bytes_allocated,0.9999931281024229
closures,gc_count,bytes_freed,0.999678658729742
closures,gc_ms,n,0.912307731147791
closures,gc_ms,exec_ms,0.9265205928247443
closures,gc_ms,opcodes,0.9123077311477906
closures,gc_ms,gc_count,0.9122327211190102
closures,gc_ms,peak_heap_bytes,0.21345199294975756
closures,gc_ms,bytes_allocated,0.9123077311477906
closures,gc_ms,bytes_freed,0.9127097046224634
closures,peak_heap_bytes,n,0.21412389043811283
closures,peak_heap_bytes,exec_ms,0.21168668371071614
closures,peak_heap_bytes,opcodes,0.21412389043811292
closures,peak_heap_bytes,gc_count,0.21050176050810604
closures,peak_heap_bytes,gc_ms,0.21345199294975756
closures,peak_heap_bytes,bytes_allocated,0.21412389043811267
closures,peak_heap_bytes,bytes_freed,0.2283111891181104
closures,bytes_allocated,n,0.9999999999999998
closures,bytes_allocated,exec_ms,0.983947547772386
closures,bytes_allocated,opcodes,1.0
closures,bytes_allocated,gc_count,0.9999931281024229
closures,bytes_allocated,gc_ms,0.9123077311477906
closures,bytes_allocated,peak_heap_bytes,0.21412389043811267
closures,bytes_allocated,bytes_freed,0.9997391498663947
closures,bytes_freed,n,0.999739149866395
closures,bytes_freed,exec_ms,0.9837927725486981
closures,bytes_freed,opcodes,0.9997391498663949
closures,bytes_freed,gc_count,0.999678658729742
closures,bytes_freed,gc_ms,0.9127097046224634
closures,bytes_freed,peak_heap_bytes,0.2283111891181104
closures,bytes_freed,bytes_allocated,0.9997391498663947
control_flow,n,exec_ms,0.9695575109963972
control_flow,n,opcodes,0.9999999999999782
control_flow,n,gc_count,
control_flow,n,gc_ms,
control_flow,n,peak_heap_bytes,
control_flow,n,bytes_allocated,
control_flow,n,bytes_freed,
control_flow,exec_ms,n,0.9695575109963972
control_flow,exec_ms,opcodes,0.969557503672133
control_flow,exec_ms,gc_count,
control_flow,exec_ms,gc_ms,
control_flow,exec_ms,peak_heap_bytes,
control_flow,exec_ms,bytes_allocated,
control_flow,exec_ms,bytes_freed,
control_flow,opcodes,n,0.9999999999999782
control_flow,opcodes,exec_ms,0.969557503672133
control_flow,opcodes,gc_count,
control_flow,opcodes,gc_ms,
control_flow,opcodes,peak_heap_bytes,
control_flow,opcodes,bytes_allocated,
control_flow,opcodes,bytes_freed,
control_flow,gc_count,n,
control_flow,gc_count,exec_ms,
control_flow,gc_count,opcodes,
control_flow,gc_count,gc_ms,
control_flow,gc_count,peak_heap_bytes,
control_flow,gc_count,bytes_allocated,
control_flow,gc_count,bytes_freed,
control_flow,gc_ms,n,
control_flow,gc_ms,exec_ms,
control_flow,gc_ms,opcodes,
control_flow,gc_ms,gc_count,
control_flow,gc_ms,peak_heap_bytes,
control_flow,gc_ms,bytes_allocated,
control_flow,gc_ms,bytes_freed,
control_flow,peak_heap_bytes,n,
control_flow,peak_heap_bytes,exec_ms,
control_flow,peak_heap_bytes,opcodes,
control_flow,peak_heap_bytes,gc_count,
control_flow,peak_heap_bytes,gc_ms,
control_flow,peak_heap_bytes,bytes_allocated,
control_flow,peak_heap_bytes,bytes_freed,
control_flow,bytes_allocated,n,
control_flow,bytes_allocated,exec_ms,
control_flow,bytes_allocated,opcodes,
control_flow,bytes_allocated,gc_count,
control_flow,bytes_allocated,gc_ms,
control_flow,bytes_allocated,peak_heap_bytes,
control_flow,bytes_allocated,bytes_freed,
control_flow,bytes_freed,n,
control_flow,bytes_freed,exec_ms,
control_flow,bytes_freed,opcodes,
control_flow,bytes_freed,gc_count,
control_flow,bytes_freed,gc_ms,
control_flow,bytes_freed,peak_heap_bytes,
control_flow,bytes_freed,bytes_allocated,
gc_stress,n,exec_ms,0.9858481934300274
gc_stress,n,opcodes,1.0000000000000002
gc_stress,n,gc_count,0.9045263708965928
gc_stress,n,gc_ms,0.9729201532259606
gc_stress,n,peak_heap_bytes,0.9977400313589166
gc_stress,n,bytes_allocated,1.0000000000000007
gc_stress,n,bytes_freed,0.9942338504044473
gc_stress,exec_ms,n,0.9858481934300274
gc_stress,exec_ms,opcodes,0.9858481934300266
gc_stress,exec_ms,gc_count,0.9083551424468621
gc_stress,exec_ms,gc_ms,0.9859190409944991
gc_stress,exec_ms,peak_heap_bytes,0.9846755638159705
gc_stress,exec_ms,bytes_allocated,0.9858481934300266
gc_stress,exec_ms,bytes_freed,0.9766885147028682
gc_stress,opcodes,n,1.0000000000000002
gc_stress,opcodes,exec_ms,0.9858481934300266
gc_stress,opcodes,gc_count,0.9045263708965919
gc_stress,opcodes,gc_ms,0.9729201532259607
gc_stress,opcodes,peak_heap_bytes,0.9977400313589175
gc_stress,opcodes,bytes_allocated,0.999999999999999
gc_stress,opcodes,bytes_freed,0.9942338504044471
gc_stress,gc_count,n,0.9045263708965928
gc_stress,gc_count,exec_ms,0.9083551424468621
gc_stress,gc_count,opcodes,0.9045263708965919
gc_stress,gc_count,gc_ms,0.8763781299914968
gc_stress,gc_count,peak_heap_bytes,0.8951133671928146
gc_stress,gc_count,bytes_allocated,0.9045263708965929
gc_stress,gc_count,bytes_freed,0.882148069310509
gc_stress,gc_ms,n,0.9729201532259606
gc_stress,gc_ms,exec_ms,0.9859190409944991
gc_stress,gc_ms,opcodes,0.9729201532259607
gc_stress,gc_ms,gc_count,0.8763781299914968
gc_stress,gc_ms,peak_heap_bytes,0.9747176696350016
gc_stress,gc_ms,bytes_allocated,0.9729201532259608
gc_stress,gc_ms,bytes_freed,0.9738196389142042
gc_stress,peak_heap_bytes,n,0.9977400313589166
gc_stress,peak_heap_bytes,exec_ms,0.9846755638159705
gc_stress,peak_heap_bytes,opcodes,0.9977400313589175
gc_stress,peak_heap_bytes,gc_count,0.8951133671928146
gc_stress,peak_heap_bytes,gc_ms,0.9747176696350016
gc_stress,peak_heap_bytes,bytes_allocated,0.9977400313589171
gc_stress,peak_heap_bytes,bytes_freed,0.9959468643822098
gc_stress,bytes_allocated,n,1.0000000000000007
gc_stress,bytes_allocated,exec_ms,0.9858481934300266
gc_stress,bytes_allocated,opcodes,0.999999999999999
gc_stress,bytes_allocated,gc_count,0.9045263708965929
gc_stress,bytes_allocated,gc_ms,0.9729201532259608
gc_stress,bytes_allocated,peak_heap_bytes,0.9977400313589171
gc_stress,bytes_allocated,bytes_freed,0.9942338504044467
gc_stress,bytes_freed,n,0.9942338504044473
gc_stress,bytes_freed,exec_ms,0.9766885147028682
gc_stress,bytes_freed,opcodes,0.9942338504044471
gc_stress,bytes_freed,gc_count,0.882148069310509
gc_stress,bytes_freed,gc_ms,0.9738196389142042
gc_stress,bytes_freed,peak_heap_bytes,0.9959468643822098
gc_stress,bytes_freed,bytes_allocated,0.9942338504044467
globals,n,exec_ms,0.9568738710407483
globals,n,opcodes,1.0000000000000007
globals,n,gc_count,
globals,n,gc_ms,
globals,n,peak_heap_bytes,
globals,n,bytes_allocated,
globals,n,bytes_freed,
globals,exec_ms,n,0.9568738710407483
globals,exec_ms,opcodes,0.9568738710407483
globals,exec_ms,gc_count,
globals,exec_ms,gc_ms,
globals,exec_ms,peak_heap_bytes,
globals,exec_ms,bytes_allocated,
globals,exec_ms,bytes_freed,
globals,opcodes,n,1.0000000000000007
globals,opcodes,exec_ms,0.9568738710407483
globals,opcodes,gc_count,
globals,opcodes,gc_ms,
globals,opcodes,peak_heap_bytes,
globals,opcodes,bytes_allocated,
globals,opcodes,bytes_freed,
globals,gc_count,n,
globals,gc_count,exec_ms,
globals,gc_count,opcodes,
globals,gc_count,gc_ms,
globals,gc_count,peak_heap_bytes,
globals,gc_count,bytes_allocated,
globals,gc_count,bytes_freed,
globals,gc_ms,n,
globals,gc_ms,exec_ms,
globals,gc_ms,opcodes,
globals,gc_ms,gc_count,
globals,gc_ms,peak_heap_bytes,
globals,gc_ms,bytes_allocated,
globals,gc_ms,bytes_freed,
globals,peak_heap_bytes,n,
globals,peak_heap_bytes,exec_ms,
globals,peak_heap_bytes,opcodes,
globals,peak_heap_bytes,gc_count,
globals,peak_heap_bytes,gc_ms,
globals,peak_heap_bytes,bytes_allocated,
globals,peak_heap_bytes,bytes_freed,
globals,bytes_allocated,n,
globals,bytes_allocated,exec_ms,
globals,bytes_allocated,opcodes,
globals,bytes_allocated,gc_count,
globals,bytes_allocated,gc_ms,
globals,bytes_allocated,peak_heap_bytes,
globals,bytes_allocated,bytes_freed,
globals,bytes_freed,n,
globals,bytes_freed,exec_ms,
globals,bytes_freed,opcodes,
globals,bytes_freed,gc_count,
globals,bytes_freed,gc_ms,
globals,bytes_freed,peak_heap_bytes,
globals,bytes_freed,bytes_allocated,
integrated,n,exec_ms,0.9730667934283002
integrated,n,opcodes,0.9999999999998962
integrated,n,gc_count,0.9999528187165633
integrated,n,gc_ms,0.9008753610253115
integrated,n,peak_heap_bytes,
integrated,n,bytes_allocated,0.9999999851411063
integrated,n,bytes_freed,0.9999999853621891
integrated,exec_ms,n,0.9730667934283002
integrated,exec_ms,opcodes,0.9730667883710503
integrated,exec_ms,gc_count,0.9726874082487816
integrated,exec_ms,gc_ms,0.9325262039465646
integrated,exec_ms,peak_heap_bytes,
integrated,exec_ms,bytes_allocated,0.9730730398702814
integrated,exec_ms,bytes_freed,0.973072491609867
integrated,opcodes,n,0.9999999999998962
integrated,opcodes,exec_ms,0.9730667883710503
integrated,opcodes,gc_count,0.9999528190954565
integrated,opcodes,gc_ms,0.900875352678553
integrated,opcodes,peak_heap_bytes,
integrated,opcodes,bytes_allocated,0.9999999851349262
integrated,opcodes,bytes_freed,0.9999999853574708
integrated,gc_count,n,0.9999528187165633
integrated,gc_count,exec_ms,0.9726874082487816
integrated,gc_count,opcodes,0.9999528190954565
integrated,gc_count,gc_ms,0.9007493181896641
integrated,gc_count,peak_heap_bytes,
integrated,gc_count,bytes_allocated,0.999951209105846
integrated,gc_count,bytes_freed,0.9999512496881823
integrated,gc_ms,n,0.9008753610253115
integrated,gc_ms,exec_ms,0.9325262039465646
integrated,gc_ms,opcodes,0.900875352678553
integrated,gc_ms,gc_count,0.9007493181896641
integrated,gc_ms,peak_heap_bytes,
integrated,gc_ms,bytes_allocated,0.9008780582755855
integrated,gc_ms,bytes_freed,0.9008773017596348
integrated,peak_heap_bytes,n,
integrated,peak_heap_bytes,exec_ms,
integrated,peak_heap_bytes,opcodes,
integrated,peak_heap_bytes,gc_count,
integrated,peak_heap_bytes,gc_ms,
integrated,peak_heap_bytes,bytes_allocated,
integrated,peak_heap_bytes,bytes_freed,
integrated,bytes_allocated,n,0.9999999851411063
integrated,bytes_allocated,exec_ms,0.9730730398702814
integrated,bytes_allocated,opcodes,0.9999999851349262
integrated,bytes_allocated,gc_count,0.999951209105846
integrated,bytes_allocated,gc_ms,0.9008780582755855
integrated,bytes_allocated,peak_heap_bytes,
integrated,bytes_allocated,bytes_freed,0.999999999225938
integrated,bytes_freed,n,0.9999999853621891
integrated,bytes_freed,exec_ms,0.973072491609867
integrated,bytes_freed,opcodes,0.9999999853574708
integrated,bytes_freed,gc_count,0.9999512496881823
integrated,bytes_freed,gc_ms,0.9008773017596348
integrated,bytes_freed,peak_heap_bytes,
integrated,bytes_freed,bytes_allocated,0.999999999225938
locals,n,exec_ms,0.9412559783079559
locals,n,opcodes,1.0000000000000002
locals,n,gc_count,
locals,n,gc_ms,
locals,n,peak_heap_bytes,
locals,n,bytes_allocated,
locals,n,bytes_freed,
locals,exec_ms,n,0.9412559783079559
locals,exec_ms,opcodes,0.9412559783079557
locals,exec_ms,gc_count,
locals,exec_ms,gc_ms,
locals,exec_ms,peak_heap_bytes,
locals,exec_ms,bytes_allocated,
locals,exec_ms,bytes_freed,
locals,opcodes,n,1.0000000000000002
locals,opcodes,exec_ms,0.9412559783079557
locals,opcodes,gc_count,
locals,opcodes,gc_ms,
locals,opcodes,peak_heap_bytes,
locals,opcodes,bytes_allocated,
locals,opcodes,bytes_freed,
locals,gc_count,n,
locals,gc_count,exec_ms,
locals,gc_count,opcodes,
locals,gc_count,gc_ms,
locals,gc_count,peak_heap_bytes,
locals,gc_count,bytes_allocated,
locals,gc_count,bytes_freed,
locals,gc_ms,n,
locals,gc_ms,exec_ms,
locals,gc_ms,opcodes,
locals,gc_ms,gc_count,
locals,gc_ms,peak_heap_bytes,
locals,gc_ms,bytes_allocated,
locals,gc_ms,bytes_freed,
locals,peak_heap_bytes,n,
locals,peak_heap_bytes,exec_ms,
locals,peak_heap_bytes,opcodes,
locals,peak_heap_bytes,gc_count,
locals,peak_heap_bytes,gc_ms,
locals,peak_heap_bytes,bytes_allocated,
locals,peak_heap_bytes,bytes_freed,
locals,bytes_allocated,n,
locals,bytes_allocated,exec_ms,
locals,bytes_allocated,opcodes,
locals,bytes_allocated,gc_count,
locals,bytes_allocated,gc_ms,
locals,bytes_allocated,peak_heap_bytes,
locals,bytes_allocated,bytes_freed,
locals,bytes_freed,n,
locals,bytes_freed,exec_ms,
locals,bytes_freed,opcodes,
locals,bytes_freed,gc_count,
locals,bytes_freed,gc_ms,
locals,bytes_freed,peak_heap_bytes,
locals,bytes_freed,bytes_allocated,
methods,n,exec_ms,0.9887567366528383
methods,n,opcodes,0.9999999999999996
methods,n,gc_count,
methods,n,gc_ms,
methods,n,peak_heap_bytes,
methods,n,bytes_allocated,
methods,n,bytes_freed,
methods,exec_ms,n,0.9887567366528383
methods,exec_ms,opcodes,0.9887567366528383
methods,exec_ms,gc_count,
methods,exec_ms,gc_ms,
methods,exec_ms,peak_heap_bytes,
methods,exec_ms,bytes_allocated,
methods,exec_ms,bytes_freed,
methods,opcodes,n,0.9999999999999996
methods,opcodes,exec_ms,0.9887567366528383
methods,opcodes,gc_count,
methods,opcodes,gc_ms,
methods,opcodes,peak_heap_bytes,
methods,opcodes,bytes_allocated,
methods,opcodes,bytes_freed,
methods,gc_count,n,
methods,gc_count,exec_ms,
methods,gc_count,opcodes,
methods,gc_count,gc_ms,
methods,gc_count,peak_heap_bytes,
methods,gc_count,bytes_allocated,
methods,gc_count,bytes_freed,
methods,gc_ms,n,
methods,gc_ms,exec_ms,
methods,gc_ms,opcodes,
methods,gc_ms,gc_count,
methods,gc_ms,peak_heap_bytes,
methods,gc_ms,bytes_allocated,
methods,gc_ms,bytes_freed,
methods,peak_heap_bytes,n,
methods,peak_heap_bytes,exec_ms,
methods,peak_heap_bytes,opcodes,
methods,peak_heap_bytes,gc_count,
methods,peak_heap_bytes,gc_ms,
methods,peak_heap_bytes,bytes_allocated,
methods,peak_heap_bytes,bytes_freed,
methods,bytes_allocated,n,
methods,bytes_allocated,exec_ms,
methods,bytes_allocated,opcodes,
methods,bytes_allocated,gc_count,
methods,bytes_allocated,gc_ms,
methods,bytes_allocated,peak_heap_bytes,
methods,bytes_allocated,bytes_freed,
methods,bytes_freed,n,
methods,bytes_freed,exec_ms,
methods,bytes_freed,opcodes,
methods,bytes_freed,gc_count,
methods,bytes_freed,gc_ms,
methods,bytes_freed,peak_heap_bytes,
methods,bytes_freed,bytes_allocated,
properties,n,exec_ms,0.9872045749626596
properties,n,opcodes,1.0000000000000004
properties,n,gc_count,
properties,n,gc_ms,
properties,n,peak_heap_bytes,
properties,n,bytes_allocated,
properties,n,bytes_freed,
properties,exec_ms,n,0.9872045749626596
properties,exec_ms,opcodes,0.9872045749626601
properties,exec_ms,gc_count,
properties,exec_ms,gc_ms,
properties,exec_ms,peak_heap_bytes,
properties,exec_ms,bytes_allocated,
properties,exec_ms,bytes_freed,
properties,opcodes,n,1.0000000000000004
properties,opcodes,exec_ms,0.9872045749626601
properties,opcodes,gc_count,
properties,opcodes,gc_ms,
properties,opcodes,peak_heap_bytes,
properties,opcodes,bytes_allocated,
properties,opcodes,bytes_freed,
properties,gc_count,n,
properties,gc_count,exec_ms,
properties,gc_count,opcodes,
properties,gc_count,gc_ms,
properties,gc_count,peak_heap_bytes,
properties,gc_count,bytes_allocated,
properties,gc_count,bytes_freed,
properties,gc_ms,n,
properties,gc_ms,exec_ms,
properties,gc_ms,opcodes,
properties,gc_ms,gc_count,
properties,gc_ms,peak_heap_bytes,
properties,gc_ms,bytes_allocated,
properties,gc_ms,bytes_freed,
properties,peak_heap_bytes,n,
properties,peak_heap_bytes,exec_ms,
properties,peak_heap_bytes,opcodes,
properties,peak_heap_bytes,gc_count,
properties,peak_heap_bytes,gc_ms,
properties,peak_heap_bytes,bytes_allocated,
properties,peak_heap_bytes,bytes_freed,
properties,bytes_allocated,n,
properties,bytes_allocated,exec_ms,
properties,bytes_allocated,opcodes,
properties,bytes_allocated,gc_count,
properties,bytes_allocated,gc_ms,
properties,bytes_allocated,peak_heap_bytes,
properties,bytes_allocated,bytes_freed,
properties,bytes_freed,n,
properties,bytes_freed,exec_ms,
properties,bytes_freed,opcodes,
properties,bytes_freed,gc_count,
properties,bytes_freed,gc_ms,
properties,bytes_freed,peak_heap_bytes,
properties,bytes_freed,bytes_allocated,
recursion,n,exec_ms,0.7368330874745992
recursion,n,opcodes,0.7086378424952746
recursion,n,gc_count,
recursion,n,gc_ms,
recursion,n,peak_heap_bytes,
recursion,n,bytes_allocated,
recursion,n,bytes_freed,
recursion,exec_ms,n,0.7368330874745992
recursion,exec_ms,opcodes,0.9930478370817357
recursion,exec_ms,gc_count,
recursion,exec_ms,gc_ms,
recursion,exec_ms,peak_heap_bytes,
recursion,exec_ms,bytes_allocated,
recursion,exec_ms,bytes_freed,
recursion,opcodes,n,0.7086378424952746
recursion,opcodes,exec_ms,0.9930478370817357
recursion,opcodes,gc_count,
recursion,opcodes,gc_ms,
recursion,opcodes,peak_heap_bytes,
recursion,opcodes,bytes_allocated,
recursion,opcodes,bytes_freed,
recursion,gc_count,n,
recursion,gc_count,exec_ms,
recursion,gc_count,opcodes,
recursion,gc_count,gc_ms,
recursion,gc_count,peak_heap_bytes,
recursion,gc_count,bytes_allocated,
recursion,gc_count,bytes_freed,
recursion,gc_ms,n,
recursion,gc_ms,exec_ms,
recursion,gc_ms,opcodes,
recursion,gc_ms,gc_count,
recursion,gc_ms,peak_heap_bytes,
recursion,gc_ms,bytes_allocated,
recursion,gc_ms,bytes_freed,
recursion,peak_heap_bytes,n,
recursion,peak_heap_bytes,exec_ms,
recursion,peak_heap_bytes,opcodes,
recursion,peak_heap_bytes,gc_count,
recursion,peak_heap_bytes,gc_ms,
recursion,peak_heap_bytes,bytes_allocated,
recursion,peak_heap_bytes,bytes_freed,
recursion,bytes_allocated,n,
recursion,bytes_allocated,exec_ms,
recursion,bytes_allocated,opcodes,
recursion,bytes_allocated,gc_count,
recursion,bytes_allocated,gc_ms,
recursion,bytes_allocated,peak_heap_bytes,
recursion,bytes_allocated,bytes_freed,
recursion,bytes_freed,n,
recursion,bytes_freed,exec_ms,
recursion,bytes_freed,opcodes,
recursion,bytes_freed,gc_count,
recursion,bytes_freed,gc_ms,
recursion,bytes_freed,peak_heap_bytes,
recursion,bytes_freed,bytes_allocated,
string_concat,n,exec_ms,0.9556813335498354
string_concat,n,opcodes,1.0000000000000004
string_concat,n,gc_count,0.9934565370657145
string_concat,n,gc_ms,0.8333302240136938
string_concat,n,peak_heap_bytes,
string_concat,n,bytes_allocated,0.971914451841166
string_concat,n,bytes_freed,0.9718891864999689
string_concat,exec_ms,n,0.9556813335498354
string_concat,exec_ms,opcodes,0.9556813335498348
string_concat,exec_ms,gc_count,0.9752098576289725
string_concat,exec_ms,gc_ms,0.8571499333337204
string_concat,exec_ms,peak_heap_bytes,
string_concat,exec_ms,bytes_allocated,0.9826001729961609
string_concat,exec_ms,bytes_freed,0.9826007078825044
string_concat,opcodes,n,1.0000000000000004
string_concat,opcodes,exec_ms,0.9556813335498348
string_concat,opcodes,gc_count,0.9934565370657145
string_concat,opcodes,gc_ms,0.833330224013695
string_concat,opcodes,peak_heap_bytes,
string_concat,opcodes,bytes_allocated,0.9719144518411668
string_concat,opcodes,bytes_freed,0.9718891864999696
string_concat,gc_count,n,0.9934565370657145
string_concat,gc_count,exec_ms,0.9752098576289725
string_concat,gc_count,opcodes,0.9934565370657145
string_concat,gc_count,gc_ms,0.8295106473310949
string_concat,gc_count,peak_heap_bytes,
string_concat,gc_count,bytes_allocated,0.9921757824734125
string_concat,gc_count,bytes_freed,0.9921615950226785
string_concat,gc_ms,n,0.8333302240136938
string_concat,gc_ms,exec_ms,0.8571499333337204
string_concat,gc_ms,opcodes,0.833330224013695
string_concat,gc_ms,gc_count,0.8295106473310949
string_concat,gc_ms,peak_heap_bytes,
string_concat,gc_ms,bytes_allocated,0.8126958766926181
string_concat,gc_ms,bytes_freed,0.8126746932624765
string_concat,peak_heap_bytes,n,
string_concat,peak_heap_bytes,exec_ms,
string_concat,peak_heap_bytes,opcodes,
string_concat,peak_heap_bytes,gc_count,
string_concat,peak_heap_bytes,gc_ms,
string_concat,peak_heap_bytes,bytes_allocated,
string_concat,peak_heap_bytes,bytes_freed,
string_concat,bytes_allocated,n,0.971914451841166
string_concat,bytes_allocated,exec_ms,0.9826001729961609
string_concat,bytes_allocated,opcodes,0.9719144518411668
string_concat,bytes_allocated,gc_count,0.9921757824734125
string_concat,bytes_allocated,gc_ms,0.8126958766926181
string_concat,bytes_allocated,peak_heap_bytes,
string_concat,bytes_allocated,bytes_freed,0.9999999873764185
string_concat,bytes_freed,n,0.9718891864999689
string_concat,bytes_freed,exec_ms,0.9826007078825044
string_concat,bytes_freed,opcodes,0.9718891864999696
string_concat,bytes_freed,gc_count,0.9921615950226785
string_concat,bytes_freed,gc_ms,0.8126746932624765
string_concat,bytes_freed,peak_heap_bytes,
string_concat,bytes_freed,bytes_allocated,0.9999999873764185
