benchmark,n,mean_gc_count,median_gc_count,std_gc_count,mean_gc_ms,median_gc_ms,std_gc_ms,mean_peak_heap,median_peak_heap,mean_allocated,mean_freed,mean_exec_ms,gc_time_fraction
arithmetic,40000,0.0,0.0,0.0,0.0,0.0,0.0,1145.0,1145.0,1145.0,0.0,16.7,0.0
arithmetic,49100,0.0,0.0,0.0,0.0,0.0,0.0,1145.0,1145.0,1145.0,0.0,21.65,0.0
arithmetic,60400,0.0,0.0,0.0,0.0,0.0,0.0,1145.0,1145.0,1145.0,0.0,26.45,0.0
arithmetic,74200,0.0,0.0,0.0,0.0,0.0,0.0,1145.0,1145.0,1145.0,0.0,32.4,0.0
arithmetic,91100,0.0,0.0,0.0,0.0,0.0,0.0,1145.0,1145.0,1145.0,0.0,40.3,0.0
arithmetic,112000,0.0,0.0,0.0,0.0,0.0,0.0,1145.0,1145.0,1145.0,0.0,50.5,0.0
arithmetic,138000,0.0,0.0,0.0,0.0,0.0,0.0,1145.0,1145.0,1145.0,0.0,71.225,0.0
arithmetic,169000,0.0,0.0,0.0,0.0,0.0,0.0,1145.0,1145.0,1145.0,0.0,71.975,0.0
arithmetic,208000,0.0,0.0,0.0,0.0,0.0,0.0,1145.0,1145.0,1145.0,0.0,92.55,0.0
arithmetic,255000,0.0,0.0,0.0,0.0,0.0,0.0,1145.0,1145.0,1145.0,0.0,103.8,0.0
arithmetic,314000,0.0,0.0,0.0,0.0,0.0,0.0,1145.0,1145.0,1145.0,0.0,124.425,0.0
arithmetic,385000,0.0,0.0,0.0,0.0,0.0,0.0,1145.0,1145.0,1145.0,0.0,151.025,0.0
arithmetic,473000,0.0,0.0,0.0,0.0,0.0,0.0,1145.0,1145.0,1145.0,0.0,186.175,0.0
arithmetic,581000,0.0,0.0,0.0,0.0,0.0,0.0,1145.0,1145.0,1145.0,0.0,218.525,0.0
arithmetic,714000,0.0,0.0,0.0,0.0,0.0,0.0,1145.0,1145.0,1145.0,0.0,266.1,0.0
arithmetic,878000,0.0,0.0,0.0,0.0,0.0,0.0,1145.0,1145.0,1145.0,0.0,324.8,0.0
arithmetic,1080000,0.0,0.0,0.0,0.0,0.0,0.0,1145.0,1145.0,1145.0,0.0,391.95,0.0
arithmetic,1320000,0.0,0.0,0.0,0.0,0.0,0.0,1145.0,1145.0,1145.0,0.0,492.925,0.0
arithmetic,1630000,0.0,0.0,0.0,0.0,0.0,0.0,1145.0,1145.0,1145.0,0.0,619.6,0.0
arithmetic,2000000,0.0,0.0,0.0,0.0,0.0,0.0,1145.0,1145.0,1145.0,0.0,776.825,0.0
classes,12000,486.0,486.0,0.0,2.675,2.0,3.3846372376916896,1048657.0,1048657.0,2210221.0,2206656.0,13.175,0.20303605313092976
classes,14700,694.0,694.0,0.0,3.925,3.0,3.9896500714107357,1048657.0,1048657.0,2707021.0,2704192.0,15.275,0.2569558101472995
classes,18100,955.0,955.0,0.0,4.275,3.0,4.420160688574625,1048657.0,1048657.0,3332621.0,3328320.0,18.325,0.23328785811732608
classes,22300,1278.0,1278.0,0.0,6.3,5.5,5.350293545745039,1048657.0,1048657.0,4105421.0,4101120.0,25.125,0.2507462686567164
classes,27300,1663.0,1663.0,0.0,8.35,7.0,5.544921446346543,1048657.0,1048657.0,5025421.0,5021856.0,31.375,0.26613545816733064
classes,33600,2148.0,2148.0,0.0,8.75,7.0,5.732274797929209,1048657.0,1048657.0,6184621.0,6182160.0,36.275,0.24121295658166783
classes,41300,2740.0,2740.0,0.0,9.1,8.0,4.168256107097904,1048657.0,1048657.0,7601421.0,7598224.0,41.85,0.2174432497013142
classes,50700,3463.0,3463.0,0.0,12.55,10.0,8.348038307874706,1048657.0,1048657.0,9331021.0,9327456.0,48.3,0.25983436853002073
classes,62300,4355.0,4355.0,0.0,11.875,10.0,8.029393118172372,1048657.0,1048657.0,11465421.0,11461120.0,59.05,0.20110076206604574
classes,76600,5455.0,5455.0,0.0,14.15,14.0,6.391300176702543,1048657.0,1048657.0,14096621.0,14092320.0,71.675,0.19741890477851415
classes,94100,6801.0,6801.0,0.0,17.475,16.5,9.795308924330918,1048657.0,1048657.0,17316621.0,17311952.0,88.5,0.1974576271186441
classes,116000,8486.0,8486.0,0.0,28.0,26.0,9.692714684169651,1048657.0,1048657.0,21346221.0,21342656.0,111.325,0.25151583202335503
classes,142000,10486.0,10486.0,0.0,24.65,24.0,9.85679513109663,1048657.0,1048657.0,26130221.0,26126656.0,126.2,0.19532488114104593
classes,174000,12948.0,12948.0,0.0,33.2,30.5,13.441611624984672,1048657.0,1048657.0,32018221.0,32015760.0,161.525,0.20554093793530415
classes,214000,16025.0,16025.0,0.0,43.25,42.0,20.882761876479453,1048657.0,1048657.0,39378221.0,39375760.0,190.275,0.22730258835895414
classes,263000,19794.0,19794.0,0.0,50.925,53.0,12.593012918240587,1048657.0,1048657.0,48394221.0,48391392.0,228.975,0.22240419259744512
classes,324000,24486.0,24486.0,0.0,54.6,52.5,21.902815648526406,1048657.0,1048657.0,59618221.0,59614656.0,276.0,0.19782608695652174
classes,397000,30101.0,30101.0,0.0,77.1,81.0,20.804092299599525,1048657.0,1048657.0,73050221.0,73045552.0,332.375,0.23196690485144789
classes,488000,37101.0,37101.0,0.0,94.5,90.5,30.068298324024997,1048657.0,1048657.0,89794221.0,89789552.0,406.675,0.23237228745312596
classes,600000,45717.0,45717.0,0.0,119.425,120.0,29.643079790858092,1048657.0,1048657.0,110402221.0,110399024.0,535.85,0.22287020621442566
closures,14000,0.0,0.0,0.0,0.0,0.0,0.0,842577.0,842577.0,842705.0,128.0,15.15,0.0
closures,17200,0.0,0.0,0.0,0.0,0.0,0.0,1034577.0,1034577.0,1034705.0,128.0,14.725,0.0
closures,21100,84.0,84.0,0.0,4.875,4.0,3.810831391892837,1048585.0,1048585.0,1268705.0,1265168.0,26.025,0.1873198847262248
closures,26000,195.0,195.0,0.0,5.625,4.0,6.188026071912324,1048585.0,1048585.0,1562705.0,1558208.0,27.75,0.20270270270270271
closures,31900,329.0,329.0,0.0,7.125,6.5,4.614289399969043,1048585.0,1048585.0,1916705.0,1911968.0,38.175,0.18664047151277016
closures,39200,495.0,495.0,0.0,8.0,7.0,5.223222308312301,1048585.0,1048585.0,2354705.0,2350208.0,43.35,0.1845444059976932
closures,48200,700.0,700.0,0.0,8.5,7.5,5.0990195135927845,1048585.0,1048585.0,2894705.0,2891408.0,52.975,0.16045304388862672
closures,59200,950.0,950.0,0.0,12.225,11.5,6.669822970779544,1048585.0,1048585.0,3554705.0,3551408.0,73.75,0.16576271186440678
closures,72700,1257.0,1257.0,0.0,12.65,12.0,4.817436279567412,1048585.0,1048585.0,4364705.0,4361888.0,89.7,0.14102564102564102
closures,89300,1634.0,1634.0,0.0,17.475,16.0,9.206985920679456,1048585.0,1048585.0,5360705.0,5357168.0,100.475,0.17392386165712867
closures,110000,2104.0,2104.0,0.0,20.65,20.0,9.051278419408002,1048585.0,1048585.0,6602705.0,6597968.0,117.7,0.17544604927782495
closures,135000,2672.0,2672.0,0.0,23.325,22.5,11.748185893782571,1048585.0,1048585.0,8102705.0,8097488.0,144.375,0.16155844155844154
closures,166000,3377.0,3377.0,0.0,27.775,27.0,10.761964123470761,1048585.0,1048585.0,9962705.0,9958688.0,175.65,0.15812695701679474
closures,204000,4241.0,4241.0,0.0,34.275,28.5,14.966608131916832,1048585.0,1048585.0,12242705.0,12239648.0,211.3,0.162210127780407
closures,250000,5286.0,5286.0,0.0,39.1,36.0,15.428578211910054,1048585.0,1048585.0,15002705.0,14998448.0,246.875,0.15837974683544304
closures,307000,6582.0,6582.0,0.0,48.225,49.0,14.217157384743413,1048585.0,1048585.0,18422705.0,18419888.0,302.25,0.15955334987593053
closures,377000,8172.0,8172.0,0.0,55.85,54.0,18.115795629285824,1048585.0,1048585.0,22622705.0,22617488.0,354.425,0.1575791775410877
closures,464000,10150.0,10150.0,0.0,69.275,71.0,27.390797163112452,1048585.0,1048585.0,27842705.0,27839408.0,424.9,0.1630383619675218
closures,570000,12559.0,12559.0,0.0,97.925,97.0,23.238327646258707,1048585.0,1048585.0,34202705.0,34199168.0,613.425,0.1596364673757998
closures,700000,15513.0,15513.0,0.0,120.75,120.5,34.40017143666285,1048585.0,1048585.0,42002705.0,41997728.0,756.45,0.15962720602815783
control_flow,20000,0.0,0.0,0.0,0.0,0.0,0.0,2169.0,2169.0,2169.0,0.0,22.175,0.0
control_flow,24600,0.0,0.0,0.0,0.0,0.0,0.0,2169.0,2169.0,2169.0,0.0,28.925,0.0
control_flow,30200,0.0,0.0,0.0,0.0,0.0,0.0,2169.0,2169.0,2169.0,0.0,35.6,0.0
control_flow,37100,0.0,0.0,0.0,0.0,0.0,0.0,2169.0,2169.0,2169.0,0.0,44.475,0.0
control_flow,45600,0.0,0.0,0.0,0.0,0.0,0.0,2169.0,2169.0,2169.0,0.0,55.6,0.0
control_flow,56000,0.0,0.0,0.0,0.0,0.0,0.0,2169.0,2169.0,2169.0,0.0,69.95,0.0
control_flow,68800,0.0,0.0,0.0,0.0,0.0,0.0,2169.0,2169.0,2169.0,0.0,78.825,0.0
control_flow,84500,0.0,0.0,0.0,0.0,0.0,0.0,2169.0,2169.0,2169.0,0.0,92.5,0.0
control_flow,104000,0.0,0.0,0.0,0.0,0.0,0.0,2169.0,2169.0,2169.0,0.0,104.75,0.0
control_flow,128000,0.0,0.0,0.0,0.0,0.0,0.0,2169.0,2169.0,2169.0,0.0,131.875,0.0
control_flow,157000,0.0,0.0,0.0,0.0,0.0,0.0,2169.0,2169.0,2169.0,0.0,153.025,0.0
control_flow,193000,0.0,0.0,0.0,0.0,0.0,0.0,2169.0,2169.0,2169.0,0.0,215.2,0.0
control_flow,237000,0.0,0.0,0.0,0.0,0.0,0.0,2169.0,2169.0,2169.0,0.0,240.0,0.0
control_flow,291000,0.0,0.0,0.0,0.0,0.0,0.0,2169.0,2169.0,2169.0,0.0,276.0,0.0
control_flow,357000,0.0,0.0,0.0,0.0,0.0,0.0,2169.0,2169.0,2169.0,0.0,311.825,0.0
control_flow,439000,0.0,0.0,0.0,0.0,0.0,0.0,2169.0,2169.0,2169.0,0.0,490.825,0.0
control_flow,539000,0.0,0.0,0.0,0.0,0.0,0.0,2169.0,2169.0,2169.0,0.0,449.425,0.0
control_flow,662000,0.0,0.0,0.0,0.0,0.0,0.0,2169.0,2169.0,2169.0,0.0,616.475,0.0
control_flow,814000,0.0,0.0,0.0,0.0,0.0,0.0,2169.0,2169.0,2169.0,0.0,866.55,0.0
control_flow,1000000,0.0,0.0,0.0,0.0,0.0,0.0,2169.0,2169.0,2169.0,0.0,865.8,0.0
gc_stress,6000,4.0,4.0,0.0,6.8,7.0,4.170715981084278,1248563.0,1248563.0,2810251.0,1659968.0,25.675,0.26484907497565724
gc_stress,7370,5.0,5.0,0.0,10.675,10.5,5.3941444986016895,1664771.0,1664771.0,3451411.0,2215016.0,36.975,0.2887085868830291
gc_stress,9060,5.0,5.0,0.0,10.375,11.0,4.865827992364922,2027315.0,2027315.0,4242331.0,2215016.0,40.675,0.2550706822372465
gc_stress,11100,6.0,6.0,0.0,14.55,14.0,6.8123191577973135,2242283.0,2242283.0,5197051.0,2954768.0,50.475,0.2882615156017831
gc_stress,13700,7.0,7.0,0.0,19.55,20.0,5.425249610233001,2959571.0,2959571.0,6413851.0,3941312.0,63.525,0.3077528532073987
gc_stress,16800,7.0,7.0,0.0,19.5,18.0,7.4764587805615506,3923339.0,3923339.0,7864651.0,3941312.0,73.85,0.26404874746106977
gc_stress,20600,8.0,8.0,0.0,24.15,23.5,7.617624638179878,4386347.0,4386347.0,9643051.0,5256704.0,85.525,0.2823735749780765
gc_stress,25400,9.0,9.0,0.0,31.475,31.5,9.358904987449254,5261507.0,5261507.0,11889451.0,7010456.0,106.675,0.2950550738223576
gc_stress,31200,10.0,10.0,0.0,36.875,33.0,17.440282725301827,7015571.0,7015571.0,14603851.0,9349208.0,126.925,0.29052590112271026
gc_stress,38300,10.0,10.0,0.0,39.125,39.0,16.011514286399947,8577443.0,8577443.0,17926651.0,9349208.0,143.675,0.2723159909518009
gc_stress,47000,11.0,11.0,0.0,61.825,57.5,20.226775222398555,9531227.0,9531227.0,21998251.0,12467024.0,199.1,0.3105223505775992
gc_stress,57800,12.0,12.0,0.0,61.25,63.0,14.138055572978038,12471827.0,12471827.0,27052651.0,16624424.0,208.8,0.29334291187739464
gc_stress,71000,12.0,12.0,0.0,59.95,60.5,15.298650853873289,16605827.0,16605827.0,33230251.0,16624424.0,231.325,0.2591591916135308
gc_stress,87200,13.0,13.0,0.0,82.925,84.0,17.512468085953458,18644435.0,18644435.0,40811851.0,22167416.0,282.975,0.2930470889654563
gc_stress,107000,14.0,14.0,0.0,104.625,105.0,17.22503767998558,22171907.0,22171907.0,50078251.0,29558072.0,332.8,0.3143780048076923
gc_stress,132000,15.0,15.0,0.0,168.85,165.0,28.719286827799817,29562563.0,29562563.0,61778251.0,39412280.0,491.55,0.34350523853117687
gc_stress,162000,15.0,15.0,0.0,177.475,174.0,27.759024866490922,36405971.0,36405971.0,75818251.0,39412280.0,605.075,0.2933107466016609
gc_stress,199000,16.0,16.0,0.0,196.725,190.5,29.21185876160043,40583027.0,40583027.0,93134251.0,52551224.0,632.45,0.31105225709542256
gc_stress,244000,17.0,17.0,0.0,248.45,245.5,25.20068171646075,52555715.0,52555715.0,114194251.0,70069712.0,736.775,0.33721285331342676
gc_stress,300000,18.0,18.0,0.0,335.2,326.0,40.733782363549615,70074515.0,70074515.0,140402251.0,93427904.0,937.55,0.3575275985280785
globals,14000,0.0,0.0,0.0,0.0,0.0,0.0,2104.0,2104.0,2232.0,256.0,13.45,0.0
globals,17200,0.0,0.0,0.0,0.0,0.0,0.0,2104.0,2104.0,2232.0,256.0,15.25,0.0
globals,21100,0.0,0.0,0.0,0.0,0.0,0.0,2104.0,2104.0,2232.0,256.0,18.575,0.0
globals,26000,0.0,0.0,0.0,0.0,0.0,0.0,2104.0,2104.0,2232.0,256.0,24.175,0.0
globals,31900,0.0,0.0,0.0,0.0,0.0,0.0,2104.0,2104.0,2232.0,256.0,32.1,0.0
globals,39200,0.0,0.0,0.0,0.0,0.0,0.0,2104.0,2104.0,2232.0,256.0,41.075,0.0
globals,48200,0.0,0.0,0.0,0.0,0.0,0.0,2104.0,2104.0,2232.0,256.0,52.45,0.0
globals,59200,0.0,0.0,0.0,0.0,0.0,0.0,2104.0,2104.0,2232.0,256.0,62.325,0.0
globals,72700,0.0,0.0,0.0,0.0,0.0,0.0,2104.0,2104.0,2232.0,256.0,73.5,0.0
globals,89300,0.0,0.0,0.0,0.0,0.0,0.0,2104.0,2104.0,2232.0,256.0,91.2,0.0
globals,110000,0.0,0.0,0.0,0.0,0.0,0.0,2104.0,2104.0,2232.0,256.0,155.95,0.0
globals,135000,0.0,0.0,0.0,0.0,0.0,0.0,2104.0,2104.0,2232.0,256.0,118.7,0.0
globals,166000,0.0,0.0,0.0,0.0,0.0,0.0,2104.0,2104.0,2232.0,256.0,145.725,0.0
globals,204000,0.0,0.0,0.0,0.0,0.0,0.0,2104.0,2104.0,2232.0,256.0,201.025,0.0
globals,250000,0.0,0.0,0.0,0.0,0.0,0.0,2104.0,2104.0,2232.0,256.0,276.0,0.0
globals,307000,0.0,0.0,0.0,0.0,0.0,0.0,2104.0,2104.0,2232.0,256.0,280.425,0.0
globals,377000,0.0,0.0,0.0,0.0,0.0,0.0,2104.0,2104.0,2232.0,256.0,300.825,0.0
globals,464000,0.0,0.0,0.0,0.0,0.0,0.0,2104.0,2104.0,2232.0,256.0,340.275,0.0
globals,570000,0.0,0.0,0.0,0.0,0.0,0.0,2104.0,2104.0,2232.0,256.0,403.425,0.0
globals,700000,0.0,0.0,0.0,0.0,0.0,0.0,2104.0,2104.0,2232.0,256.0,520.075,0.0
integrated,8000,246.0,246.0,0.0,5.95,5.0,5.158761528973841,1048692.0,1048692.0,2502685.0,2494815.0,43.375,0.1371757925072046
integrated,9830,342.0,342.0,0.0,5.975,5.0,5.0661647862091534,1048692.0,1048692.0,3073835.0,3063500.0,55.0,0.10863636363636363
integrated,12100,462.0,462.0,0.0,7.725,7.0,5.144015691645723,1048692.0,1048692.0,3782495.0,3774341.0,66.75,0.11573033707865168
integrated,14800,604.0,604.0,0.0,8.475,7.0,6.0806017752125445,1048692.0,1048692.0,4625128.0,4615724.0,81.95,0.10341671751067723
integrated,18200,783.0,783.0,0.0,7.175,6.0,5.9995192115061,1048692.0,1048692.0,5686406.0,5676062.0,90.8,0.07901982378854626
integrated,22400,1005.0,1005.0,0.0,10.75,9.0,6.624546428595348,1048692.0,1048692.0,6997300.0,6991320.0,110.65,0.09715318572074107
integrated,27500,1273.0,1273.0,0.0,12.825,12.5,6.721139631693269,1048692.0,1048692.0,8589062.0,8579021.0,128.475,0.09982486865148861
integrated,33800,1605.0,1605.0,0.0,14.625,12.0,9.593500738013024,1048692.0,1048692.0,10555463.0,10546040.0,151.675,0.09642327344651393
integrated,41500,2011.0,2011.0,0.0,18.925,17.5,9.632710032182144,1048692.0,1048692.0,12958987.0,12951428.0,185.725,0.10189796742495626
integrated,51000,2511.0,2511.0,0.0,21.05,20.5,11.942060982628606,1048692.0,1048692.0,15924482.0,15914030.0,220.05,0.09566007725516928
integrated,62700,3128.0,3128.0,0.0,23.45,21.0,12.241061626492604,1048692.0,1048692.0,19576720.0,19569764.0,263.5,0.0889943074003795
integrated,77000,3881.0,3881.0,0.0,28.65,29.5,11.155198856966269,1048692.0,1048692.0,24040837.0,24031269.0,303.4,0.09442979564930784
integrated,94700,4814.0,4814.0,0.0,36.75,34.0,17.885318431177435,1048692.0,1048692.0,29566528.0,29559852.0,369.625,0.09942509299966182
integrated,116000,5935.0,5935.0,0.0,45.2,46.5,20.837835410987022,1048692.0,1048692.0,36216559.0,36208785.0,426.25,0.10604105571847508
integrated,143000,7334.0,7334.0,0.0,58.6,57.0,23.427794144168555,1048692.0,1048692.0,44646928.0,44636292.0,575.225,0.10187318005997653
integrated,176000,9002.0,9002.0,0.0,80.275,82.0,26.94913299590117,1048692.0,1048692.0,54951529.0,54942699.0,738.675,0.10867431549734323
integrated,216000,11007.0,11007.0,0.0,85.875,80.5,26.093704418047093,1048692.0,1048692.0,67443509.0,67434599.0,892.3,0.09624005379356719
integrated,265000,13501.0,13501.0,0.0,97.45,100.0,37.277166999212525,1048692.0,1048692.0,82748443.0,82740683.0,1010.475,0.09643979316658008
integrated,326000,16592.0,16592.0,0.0,125.3,112.0,42.7312411984367,1048692.0,1048692.0,101804704.0,101797446.0,1351.35,0.09272209272209272
integrated,400000,20299.0,20299.0,0.0,164.225,157.5,46.55599743788008,1048692.0,1048692.0,124927225.0,124917323.0,1689.9,0.09718030652701343
locals,28000,0.0,0.0,0.0,0.0,0.0,0.0,1465.0,1465.0,1465.0,0.0,19.9,0.0
locals,34400,0.0,0.0,0.0,0.0,0.0,0.0,1465.0,1465.0,1465.0,0.0,22.525,0.0
locals,42300,0.0,0.0,0.0,0.0,0.0,0.0,1465.0,1465.0,1465.0,0.0,27.025,0.0
locals,51900,0.0,0.0,0.0,0.0,0.0,0.0,1465.0,1465.0,1465.0,0.0,36.5,0.0
locals,63800,0.0,0.0,0.0,0.0,0.0,0.0,1465.0,1465.0,1465.0,0.0,42.375,0.0
locals,78400,0.0,0.0,0.0,0.0,0.0,0.0,1465.0,1465.0,1465.0,0.0,54.15,0.0
locals,96300,0.0,0.0,0.0,0.0,0.0,0.0,1465.0,1465.0,1465.0,0.0,65.775,0.0
locals,118000,0.0,0.0,0.0,0.0,0.0,0.0,1465.0,1465.0,1465.0,0.0,77.1,0.0
locals,145000,0.0,0.0,0.0,0.0,0.0,0.0,1465.0,1465.0,1465.0,0.0,91.875,0.0
locals,179000,0.0,0.0,0.0,0.0,0.0,0.0,1465.0,1465.0,1465.0,0.0,106.35,0.0
locals,219000,0.0,0.0,0.0,0.0,0.0,0.0,1465.0,1465.0,1465.0,0.0,128.125,0.0
locals,270000,0.0,0.0,0.0,0.0,0.0,0.0,1465.0,1465.0,1465.0,0.0,148.925,0.0
locals,331000,0.0,0.0,0.0,0.0,0.0,0.0,1465.0,1465.0,1465.0,0.0,182.825,0.0
locals,407000,0.0,0.0,0.0,0.0,0.0,0.0,1465.0,1465.0,1465.0,0.0,219.25,0.0
locals,500000,0.0,0.0,0.0,0.0,0.0,0.0,1465.0,1465.0,1465.0,0.0,262.0,0.0
locals,614000,0.0,0.0,0.0,0.0,0.0,0.0,1465.0,1465.0,1465.0,0.0,297.775,0.0
locals,755000,0.0,0.0,0.0,0.0,0.0,0.0,1465.0,1465.0,1465.0,0.0,341.325,0.0
locals,927000,0.0,0.0,0.0,0.0,0.0,0.0,1465.0,1465.0,1465.0,0.0,401.625,0.0
locals,1140000,0.0,0.0,0.0,0.0,0.0,0.0,1465.0,1465.0,1465.0,0.0,561.35,0.0
locals,1400000,0.0,0.0,0.0,0.0,0.0,0.0,1465.0,1465.0,1465.0,0.0,860.425,0.0
methods,16000,0.0,0.0,0.0,0.0,0.0,0.0,3736.0,3736.0,3864.0,128.0,35.1,0.0
methods,19700,0.0,0.0,0.0,0.0,0.0,0.0,3736.0,3736.0,3864.0,128.0,41.5,0.0
methods,24200,0.0,0.0,0.0,0.0,0.0,0.0,3736.0,3736.0,3864.0,128.0,52.05,0.0
methods,29700,0.0,0.0,0.0,0.0,0.0,0.0,3736.0,3736.0,3864.0,128.0,60.725,0.0
methods,36500,0.0,0.0,0.0,0.0,0.0,0.0,3736.0,3736.0,3864.0,128.0,70.05,0.0
methods,44800,0.0,0.0,0.0,0.0,0.0,0.0,3736.0,3736.0,3864.0,128.0,76.65,0.0
methods,55000,0.0,0.0,0.0,0.0,0.0,0.0,3736.0,3736.0,3864.0,128.0,90.925,0.0
methods,67600,0.0,0.0,0.0,0.0,0.0,0.0,3736.0,3736.0,3864.0,128.0,107.65,0.0
methods,83100,0.0,0.0,0.0,0.0,0.0,0.0,3736.0,3736.0,3864.0,128.0,131.0,0.0
methods,102000,0.0,0.0,0.0,0.0,0.0,0.0,3736.0,3736.0,3864.0,128.0,159.325,0.0
methods,125000,0.0,0.0,0.0,0.0,0.0,0.0,3736.0,3736.0,3864.0,128.0,198.775,0.0
methods,154000,0.0,0.0,0.0,0.0,0.0,0.0,3736.0,3736.0,3864.0,128.0,208.75,0.0
methods,189000,0.0,0.0,0.0,0.0,0.0,0.0,3736.0,3736.0,3864.0,128.0,280.3,0.0
methods,233000,0.0,0.0,0.0,0.0,0.0,0.0,3736.0,3736.0,3864.0,128.0,306.125,0.0
methods,286000,0.0,0.0,0.0,0.0,0.0,0.0,3736.0,3736.0,3864.0,128.0,362.275,0.0
methods,351000,0.0,0.0,0.0,0.0,0.0,0.0,3736.0,3736.0,3864.0,128.0,406.7,0.0
methods,431000,0.0,0.0,0.0,0.0,0.0,0.0,3736.0,3736.0,3864.0,128.0,504.1,0.0
methods,530000,0.0,0.0,0.0,0.0,0.0,0.0,3736.0,3736.0,3864.0,128.0,595.45,0.0
methods,651000,0.0,0.0,0.0,0.0,0.0,0.0,3736.0,3736.0,3864.0,128.0,719.525,0.0
methods,800000,0.0,0.0,0.0,0.0,0.0,0.0,3736.0,3736.0,3864.0,128.0,882.725,0.0
properties,16000,0.0,0.0,0.0,0.0,0.0,0.0,2593.0,2593.0,2721.0,128.0,23.275,0.0
properties,19700,0.0,0.0,0.0,0.0,0.0,0.0,2593.0,2593.0,2721.0,128.0,32.275,0.0
properties,24200,0.0,0.0,0.0,0.0,0.0,0.0,2593.0,2593.0,2721.0,128.0,40.275,0.0
properties,29700,0.0,0.0,0.0,0.0,0.0,0.0,2593.0,2593.0,2721.0,128.0,50.775,0.0
properties,36500,0.0,0.0,0.0,0.0,0.0,0.0,2593.0,2593.0,2721.0,128.0,61.275,0.0
properties,44800,0.0,0.0,0.0,0.0,0.0,0.0,2593.0,2593.0,2721.0,128.0,81.625,0.0
properties,55000,0.0,0.0,0.0,0.0,0.0,0.0,2593.0,2593.0,2721.0,128.0,94.85,0.0
properties,67600,0.0,0.0,0.0,0.0,0.0,0.0,2593.0,2593.0,2721.0,128.0,106.4,0.0
properties,83100,0.0,0.0,0.0,0.0,0.0,0.0,2593.0,2593.0,2721.0,128.0,127.025,0.0
properties,102000,0.0,0.0,0.0,0.0,0.0,0.0,2593.0,2593.0,2721.0,128.0,152.1,0.0
properties,125000,0.0,0.0,0.0,0.0,0.0,0.0,2593.0,2593.0,2721.0,128.0,179.65,0.0
properties,154000,0.0,0.0,0.0,0.0,0.0,0.0,2593.0,2593.0,2721.0,128.0,208.975,0.0
properties,189000,0.0,0.0,0.0,0.0,0.0,0.0,2593.0,2593.0,2721.0,128.0,249.375,0.0
properties,233000,0.0,0.0,0.0,0.0,0.0,0.0,2593.0,2593.0,2721.0,128.0,297.75,0.0
properties,286000,0.0,0.0,0.0,0.0,0.0,0.0,2593.0,2593.0,2721.0,128.0,349.0,0.0
properties,351000,0.0,0.0,0.0,0.0,0.0,0.0,2593.0,2593.0,2721.0,128.0,398.575,0.0
properties,431000,0.0,0.0,0.0,0.0,0.0,0.0,2593.0,2593.0,2721.0,128.0,481.925,0.0
properties,530000,0.0,0.0,0.0,0.0,0.0,0.0,2593.0,2593.0,2721.0,128.0,611.0,0.0
properties,651000,0.0,0.0,0.0,0.0,0.0,0.0,2593.0,2593.0,2721.0,128.0,721.325,0.0
properties,800000,0.0,0.0,0.0,0.0,0.0,0.0,2593.0,2593.0,2721.0,128.0,926.4,0.0
recursion,12,0.0,0.0,0.0,0.0,0.0,0.0,1145.0,1145.0,1145.0,0.0,0.075,0.0
recursion,13,0.0,0.0,0.0,0.0,0.0,0.0,1145.0,1145.0,1145.0,0.0,0.225,0.0
recursion,14,0.0,0.0,0.0,0.0,0.0,0.0,1145.0,1145.0,1145.0,0.0,0.475,0.0
recursion,15,0.0,0.0,0.0,0.0,0.0,0.0,1145.0,1145.0,1145.0,0.0,1.0,0.0
recursion,16,0.0,0.0,0.0,0.0,0.0,0.0,1145.0,1145.0,1145.0,0.0,1.275,0.0
recursion,17,0.0,0.0,0.0,0.0,0.0,0.0,1145.0,1145.0,1145.0,0.0,1.925,0.0
recursion,18,0.0,0.0,0.0,0.0,0.0,0.0,1145.0,1145.0,1145.0,0.0,3.225,0.0
recursion,19,0.0,0.0,0.0,0.0,0.0,0.0,1145.0,1145.0,1145.0,0.0,5.1,0.0
recursion,20,0.0,0.0,0.0,0.0,0.0,0.0,1145.0,1145.0,1145.0,0.0,7.975,0.0
recursion,21,0.0,0.0,0.0,0.0,0.0,0.0,1145.0,1145.0,1145.0,0.0,12.425,0.0
recursion,22,0.0,0.0,0.0,0.0,0.0,0.0,1145.0,1145.0,1145.0,0.0,23.575,0.0
recursion,23,0.0,0.0,0.0,0.0,0.0,0.0,1145.0,1145.0,1145.0,0.0,46.05,0.0
recursion,24,0.0,0.0,0.0,0.0,0.0,0.0,1145.0,1145.0,1145.0,0.0,58.0,0.0
recursion,25,0.0,0.0,0.0,0.0,0.0,0.0,1145.0,1145.0,1145.0,0.0,90.25,0.0
recursion,26,0.0,0.0,0.0,0.0,0.0,0.0,1145.0,1145.0,1145.0,0.0,169.05,0.0
recursion,27,0.0,0.0,0.0,0.0,0.0,0.0,1145.0,1145.0,1145.0,0.0,225.625,0.0
recursion,28,0.0,0.0,0.0,0.0,0.0,0.0,1145.0,1145.0,1145.0,0.0,337.925,0.0
recursion,29,0.0,0.0,0.0,0.0,0.0,0.0,1145.0,1145.0,1145.0,0.0,532.925,0.0
recursion,30,0.0,0.0,0.0,0.0,0.0,0.0,1145.0,1145.0,1145.0,0.0,814.35,0.0
recursion,31,0.0,0.0,0.0,0.0,0.0,0.0,1145.0,1145.0,1145.0,0.0,1238.425,0.0
string_concat,2500,124.0,124.0,0.0,10.275,9.5,6.713887253393674,1049741.0,1049741.0,6381513.0,6322511.0,63.225,0.16251482799525505
string_concat,2820,160.0,160.0,0.0,10.675,10.0,6.370555263002933,1049741.0,1049741.0,8092233.0,8041347.0,76.475,0.13958810068649888
string_concat,3190,206.0,206.0,0.0,12.95,12.0,6.084659146006202,1049741.0,1049741.0,10325553.0,10259651.0,90.975,0.142346798571036
string_concat,3600,261.0,261.0,0.0,14.0,14.0,5.795665931516722,1049741.0,1049741.0,13120113.0,13035683.0,110.75,0.12641083521444696
string_concat,4060,327.0,327.0,0.0,13.475,12.0,7.168261599507538,1049741.0,1049741.0,16655673.0,16581071.0,128.075,0.10521178996681632
string_concat,4580,410.0,410.0,0.0,17.05,17.5,9.31486267567411,1049741.0,1049741.0,21161993.0,21091368.0,161.975,0.10526315789473685
string_concat,5170,508.0,508.0,0.0,25.375,24.5,11.231109496074755,1049741.0,1049741.0,26929833.0,26833776.0,211.025,0.12024641630138609
string_concat,5840,627.0,627.0,0.0,27.875,27.0,10.583459518730885,1049741.0,1049741.0,34323953.0,34243248.0,241.025,0.11565190332953013
string_concat,6590,777.0,777.0,0.0,25.225,23.0,11.960377963327122,1049741.0,1049741.0,43665953.0,43579248.0,289.35,0.08717815794021082
string_concat,7440,947.0,947.0,0.0,28.075,27.0,11.642952088423849,1049741.0,1049741.0,55613553.0,55520048.0,330.65,0.0849085135339483
string_concat,8400,1139.0,1139.0,0.0,32.05,31.0,11.471145517653392,1049741.0,1049741.0,70844913.0,70743728.0,393.8,0.08138649060436769
string_concat,9480,1406.0,1406.0,0.0,44.975,38.5,20.049282230262456,1049741.0,1049741.0,90183393.0,90054591.0,496.025,0.09067083312333049
string_concat,10700,1711.0,1711.0,0.0,47.525,45.0,19.90102110510013,1049741.0,1049741.0,114834713.0,114693711.0,595.55,0.07980018470321552
string_concat,12100,2061.0,2061.0,0.0,49.45,49.0,18.012744775823986,1049741.0,1049741.0,146791113.0,146636111.0,732.975,0.06746478392851052
string_concat,13600,2436.0,2436.0,0.0,50.625,48.0,20.98435009043522,1049741.0,1049741.0,185380113.0,185210111.0,849.65,0.05958335785323369
string_concat,15400,2886.0,2886.0,0.0,65.675,66.5,27.67335801072475,1049741.0,1049741.0,237626913.0,237438911.0,1155.85,0.05681965652982654
string_concat,17400,3427.0,3427.0,0.0,76.5,77.5,22.37901947853197,1049741.0,1049741.0,303278913.0,303175368.0,1544.5,0.04953059242473292
string_concat,19600,4160.0,4160.0,0.0,88.025,80.5,38.49507960566069,1049741.0,1049741.0,384736113.0,384584547.0,1918.525,0.04588160175134544
string_concat,22100,4993.0,4993.0,0.0,108.25,108.0,38.493922264197124,1049741.0,1049741.0,489051113.0,488840328.0,2535.15,0.04269964301915074
string_concat,25000,5960.0,5960.0,0.0,103.625,110.0,31.998146981605206,1049741.0,1049741.0,625716513.0,625532547.0,2949.225,0.03513634937992185
