benchmark,initial_n,final_n,initial_ms_per_million,final_ms_per_million,growth_factor,percent_change
arithmetic,40000,2000000,14.91044802771379,13.871870045760698,0.9303456220750239,-6.965437792497614
classes,12000,600000,33.26751373626374,27.063087574807962,0.8134989524422275,-18.650104755777257
closures,14000,700000,27.745220130393374,27.708750609889215,0.9986855566352415,-0.13144433647584877
control_flow,20000,1000000,20.158706061066106,15.741813029952098,0.7808940207901213,-21.910597920987875
gc_stress,6000,300000,59.428193151464924,43.4050242698692,0.7303776535699581,-26.962234643004194
globals,14000,700000,27.44780325741142,21.227532825380028,0.7733782053996688,-22.662179460033116
integrated,8000,400000,48.83499681939214,38.0547640459382,0.779251899752901,-22.074810024709905
locals,28000,1400000,19.20806777455713,16.610513860196548,0.8647675578383119,-13.523244216168806
methods,16000,800000,43.87143544587002,22.06808913935515,0.5030172574723127,-49.69827425276873
properties,16000,800000,27.445445176322984,21.849032899634118,0.7960895791365462,-20.391042086345376
recursion,12,31,13.42882721575649,23.688580718270934,1.764009644153909,76.40096441539089
string_concat,2500,25000,1404.3134467593623,6553.512939367409,4.666702405001177,366.6702405001177
