benchmark,n,mean,median,std,min,max,cv
arithmetic,40000,14.91044802771379,15.62472098712523,3.783685122474769,7.142729594114391,22.32102998160747,0.25376065933378394
arithmetic,49100,15.747516038463218,16.002094819685485,2.898025864304626,7.273679463493402,20.36630249778153,0.18403066599368526
arithmetic,60400,15.639597450361276,15.669161906789181,2.4724523805966867,9.460626056929318,21.877697756649045,0.15808925955057576
arithmetic,74200,15.594767089265602,15.88355907240015,1.8904077668193617,9.14507946592736,19.252798875636547,0.1212206476697297
arithmetic,91100,15.798841156961291,15.289201119639959,2.143935119785716,12.15295473612407,25.482001866066597,0.13570204918738957
arithmetic,112000,16.10321362746411,15.306024834025294,2.235046819530101,13.073896212396605,22.95903725103794,0.13879507974223343
arithmetic,138000,18.43287560623392,18.11584826165496,3.879749373786129,12.422295950849115,28.20896372171987,0.2104798761010471
arithmetic,169000,15.210206212146186,15.109826247564465,1.7947504098878255,11.411617026132603,19.864666675119718,0.11799645480510439
arithmetic,208000,15.891085538854606,15.195689575241843,3.080837294133326,12.87770302986597,30.219676443418805,0.19387204773396405
arithmetic,255000,14.537774403993264,14.425729899916247,1.1418768665033265,12.18483981837586,17.647009392130553,0.07854550736388326
arithmetic,314000,14.152037870705481,14.103698581213418,1.1892582382728945,12.28386650621814,19.56319480619926,0.08403441604227489
arithmetic,385000,14.009714267691527,13.775484646596203,1.3502567259605789,11.781054209546921,19.202190719497736,0.09638003317986796
arithmetic,473000,14.057287741939382,13.742051129490894,1.313140235308401,12.45845294706592,20.462065143362818,0.09341348483539233
arithmetic,581000,13.432796369810216,13.246848725290478,0.8154941413790205,12.60141062034593,16.78139072855824,0.060709186600328265
arithmetic,714000,13.310310814014793,13.255288860255241,0.5613355070975186,12.35492961691715,15.15604726285788,0.042172982655406734
arithmetic,878000,13.211834354186175,13.036923985580877,0.550242825004626,12.406433122003643,14.765689256679746,0.04164772356764231
arithmetic,1080000,12.961300951520537,12.946420008981477,0.3150511862956305,12.367716688018064,14.087292270309344,0.02430706512209106
arithmetic,1320000,13.336708151131953,13.09523100907413,0.7220651912788711,12.445880711103511,15.205619477478638,0.05414118559815571
arithmetic,1630000,13.575804743293276,13.190178268984106,0.857810005902015,12.664323985835239,16.126198016565287,0.06318667822073609
arithmetic,2000000,13.871870045760698,13.374995223215992,1.0271516820002167,12.732138309950603,16.821422563777656,0.07404565344195382
classes,12000,33.26751373626374,36.61320297349709,14.920730836554673,0.0,60.60116354234001,0.4485075426688744
classes,14700,31.486275900167378,32.98071452718023,7.4975971889847255,12.367767947692586,45.34848247487282,0.23812270504003522
classes,18100,30.67808187071846,31.808106714523916,9.48072416709743,8.370554398558925,46.87510463192998,0.30903901381613325
classes,22300,34.14038253534294,33.97052988591337,7.03166614300273,21.741139126984557,47.55874184027872,0.20596330857521533
classes,27300,34.825047839348585,33.298850523679924,7.782680716073135,26.639080418943937,71.0375477838505,0.22347939770177536
classes,33600,32.7146041961271,31.56474560618741,6.5829734690987225,19.840697238174943,62.227641337912324,0.20122430427808888
classes,41300,30.705860600528858,30.81591744855943,3.407354537984897,16.875383364687305,38.88675297080118,0.11096756356427316
classes,50700,28.868015195453797,28.688710753246006,3.6322777242770488,20.321170116882588,38.251614337661344,0.12582360441770407
classes,62300,28.72176706233475,28.21104978180212,5.554472981675415,21.8878834513982,55.4493047435421,0.1933889711458408
classes,76600,28.354336838840556,27.889511644761203,3.97052621698535,23.73575459128613,48.262701002281794,0.14003241336776437
classes,94100,28.499368183498575,27.533287906091843,3.477521997238775,23.185926657761552,38.96523785540483,0.12202102077660429
classes,116000,29.081522829485227,28.212930299433232,3.5638860062636177,24.55569859395115,42.058164613043985,0.12254812195220598
classes,142000,26.931100769264912,26.675020571775864,1.976748292318209,23.68741826773697,35.211027154744144,0.07340020407090714
classes,174000,28.13028558531196,27.864700161893907,2.6599560295576437,24.38161264165717,38.48811709861596,0.0945584438341615
classes,214000,26.943378336433476,26.621233095516985,1.750198686717177,24.638800843723168,33.701348280494905,0.06495839775038592
classes,263000,26.382550496414808,26.21260066790859,1.403531648113789,24.772347883957565,33.75952525581194,0.053199240471633644
classes,324000,25.813615222999708,25.626560040224348,1.416833980824026,23.943063395246106,30.957632749322112,0.054887080658180695
classes,397000,25.370138779906803,25.34151508064403,0.9037568881147315,24.120237245432268,29.31066804508225,0.03562285945516816
classes,488000,25.252992542488737,25.086885073253704,0.8220442250770431,24.21753757071521,28.626371333589006,0.032552348942167346
classes,600000,27.063087574807962,25.732281644797343,2.7982073844602002,23.838345311765153,33.7373192124134,0.10339571849388497
closures,14000,27.745220130393374,27.470514980587502,10.397481389614583,0.0,53.10966229580251,0.3747485635633761
closures,17200,21.950092421441774,22.360026235764117,7.426442394458352,1.4906684157176078,35.77604197722258,0.33833308087595526
closures,21100,31.624419763287722,30.378885459450263,9.422553950278218,9.721243347024084,55.89714924538848,0.2979518366125632
closures,26000,27.36578438720366,25.146937004457417,8.555662655073533,10.847698315648298,67.05849867855311,0.3126408705856132
closures,31900,30.683845869435913,29.73941839342839,5.4964726637846075,20.8979696818686,52.2449242046715,0.17913245579360793
closures,39200,28.354831113785615,28.125899374689308,3.847049112938512,18.968629810836976,40.553622354203185,0.13567526103402341
closures,48200,28.180589837432972,27.129968507958125,3.4400952066016415,21.278406672908332,35.64133117712146,0.12207321516145409
closures,59200,31.942447289548,32.26728573656035,5.056452360585131,22.95525025553958,46.34361844042896,0.15829884024696098
closures,72700,31.636417501957435,31.036842142388565,2.948881617653893,24.33570577073649,37.73797851404064,0.09321161656408906
closures,89300,28.8494116701218,27.708068934229946,5.5486407230472965,23.257550089871767,60.29735208485273,0.19233115692247565
closures,110000,27.435641625719107,27.272472983934883,2.347181392925515,22.377413730408108,34.032316714995666,0.08555226901364636
closures,135000,27.421444091592843,27.160287481196725,1.7272536901358648,24.31130627687539,33.04818197012748,0.06298915857117185
closures,166000,27.131435703208506,26.95380318935317,1.9477207255112428,23.787310551062397,33.51848304922429,0.07178833979953775
closures,204000,26.5584386202181,26.0179687382165,2.073373502655417,23.12708332285911,32.302502249863,0.07806835079066068
closures,250000,25.32040894191203,25.025538356765715,2.180185858978029,22.564009993805154,35.8972886265082,0.08610389603025881
closures,307000,25.24421533712407,24.80573020719884,2.5098197050918114,22.049537961954524,32.15557619451702,0.09942157724351518
closures,377000,24.10555912246719,23.668574662110693,1.4311288882325177,22.1042723137528,27.817376542538142,0.059369246776717885
closures,464000,23.480275242539253,22.96082457819501,1.7980612709684323,20.943808700688106,29.50921859147084,0.07657752102117107
closures,570000,27.59441728399949,26.810568042162767,2.6599713566543635,24.33643844095647,35.852387130207596,0.0963952718869964
closures,700000,27.708750609889215,26.868092500963368,4.086980481330035,22.307659622476745,45.64095876782598,0.1474978261874932
control_flow,20000,20.158706061066106,20.454154966132464,4.1525884550355645,9.99980909455365,28.181280175560286,0.20599479165261228
control_flow,24600,21.377991717829726,21.433422984168093,4.857716753182591,10.34716971649494,33.25875980301945,0.22722979863123186
control_flow,30200,21.43260079192256,21.07137718306993,2.6986078972443335,16.25506239836823,27.091770663947056,0.12591135921597416
control_flow,37100,21.79590408528018,21.56312039915296,1.889867099947033,18.13262397201499,26.463829580778633,0.08670744248793749
control_flow,45600,22.168820351615032,21.53086868682036,3.2288792239965245,17.9423905723503,37.878380097183964,0.14564957326479014
control_flow,56000,22.71088411410182,21.915434992164016,2.988322507582433,19.155713548706323,37.986753986417625,0.131581073311316
control_flow,68800,20.83103198769139,20.348740412968436,2.662196163991366,15.59189200474205,31.97659207752183,0.12779953319472606
control_flow,84500,19.903083816081736,19.58033110555068,2.287012730424383,16.783140947614868,27.541564631983373,0.11490745612880712
control_flow,104000,18.312869830373,18.356575963619715,1.2252117452099327,15.734207968816898,20.97894395842253,0.06690440966155098
control_flow,128000,18.73218844091516,17.968696400195398,2.8261456148590645,15.766998422305843,30.68172665962218,0.15087108608656477
control_flow,157000,17.721445398260894,17.486935174889037,1.1320945223718024,15.402399856028094,20.96116070632395,0.06388274189434352
control_flow,193000,20.27316392680634,20.160116544314853,2.7200161099709965,16.0150458529604,28.07343331871882,0.13416830839977745
control_flow,237000,18.411929641572662,17.29954222572765,3.0294562677172263,14.95969283377779,29.61252017352937,0.164537684354222
control_flow,291000,17.24458196790296,16.807219381760493,1.5889793901677765,15.182729776088475,21.180845243185157,0.09214368855825651
control_flow,357000,15.881057866638026,15.686252939708206,1.1425408302390139,14.36208873051206,19.81153374528082,0.07194362238545804
control_flow,439000,20.32821015084768,20.128375965592568,5.366860277314022,14.247245539431779,34.91403485389822,0.26401046808787665
control_flow,539000,15.160218641774616,14.201372972547397,2.665275019604904,12.649679013551719,23.646466635999346,0.17580716232288546
control_flow,662000,16.93146510407121,17.206801391298292,1.616291712319356,13.265578726252313,20.79097949435404,0.09546083002177495
control_flow,814000,19.355587482676462,17.634569635419847,3.3089011751480686,16.104527811447383,27.920471240373413,0.17095328044729122
control_flow,1000000,15.741813029952098,15.863631171902526,1.5085494135322892,13.381813802315483,19.05453921851444,0.09583072868810967
gc_stress,6000,59.428193151464924,59.02313243865066,21.02132626815094,13.887795867917802,115.73163223264835,0.3537264916430117
gc_stress,7370,69.67554468468401,67.83825851652804,17.383686323815574,39.57231746797469,122.48574454373119,0.24949480341323882
gc_stress,9060,62.35111611180432,62.082856853794105,14.33963824276607,35.25693105277196,99.6391529752251,0.22998206186162057
gc_stress,11100,63.15422016580876,63.18550011636142,12.981164984463613,41.2895347295035,111.35662396744883,0.2055470711281385
gc_stress,13700,64.39863183953513,62.345782890695176,14.615116903613595,46.63261809710533,138.8841017239876,0.2269476305029386
gc_stress,16800,61.05152467605903,57.45539559899937,12.877466414580217,43.81490599635923,99.20356074647373,0.21092784304582707
gc_stress,20600,57.661164725188335,55.62170230725563,9.240399340369272,45.84576675022282,101.80457028358303,0.16025342853216343
gc_stress,25400,58.32951487122396,56.32003779457293,9.119767372028367,44.837311642281364,76.55150768194379,0.15634910374554606
gc_stress,31200,56.500658376787385,52.972844962282444,11.919668216310582,44.069845808957666,100.60389043257003,0.21096512073932988
gc_stress,38300,52.10082266174554,49.861584242143806,7.777708661893052,44.24082383666578,88.84427737691078,0.14928187818431032
gc_stress,47000,58.835106266662805,53.78196554762748,13.411630920344141,44.91680639142515,102.24483560153355,0.2279528630331284
gc_stress,57800,50.17260047375622,48.65877201118599,6.328586400643384,39.88817853756481,69.92445755681543,0.1261363042952832
gc_stress,71000,45.25106836143891,44.894067605966626,4.267025260254241,35.211033416444415,56.14203661399748,0.09429667441598845
gc_stress,87200,45.07095240628475,44.03964428072351,3.476567074281861,39.97812193295334,56.70203748259518,0.07713542511688934
gc_stress,107000,43.19814787940967,41.92608703440301,3.227258103591628,38.55123173132414,55.94471675488452,0.07470825167321342
gc_stress,132000,51.72014325706326,51.4518361361081,5.622834856851757,42.61348391640855,66.28764164774663,0.10871653678344874
gc_stress,162000,51.87527745546695,50.71144339942768,6.906130310939884,41.3236106822048,68.758372960847,0.13312951081309488
gc_stress,199000,44.14073835949859,43.06243271058681,4.7153920724411655,38.107112252804534,60.51074418165116,0.1068263071187722
gc_stress,244000,41.93838650357803,41.66658602778205,1.7365676806089965,38.763586181584124,47.64335041701308,0.041407593982206226
gc_stress,300000,43.4050242698692,42.2453038731328,2.859123030888864,40.46289927136226,52.1295475738603,0.06587078521399661
globals,14000,27.44780325741142,26.5294752673865,6.900359863715098,8.162915466888153,40.81457733444077,0.2513993487566941
globals,17200,25.331342262147,26.57714597995751,6.212314489504444,3.322143247494689,34.882504098694234,0.24524221516629213
globals,21100,25.151620603882627,23.69600864430395,6.423865675340942,13.540576368173687,51.454190199060015,0.2554056367385447
globals,26000,26.565321020064374,26.373017765524093,4.824587882915246,16.48313610345256,37.3617751678258,0.18161225604129946
globals,31900,28.750019032333473,28.660455110114363,4.672843708648495,17.912784443821476,39.40812577640725,0.16253358661756778
globals,39200,29.937588418836157,29.154072714630463,3.983161890638825,22.594406353838608,37.9002945290196,0.1330488560038021
globals,48200,31.090306522562553,29.934422867290923,5.301729244128993,23.117673105432594,42.67878111772171,0.17052676017463753
globals,59200,30.079328346575636,29.43985606323488,6.2910720110668015,19.30482364802287,47.29681793765604,0.20914935129470752
globals,72700,28.885593791523043,28.492592515447896,2.5156489950661314,23.580076564508605,33.79810974246234,0.08709009110985942
globals,89300,29.17913525457036,28.475252605885547,4.718507497558968,23.995999386982202,50.87151870040227,0.16170827052936404
globals,110000,40.50627256318862,41.42834545577803,5.85656486961494,26.753100827242243,59.480195043091975,0.14458414707200884
globals,135000,25.12158147021992,25.50253215805813,8.030459213133819,13.333274074337448,43.59768983037324,0.3196637609241851
globals,166000,25.081664937183533,22.633308898539266,6.033837302400805,17.900107417856148,40.447358107655724,0.2405676544006315
globals,204000,28.154679096882212,27.450899654216702,6.237525475984321,18.627396193932764,43.83740608045831,0.221544896836528
globals,250000,31.542781440181688,30.68564064017675,5.0720607366454695,23.199944320133632,50.857020800292936,0.16079941289464972
globals,307000,26.098134196294268,25.546716009210222,3.7784276792625247,20.75379843371176,39.553203292948425,0.14477769371724022
globals,377000,22.79837220418217,21.712735432554446,3.4100485466516894,16.142452520537862,29.1018862342091,0.14957421153191564
globals,464000,20.95286699444539,20.566475868473322,1.9541399105716442,18.22657741637157,27.093561024336115,0.09326360498015317
globals,570000,20.221783225190592,19.774415275051588,1.70137923113628,18.295720089718202,26.065135470283465,0.08413596428117405
globals,700000,21.227532825380028,19.32651404666143,4.227119605123152,15.714272244909504,38.04078372014457,0.19913381549782036
integrated,8000,48.83499681939214,49.53867112514707,7.30404229930168,34.902245565444524,67.55273335247327,0.14956573717644395
integrated,9830,50.39625198492511,50.39625198492511,5.995998027924115,39.40070609730508,64.14068434445014,0.11897706261405473
integrated,12100,49.68802619061444,49.12973376150641,6.964150135265189,39.4526649903006,73.69460064225962,0.14015751216498606
integrated,14800,49.874719816056924,47.4707522349291,10.02871147935244,39.558960195774254,102.85329650901305,0.201078051492607
integrated,18200,44.93743649741387,43.799153414329595,6.533254971137186,34.64339818082567,66.81226792016379,0.1453855733740658
integrated,22400,44.49391340153455,43.02619732457475,5.9228440456800575,36.99448741926054,67.15303694583163,0.13311582625312038
integrated,27500,42.08106291573371,41.10662304669843,5.373375180059337,33.08182412523141,60.595420427404065,0.12769105169276232
integrated,33800,40.42035570978997,39.440993209486834,4.851380292908095,33.311649670174695,52.76565307755671,0.12002319642459433
integrated,41500,40.31119438992325,39.285643745193745,5.043012528347503,32.123067813749586,55.34717765206854,0.1251020369073491
integrated,51000,38.864660905171284,38.414286511587164,4.836031799567586,30.2015769815237,51.395666091364895,0.1244326256021472
integrated,62700,37.8545342908208,37.495383111590996,4.469546526744492,29.306736225151585,48.26991848848497,0.11807162894692631
integrated,77000,35.49197622809666,35.21122229616709,3.049082541912861,29.83010526751697,45.97345635346733,0.0859090663849567
integrated,94700,35.1574564197349,33.766376811649344,4.502957468238239,30.532413962082927,49.93619105948142,0.12807972836483694
integrated,116000,33.098865242774835,32.34176509939172,2.6023212068626616,29.895749251538565,42.2423054359402,0.07862267143526086
integrated,143000,36.23335382184169,37.51047364232557,4.632691328991214,25.762860990279023,49.25808629437212,0.12785709409540222
integrated,176000,37.80489770913605,38.256555369518665,4.149071108430908,27.17622863038717,45.49843173712654,0.1097495657931176
integrated,216000,37.21043118103189,36.1345271975391,3.7926419145238675,29.69161380801828,48.87439800982784,0.10192415927868033
integrated,265000,34.34688204343069,34.381722642252555,3.5111988205877567,28.382341479269282,42.11463603929897,0.10222758549518242
integrated,326000,37.338609672477936,34.92507686832583,7.699355369093869,28.431886153091202,58.63213062862928,0.2062035902415782
integrated,400000,38.0547640459382,36.694619807595885,7.445403571317397,25.964342827958305,55.419122029146045,0.19564971056789635
locals,28000,19.20806777455713,19.304590728198118,3.050758104103898,11.582754436918872,27.99165655588727,0.15882691272804184
locals,34400,17.696883227282974,17.284414250842417,2.285284114733425,14.14179347796198,23.5696557966033,0.12913483608290088
locals,42300,17.267013519065276,17.25104033357123,3.281871968945222,8.944983876666562,24.2792419509521,0.190065987110137
locals,51900,19.007219098037154,18.74684623368048,2.7352658832704946,13.018643217833667,26.55803216438068,0.1439066845687574
locals,63800,17.950769775605846,18.215530391765224,1.7758455515061045,14.402977519070177,23.298934222025288,0.0989286573057934
locals,78400,18.66711619426625,18.615406731124235,2.211553824660122,14.478649679763295,26.54419107956604,0.11847324469643672
locals,96300,18.45992967405279,18.242423851211424,2.3217162165566947,15.155244430237182,29.4685308365723,0.1257705883798729
locals,118000,17.659091580598634,17.178104650387777,1.9550737709767891,14.429607906325733,24.965512091896905,0.11071202400494676
locals,145000,17.124810089350966,16.588931678391685,1.9357537182852633,13.979436807633444,22.36709889221351,0.11303796703059549
locals,179000,16.057622025470845,16.080270293489846,1.3666385303822746,12.53204163717988,19.02454513595982,0.0851084007466667
locals,219000,15.812000039985076,15.549752234443861,2.126030053335879,12.95812686203655,23.941682011762772,0.13445674474826813
locals,270000,14.907373086128029,14.714680837071146,1.34171505921135,12.71268344427235,17.81777679590928,0.0900034534226473
locals,331000,14.928117633158687,14.411665594161128,2.1996014638157746,12.166221946345654,21.71956401159694,0.14734620384622157
locals,407000,14.559377457621256,14.31035731866536,1.6241405719600603,11.820155929106424,17.99585537521259,0.11155288587630423
locals,500000,14.162144555171633,13.972955601190332,2.0283592471727547,10.432419462397425,20.270245069425048,0.14322401803419332
locals,614000,13.107434568580198,12.963275897731066,1.1892771565842264,11.048496605536494,16.59475386568629,0.09073302257293277
locals,755000,12.218532986351935,11.956317344002187,1.081584831745967,10.918193981798405,15.39286364646988,0.0885200238812707
locals,927000,11.709517206947847,11.58925139062999,0.6371794723136673,10.874945330075438,13.615548174652089,0.05441552038845774
locals,1140000,13.308432762115848,13.311988947943437,1.4691894250705888,10.953052348975723,16.453286428980846,0.11039537497253801
locals,1400000,16.610513860196548,16.583004219901603,5.14844504089002,7.451734143052407,27.277980166147803,0.30995097949541095
methods,16000,43.87143544587002,42.49654715554361,12.74274141403078,27.49776580652822,83.74319586533593,0.29045645041072754
methods,19700,42.129199595965744,40.6064574418947,6.240962164036453,34.51548882561049,59.89452472679468,0.1481386360028089
methods,24200,43.01421824447447,42.146496262597466,6.962002818430468,31.40327172507262,60.32733778763951,0.16185352431285427
methods,29700,40.89046607387555,41.075643153666675,6.393595005169349,30.975075165060115,63.29689272860111,0.15635906408154499
methods,36500,38.38219460676743,36.7110212512979,9.785833101853877,27.944210206211835,92.05151597340368,0.25495762298408203
methods,44800,34.21775707401348,33.927586922700904,4.035570337553241,28.124183896449434,45.53439297520384,0.11793789782375996
methods,55000,33.06285487797561,32.726499191837284,3.041645536692597,28.726593735057172,45.817098868572195,0.09199585298723703
methods,67600,31.848499954882527,31.804122110077763,2.942206115078099,27.2184114802526,42.898583311267686,0.09238130898617236
methods,83100,31.5277859672472,31.768456089134585,4.448434357980495,20.456960360427576,44.04263230539113,0.14109567866902462
methods,102000,31.239797924144103,30.587845449028592,2.8203031203798163,26.07809900462053,42.548477323328235,0.09027917297122165
methods,125000,31.803669241839884,31.679670531426474,2.6744602027577637,23.83975206657851,39.83958566830905,0.08409281905244223
methods,154000,27.11016075838321,27.14262801677648,3.9409613094959166,18.831009868098516,37.142543601904656,0.14536842273343079
methods,189000,29.661171642734736,29.788154896289072,2.4412312265093417,24.973373199020322,34.39129783763392,0.08230393781856225
methods,233000,26.276677426263284,25.7938475021384,3.247283171752714,20.51490699837297,33.73371736552543,0.12358043290918837
methods,286000,25.333800930275494,23.915975207105703,3.587677027182156,21.957942149214006,37.06276859580708,0.14161621610023212
methods,351000,23.173703345258268,22.90589806932339,1.5062854463099775,20.398784847805405,28.034084204246536,0.06499977253822009
methods,431000,23.39204081286994,22.714548656813797,2.1096077856754563,20.97441469434083,29.65188272053936,0.09018485400875252
methods,530000,22.46975620625836,22.320699968094416,1.2204155271148285,20.339572751991362,27.433894973465158,0.05431369686044541
methods,651000,22.105178591809263,21.935440067477593,1.1988910553163992,19.754184822672396,24.45463626570331,0.05423575522527694
methods,800000,22.06808913935515,21.087465732868186,2.3914739552795856,19.1999688000507,29.374952265702568,0.10836796698517717
properties,16000,27.445445176322984,27.121170313874483,7.327522617748028,11.791813179945427,41.271346129809,0.2669850159351555
properties,19700,30.910428235131867,30.647055105320522,4.233278381159939,22.027570856949122,46.928303130022044,0.13695308097829978
properties,24200,31.399934198523987,31.18553365464828,4.697736770562266,21.05023521688759,45.219023799240006,0.1496097648122808
properties,29700,32.25558493303671,31.763254488465492,5.982688594281756,19.693217782848606,59.07965334854581,0.18547760354375672
properties,36500,31.67409821219035,32.04886314411753,3.875309864931744,23.2612716368595,40.83645465137557,0.12234949323483062
properties,44800,34.37643980953873,34.11322051543813,2.6953107336793902,29.05941006870655,45.06314315002321,0.07840575547126608
properties,55000,32.53808001657607,32.07496554085253,3.3101020927354035,26.757725264026707,39.10744461665442,0.10173009873505501
properties,67600,29.697062056253607,29.30631123972395,2.496255362596633,26.23612625270525,36.28400439203918,0.08405731711332608
properties,83100,28.84083130616895,28.381058163913554,2.6047787591015186,24.748282718932618,37.46299677636589,0.0903156615511414
properties,102000,28.135165701512715,28.57911308930779,2.3949537565934804,24.232128250481036,35.51579102360579,0.08512314382654279
properties,125000,27.116792849438326,26.86773797495142,2.364611107566864,23.697948663299847,37.13181765077556,0.08720098725155259
properties,154000,25.60326173118848,25.54506553871419,2.626037976045715,20.338037791014656,31.24216648619721,0.10256654029540388
properties,189000,24.895063874120176,24.508223282592493,2.3382340458678974,21.06409414512023,30.547928001927914,0.09392360098736777
properties,233000,24.111174255889885,23.686040201000143,2.8275897502582494,19.110787991234304,30.204762375976248,0.1172730004872129
properties,286000,23.024075794465855,22.166445464012973,2.5138986029588257,19.26369665324937,29.687203746445945,0.10918564659881266
properties,351000,21.425254767418195,21.179327299411074,1.5867432757076174,18.814123235517453,26.070999340645614,0.07405948227605717
properties,431000,21.09723020301233,20.640854989303968,1.3741389532282535,19.086771527755097,24.95288938261561,0.06513361896350021
properties,530000,21.751477373871158,20.914882090260726,2.410104322880938,17.550701056167725,28.052641850426305,0.11080186791247856
properties,651000,20.906125215727332,20.809756912476654,1.6886097017098638,17.882479129523812,25.186182112732887,0.08077105079422134
properties,800000,21.849032899634118,21.014128145049654,2.8156334164201566,17.900923975412667,27.499970165126708,0.12886764505111378
recursion,12,13.42882721575649,0.0,62.65146158017782,0.0,358.10205908683974,4.665445505670576
recursion,13,24.88662758544409,0.0,68.53850746977152,0.0,221.21446742616968,2.7540295379297968
recursion,14,32.46087610196132,0.0,61.878474790322706,0.0,205.01605959133465,1.9062478349616678
recursion,15,42.22794645496389,0.0,54.09506483850754,0.0,211.13973227481947,1.281025230440697
recursion,16,33.271574332611365,26.0953524177344,33.940681810889885,0.0,130.47676208867202,1.0201104844510676
recursion,17,31.043880726991244,32.2533825734974,26.17922052899083,0.0,112.88683900724088,0.8432972913154245
recursion,18,32.14168252987432,29.899239562673788,15.053607317611338,0.0,59.798479125347576,0.46835156509369574
recursion,19,31.413032096727505,30.797090290909313,17.9060989443395,0.0,73.91301669818236,0.5700213493941864
recursion,20,30.358169297708002,30.45333597262245,7.923623126236381,3.8066669965778064,45.680003958933675,0.2610046425571058
recursion,21,29.231373674589527,30.58413342210574,8.404987353243675,9.410502591417151,47.05251295708575,0.2875330953245631
recursion,22,34.27789595513558,31.260859513697348,7.664780383056331,23.263895452053838,55.251751698627864,0.22360708466728338
recursion,23,41.38116954597534,37.74178329926089,12.469754400303424,23.363961090018645,72.78772493428886,0.301338858643163
recursion,24,32.21161028616684,33.32235546844845,5.244655034332452,17.216550325365034,41.09757174441975,0.16281877831437538
recursion,25,30.977286183787122,31.406334468881127,4.642758129829821,18.878124544136195,38.78596497249801,0.14987620614293018
recursion,26,35.86107413516051,32.88060627595314,8.366307435244183,27.365149739341646,73.61013146939187,0.23329773680820443
recursion,27,29.580632181866115,29.564244019992508,2.116652825700761,25.56553252283166,34.6117978770644,0.07155536138265285
recursion,28,27.381217938937517,27.225240001429324,2.807198038242292,23.17386500121663,37.758815001982335,0.10252276010886682
recursion,29,26.687678617902503,26.190657066497177,2.637030618375019,20.83233908157328,32.04975243318966,0.09881079040745262
recursion,30,25.203920874018188,24.55861879232938,2.5978648370661337,20.736325886402877,31.352086750635994,0.10307383720380502
recursion,31,23.688580718270934,23.240507558147797,1.6784624819552623,20.065261258022254,27.83122510049798,0.07085534173268004
string_concat,2500,1404.3134467593623,1332.6818000088845,355.9326660472158,888.4545333392564,2798.6317800186575,0.25345671001625536
string_concat,2820,1505.9469890906225,1437.5172305147494,276.44413414535074,1240.597061951085,2481.19412390217,0.18356830363084933
string_concat,3190,1583.7714564256119,1514.5712196650534,248.85099183237656,1288.255979944988,2802.8271996100416,0.15712556936340066
string_concat,3600,1708.5248835271977,1689.2413069636852,218.55301804256263,1496.4055413285612,2853.969331399833,0.12791913079507894
string_concat,4060,1752.0040491368225,1744.1383272687476,104.19793769505604,1477.3877595688216,1997.20937867637,0.059473571277641905
string_concat,4580,1964.2380732943657,1952.4144454415366,134.96812906451578,1746.2588828793869,2498.120346341345,0.06871271405413244
string_concat,5170,2267.0870845061345,2239.9604649663734,293.13165401551964,1858.5763090608282,3427.0857953202553,0.12929880639295155
string_concat,5840,2292.37602480455,2306.4046717772153,175.74956341301888,1892.6784729223336,2748.663711932434,0.07666698722693344
string_concat,6590,2438.8496485224455,2456.971392929991,264.6640268588768,1803.745722425448,2992.1950068272618,0.10852002583235136
string_concat,7440,2468.605814457004,2407.7585820728373,218.6860216550667,2127.786653924833,3023.696823998447,0.08858685350831073
string_concat,8400,2604.118448373914,2549.2322545661345,209.59800839705528,2327.7036410046157,3213.818095250691,0.080487125509953
string_concat,9480,2906.4759583269856,2789.1387655131193,315.8927541000653,2466.8643283214774,3685.647654428051,0.10868583075495256
string_concat,10700,3091.8067510460905,3021.4617229599944,243.75027963590742,2777.460518528517,3758.6568512423296,0.07883748864751533
string_concat,12100,3365.0182258908653,3289.383074253289,273.2866179840766,2970.31521150297,4219.041235504219,0.08121400825748154
string_concat,13600,3470.480594064259,3463.741003667971,106.43519635554364,3316.6953950216894,3712.901618318615,0.03066871964003637
string_concat,15400,4169.402139801315,4074.3519634083877,511.2779201394996,3412.4275851122925,5389.18267669954,0.12262619507454457
string_concat,17400,4931.0074005018805,4841.613935164197,381.08749222919914,4504.792128266852,6538.493464699159,0.07728390190418531
string_concat,19600,5437.656948829722,5189.585683432439,908.0759856551297,4378.978635119125,8168.424871464931,0.1669976598745464
string_concat,22100,6372.573663598292,6200.0090492732925,1179.268236270135,4916.771822573915,9466.545339372886,0.1850536845115507
string_concat,25000,6553.512939367409,6768.557981609788,659.5868148935552,5306.407242312598,7650.737075076329,0.1006462977941756
