benchmark,opcode,total_count,percentage
arithmetic,OP_ADD,845744000,7.142847
arithmetic,OP_CALL,800,0.000007
arithmetic,OP_CLOSURE,800,0.000007
arithmetic,OP_CONSTANT,1268618400,10.714292
arithmetic,OP_DEFINE_GLOBAL,1600,0.000014
arithmetic,OP_DIVIDE,422872000,3.571424
arithmetic,OP_GET_GLOBAL,1600,0.000014
arithmetic,OP_GET_LOCAL,2960106400,24.999986
arithmetic,OP_JUMP,422872000,3.571424
arithmetic,OP_JUMP_IF_FALSE,422872800,3.571431
arithmetic,OP_LESS,422872800,3.571431
arithmetic,OP_LOOP,845744000,7.142847
arithmetic,OP_MULTIPLY,422872000,3.571424
arithmetic,OP_NEGATE,422872000,3.571424
arithmetic,OP_NIL,800,0.000007
arithmetic,OP_POP,1691489600,14.285708
arithmetic,OP_PRINT,800,0.000007
arithmetic,OP_RETURN,1600,0.000014
arithmetic,OP_SET_LOCAL,1268616000,10.714271
arithmetic,OP_SUBTRACT,422872000,3.571424
classes,OP_ADD,126840000,3.030284
classes,OP_CALL,253680800,6.060588
classes,OP_CLASS,1600,0.000038
classes,OP_CLOSURE,1600,0.000038
classes,OP_CONSTANT,126841600,3.030323
classes,OP_DEFINE_GLOBAL,3200,0.000076
classes,OP_GET_GLOBAL,253683200,6.060645
classes,OP_GET_LOCAL,1268402400,30.302902
classes,OP_GET_PROPERTY,800,0.000019
classes,OP_JUMP,126840000,3.030284
classes,OP_JUMP_IF_FALSE,126840800,3.030304
classes,OP_LESS,126840800,3.030304
classes,OP_LOOP,253680000,6.060569
classes,OP_METHOD,800,0.000019
classes,OP_NIL,2400,0.000057
classes,OP_POP,761043200,18.181783
classes,OP_PRINT,800,0.000019
classes,OP_RETURN,126841600,3.030323
classes,OP_SET_LOCAL,380520000,9.090853
classes,OP_SET_PROPERTY,253680000,6.060569
closures,OP_ADD,9162314,7.692166
closures,OP_CALL,9162471,7.692298
closures,OP_CLOSURE,3054628,2.564495
closures,OP_CONSTANT,9162785,7.692561
closures,OP_DEFINE_GLOBAL,628,0.000527
closures,OP_GET_GLOBAL,3054471,2.564363
closures,OP_GET_LOCAL,24432785,20.512398
closures,OP_GET_UPVALUE,9162314,7.692166
closures,OP_JUMP,3054000,2.563967
closures,OP_JUMP_IF_FALSE,3054157,2.564099
closures,OP_LESS,3054157,2.564099
closures,OP_LOOP,6108000,5.127935
closures,OP_NIL,157,0.000132
closures,OP_POP,18324471,15.384200
closures,OP_PRINT,157,0.000132
closures,OP_RETURN,9162628,7.692429
closures,OP_SET_LOCAL,6108000,5.127935
closures,OP_SET_UPVALUE,3054157,2.564099
