benchmark,n_min,n_max,exec_ms_initial,exec_ms_final,exec_ms_growth_factor,exec_ms_percent_change,exec_ms_slope_per_n,opcodes_initial,opcodes_final,opcodes_growth_factor,opcodes_percent_change,opcodes_slope_per_n,bytes_allocated_initial,bytes_allocated_final,bytes_allocated_growth_factor,bytes_allocated_percent_change,bytes_allocated_slope_per_n,bytes_freed_initial,bytes_freed_final,bytes_freed_growth_factor,bytes_freed_percent_change,bytes_freed_slope_per_n,peak_heap_bytes_initial,peak_heap_bytes_final,peak_heap_bytes_growth_factor,peak_heap_bytes_percent_change,peak_heap_bytes_slope_per_n,gc_count_initial,gc_count_final,gc_count_growth_factor,gc_count_percent_change,gc_count_slope_per_n,gc_ms_initial,gc_ms_final,gc_ms_growth_factor,gc_ms_percent_change,gc_ms_slope_per_n
arithmetic,40000,2000000,16.700000,776.825000,46.516467,4551.646707,0.000388,1120020.000000,56000020.000000,49.999125,4899.912502,28.000000,1145.000000,1145.000000,1.000000,0.000000,0.000000,0.000000,0.000000,,,0.000000,1145.000000,1145.000000,1.000000,0.000000,0.000000,0.000000,0.000000,,,0.000000,0.000000,0.000000,,,0.000000
classes,12000,600000,13.175000,535.850000,40.671727,3967.172676,0.000889,396032.000000,19800032.000000,49.996041,4899.604072,33.000000,2210221.000000,110402221.000000,49.950761,4895.076103,184.000000,2206656.000000,110399024.000000,50.030011,4903.001102,184.000626,1048657.000000,1048657.000000,1.000000,0.000000,0.000000,486.000000,45717.000000,94.067901,9306.790123,0.076923,2.675000,119.425000,44.644860,4364.485981,0.000199
closures,14000,700000,15.150000,756.450000,49.930693,4893.069307,0.001081,546040.000000,27300040.000000,49.996411,4899.641052,39.000000,842705.000000,42002705.000000,49.842715,4884.271483,60.000000,128.000000,41997728.000000,328107.250000,32810625.000000,61.220991,842577.000000,1048585.000000,1.244498,24.449754,0.300303,0.000000,15513.000000,,,0.022614,0.000000,120.750000,,,0.000176
control_flow,20000,1000000,22.175000,865.800000,39.043968,3804.396843,0.000861,1100021.000000,55000018.000000,49.999062,4899.906184,54.999997,2169.000000,2169.000000,1.000000,0.000000,0.000000,0.000000,0.000000,,,0.000000,2169.000000,2169.000000,1.000000,0.000000,0.000000,0.000000,0.000000,,,0.000000,0.000000,0.000000,,,0.000000
gc_stress,6000,300000,25.675000,937.550000,36.516066,3551.606621,0.003102,432034.000000,21600034.000000,49.996144,4899.614382,72.000000,2810251.000000,140402251.000000,49.960751,4896.075119,468.000000,1659968.000000,93427904.000000,56.282955,5528.295485,312.135837,1248563.000000,70074515.000000,56.124132,5512.413230,234.101878,4.000000,18.000000,4.500000,350.000000,0.000048,6.800000,335.200000,49.294118,4829.411765,0.001117
globals,14000,700000,13.450000,520.075000,38.667286,3766.728625,0.000739,490021.000000,24500021.000000,49.997900,4899.790009,35.000000,2232.000000,2232.000000,1.000000,0.000000,0.000000,256.000000,256.000000,1.000000,0.000000,0.000000,2104.000000,2104.000000,1.000000,0.000000,0.000000,0.000000,0.000000,,,0.000000,0.000000,0.000000,,,0.000000
integrated,8000,400000,43.375000,1689.900000,38.960231,3796.023055,0.004200,888195.000000,44407055.000000,49.996966,4899.696576,111.017500,2502685.000000,124927225.000000,49.917279,4891.727884,312.307500,2494815.000000,124917323.000000,50.070776,4907.077599,312.302316,1048692.000000,1048692.000000,1.000000,0.000000,0.000000,246.000000,20299.000000,82.516260,8151.626016,0.051156,5.950000,164.225000,27.600840,2660.084034,0.000404
locals,28000,1400000,19.900000,860.425000,43.237437,4223.743719,0.000613,1036023.000000,51800023.000000,49.998912,4899.891219,37.000000,1465.000000,1465.000000,1.000000,0.000000,0.000000,0.000000,0.000000,,,0.000000,1465.000000,1465.000000,1.000000,0.000000,0.000000,0.000000,0.000000,,,0.000000,0.000000,0.000000,,,0.000000
methods,16000,800000,35.100000,882.725000,25.148860,2414.886040,0.001081,800065.000000,40000065.000000,49.996019,4899.601907,50.000000,3864.000000,3864.000000,1.000000,0.000000,0.000000,128.000000,128.000000,1.000000,0.000000,0.000000,3736.000000,3736.000000,1.000000,0.000000,0.000000,0.000000,0.000000,,,0.000000,0.000000,0.000000,,,0.000000
properties,16000,800000,23.275000,926.400000,39.802363,3880.236305,0.001152,848046.000000,42400046.000000,49.997342,4899.734213,53.000000,2721.000000,2721.000000,1.000000,0.000000,0.000000,128.000000,128.000000,1.000000,0.000000,0.000000,2593.000000,2593.000000,1.000000,0.000000,0.000000,0.000000,0.000000,,,0.000000,0.000000,0.000000,,,0.000000
recursion,12,31,0.075000,1238.425000,16512.333333,1651133.333333,65.176316,5585.000000,52279409.000000,9360.682005,935968.200537,2751253.894737,1145.000000,1145.000000,1.000000,0.000000,0.000000,0.000000,0.000000,,,0.000000,1145.000000,1145.000000,1.000000,0.000000,0.000000,0.000000,0.000000,,,0.000000,0.000000,0.000000,,,0.000000
string_concat,2500,25000,63.225000,2949.225000,46.646501,4564.650059,0.128267,45022.000000,450022.000000,9.995602,899.560215,18.000000,6381513.000000,625716513.000000,98.051436,9705.143592,27526.000000,6322511.000000,625532547.000000,98.937360,9793.736001,27520.446044,1049741.000000,1049741.000000,1.000000,0.000000,0.000000,124.000000,5960.000000,48.064516,4706.451613,0.259378,10.275000,103.625000,10.085158,908.515815,0.004149
